date,station,origin,actual,SNAIVE,SARIMA,SVR,SARIMA+SVR,XGB,SARIMA+XGB,ANN,SARIMA+ANN
2012-01-01,Dhaka,2011,24.05,23.45,24.368450981773847,24.438956094343705,24.34790344157794,25.163752,24.160978329576963,24.59202536174578,24.1143186996498
2012-02-01,Dhaka,2011,28.51,28.73,28.152264961009465,28.185231013014516,28.10899705462244,27.915167,28.22741390109583,27.351114547018977,27.825495497215634
2012-03-01,Dhaka,2011,33.0,32.08,32.46861177496765,32.602669035588164,32.54279221061559,32.768837,32.40229791961763,33.237797602112536,32.610210385798496
2012-04-01,Dhaka,2011,33.51,33.47,34.2678449176615,34.25770082890449,34.16275521511568,35.000256,34.18443343270476,34.54831961150851,34.33764077189405
2012-05-01,Dhaka,2011,34.63,33.4,33.58991886479078,33.2692822916894,33.59826449752282,33.70114,33.501296227697715,33.40999104905528,33.63951799310705
2012-06-01,Dhaka,2011,33.2,32.63,32.98709722401873,32.41552933368991,33.024747391663304,32.260746,32.98287950249688,33.07639595485576,33.28620848237261
2012-07-01,Dhaka,2011,32.56,32.32,32.29879046942162,31.98651632716738,32.32421799584547,31.850136,32.1161371168034,31.542677559098475,32.16088506176761
2012-08-01,Dhaka,2011,32.55,31.12,32.51105676763027,32.4827841552337,32.483744371606264,31.963974,32.49690859191387,32.526260825370564,32.85537206906736
2012-09-01,Dhaka,2011,32.91,32.42,32.465552052919776,32.51383885106646,32.35286987097714,32.068127,32.28536807603112,32.721985484967654,32.42446653396609
2012-10-01,Dhaka,2011,32.34,32.65,32.24141899057995,32.21433728502782,32.21510531037328,32.08129,32.23457491332065,32.167499988753015,32.051108614325976
2012-11-01,Dhaka,2011,28.74,29.71,30.075550892773894,29.99671423962586,30.052054672339608,29.836514,30.039453783456114,29.700185005911578,29.88489679615742
2012-12-01,Dhaka,2011,23.96,24.98,26.146850446839164,25.95174697086465,26.176724463850093,26.434418,26.116311450157593,25.55141798824652,26.031177886808912
2013-01-01,Dhaka,2011,24.23,24.05,23.90383732607693,24.684348756525594,23.968446830298646,25.056175,23.964442971256677,24.31695989557417,23.868245008246035
2013-02-01,Dhaka,2011,28.91,28.51,28.099405606270317,29.23223596993602,28.211010573416527,28.505459,28.33369687664557,28.55882267500924,28.130390635707126
2013-03-01,Dhaka,2011,33.39,33.0,32.623374098243886,32.12530366569005,32.65205527217749,33.168438,32.65415054120379,33.81993051874081,32.75164467056866
2013-04-01,Dhaka,2011,34.22,33.51,34.37913216555087,34.40603690330738,34.325698516155185,34.19514,34.3721971465048,35.25661904822469,34.49998068932169
2013-05-01,Dhaka,2011,31.73,34.63,33.97555186384933,33.58855958114246,33.98846660185613,33.73395,33.87540133827942,34.13772827614937,34.414248371058726
2013-06-01,Dhaka,2011,33.7,33.2,32.1452621676842,32.20206523735802,32.27828098459533,32.270485,32.20952329122222,32.5590654249688,32.42137286554973
2013-07-01,Dhaka,2011,32.68,32.56,32.20293012515918,32.161082294245794,32.29809983493542,32.01238,32.21943717518166,31.987852939366746,32.40971001103637
2013-08-01,Dhaka,2011,32.04,32.55,32.52046115881531,32.16879504243609,32.3622380795212,32.450867,32.569677161041184,32.778142267376865,32.7791960826899
2013-09-01,Dhaka,2011,32.63,32.91,32.33975924106356,32.18250852785664,32.23635022721222,31.979668,32.354941969942715,32.6003438742045,32.12941240444726
2013-10-01,Dhaka,2011,31.51,32.34,32.10728673634815,31.891077190750604,31.98615007506886,31.686842,31.873145818689345,31.76076257092079,31.81456001483093
2013-11-01,Dhaka,2011,30.18,28.74,29.64771066906243,29.006899402781148,29.65923023737686,29.793922,29.442895087621505,28.737359211162644,29.640430421228125
2013-12-01,Dhaka,2011,26.25,23.96,26.346329181686453,26.435234212862913,26.412030139531904,26.758465,26.37099185515981,25.92597143236489,26.70008961250803
2014-01-01,Dhaka,2011,24.29,24.23,24.826647986733683,25.209851825433773,24.80135975909022,24.861856,24.791730326676138,25.216330412208613,24.66285478544489
2014-02-01,Dhaka,2011,27.17,28.91,28.493307795382695,28.939598512958955,28.524655458186476,28.604633,28.643731754280285,28.03055644593111,28.359291761237554
2014-03-01,Dhaka,2011,32.4,33.39,32.22237562232605,32.127749152407816,32.199140360849164,32.228912,32.299923567408236,32.47830301171862,32.39189072512865
2014-04-01,Dhaka,2011,36.44,34.22,33.88578157386189,33.36078868283631,33.78286046791712,34.080975,33.925340781718546,33.860507341397856,33.9381651417746
2014-05-01,Dhaka,2011,35.18,31.73,34.3757244769427,34.43461976547069,34.36289000318208,33.245354,34.334774186083955,34.86061987510701,35.1614562107505
2014-06-01,Dhaka,2011,33.23,33.7,33.62414199597116,32.84388289650272,33.446558997972474,32.9063,33.54834522045131,33.363858451383635,34.01530091691219
2014-07-01,Dhaka,2011,32.87,32.68,32.54656586009956,32.080295392631434,32.501667171261104,31.855537,32.659189238734015,32.19276990094764,32.68257987445141
2014-08-01,Dhaka,2011,32.16,32.04,32.652925510670464,32.5548055524754,32.74992008164402,32.05199,32.76933644410543,32.43649424197997,32.8192584552834
2014-09-01,Dhaka,2011,32.86,32.63,32.4670372256055,32.400166196016535,32.648556598624246,32.049076,32.37277385080005,32.13891979213419,32.35773285833303
2014-10-01,Dhaka,2011,32.2,31.51,32.17577521415347,32.22290329161771,32.12218296574535,31.990608,32.176073219682216,32.165877540760576,32.31773103117385
2014-11-01,Dhaka,2011,30.22,30.18,29.966337626974386,30.422105776924578,29.863297687716074,30.219015,30.010476162831587,30.65458995753503,29.764667102686097
2014-12-01,Dhaka,2011,24.52,26.25,26.450242098009895,26.670832005106153,26.410781268527963,26.89545,26.393133032656024,26.50713059948941,26.442692534872794
2015-01-01,Dhaka,2014,24.77,24.29,24.197627855091785,24.302145949415628,24.212872286505274,24.602955,24.255299558490012,24.138908739327853,24.550961715165116
2015-02-01,Dhaka,2014,28.42,27.17,28.40571635702762,28.67528291762912,28.599718894206777,28.225,28.418004265261324,28.127896325199004,28.70193569162706
2015-03-01,Dhaka,2014,32.11,32.4,32.672032027234785,32.725107348653445,32.863221181997,32.123886,32.69572813502466,34.08938394861074,33.0772064725091
2015-04-01,Dhaka,2014,32.82,36.44,34.175280947894564,33.64368872696598,34.12836521944044,33.60198,34.15030487319898,35.019125012863064,34.187753959725256
2015-05-01,Dhaka,2014,34.07,35.18,33.28921152434086,33.24508640181659,33.30727467844187,33.418564,33.33651926896309,33.71016658870164,33.14805135243098
2015-06-01,Dhaka,2014,32.75,33.23,32.869918933519386,32.88125822687632,33.09555015813163,33.052418,32.88702281043794,33.433581579133765,33.00213349542353
2015-07-01,Dhaka,2014,31.73,32.87,32.18886445953218,32.42467190325775,32.27633134874802,32.127266,32.18401849387852,31.757106878306516,32.28175137939743
2015-08-01,Dhaka,2014,32.62,32.16,32.09927504945523,31.952740932748153,32.04762941778662,32.160564,32.098646790422265,32.278614368038895,31.93606962284704
2015-09-01,Dhaka,2014,32.86,32.86,32.50564813944787,32.412338407685745,32.54225698453581,32.07568,32.52517610001654,32.90608377155995,32.37018197658278
2015-10-01,Dhaka,2014,32.39,32.2,32.174115192725715,32.11858890945895,32.23091808060723,32.10613,32.16620090196228,32.35237107258714,32.19486712843031
2015-11-01,Dhaka,2014,30.23,30.22,30.039401001866,29.924954578063968,29.911722792656757,30.475983,30.089565381045478,29.744807977030057,30.052427743165918
2015-12-01,Dhaka,2014,25.94,24.52,26.256286975278307,26.465171060255216,26.19743434818019,27.140585,26.231171023382593,26.228758659785093,25.996384755781104
2016-01-01,Dhaka,2014,24.87,24.77,24.73751770384769,24.41436554589578,24.770460057854166,25.017233,24.75712751463215,24.527377130080673,24.428020527120644
2016-02-01,Dhaka,2014,29.8,28.42,28.591962908188815,28.388608515389418,28.574995942649654,28.625261,28.576507532763298,28.00132634299354,28.636232707031276
2016-03-01,Dhaka,2014,33.11,32.11,33.14153765009305,33.23718557216058,33.087429308602914,33.428684,33.19591973589322,32.855699742013826,33.195326823612184
2016-04-01,Dhaka,2014,35.14,32.82,34.54641100724228,34.83377810786729,34.56109079454048,34.479156,34.54578274820931,34.49236002469629,34.54441834757595
2016-05-01,Dhaka,2014,33.68,34.07,34.28511598763677,34.00201536384531,34.29222453087542,33.923515,34.30847565328392,33.95161820859314,34.39855871182596
2016-06-01,Dhaka,2014,33.93,32.75,33.01120290591426,32.72551106945397,33.17332976258403,33.028206,33.0033932417915,33.1878607704781,33.04152363479934
2016-07-01,Dhaka,2014,32.23,31.73,32.591428998984235,32.48609239563447,32.85340571339997,32.139084,32.58658303333058,32.57313804025852,32.8237190665112
2016-08-01,Dhaka,2014,33.28,32.62,32.45140882428693,32.34070584824272,32.46080784207837,32.545467,32.481450191102496,32.50273254324477,32.163093303626155
2016-09-01,Dhaka,2014,32.87,32.86,32.854459970393144,32.63035988076354,32.9328968078999,32.282955,32.82934401849743,33.092563673206016,32.78327081298956
2016-10-01,Dhaka,2014,33.07,32.39,32.29767688797358,32.204908597324504,32.389397925852776,32.34871,32.31666791872624,32.485660912956284,32.23117845780371
2016-11-01,Dhaka,2014,29.6,30.23,30.32017854798685,30.477592987186508,30.486783525908564,30.63275,30.331042416506513,29.89518102376473,30.381945814298366
2016-12-01,Dhaka,2014,27.76,25.94,26.102897509939762,26.18041912033257,26.136233124314188,27.400875,26.170538365848156,26.15450738580557,25.9269238015806
2017-01-01,Dhaka,2014,26.37,24.87,25.32409306606368,25.870899348614607,25.435879831657285,26.253647,25.334956934583342,24.994130089318176,25.332851451216435
2017-02-01,Dhaka,2014,29.57,29.8,29.377840470968007,29.669429848238813,29.43054130997784,29.454355,29.43216628998351,29.263415899786903,29.651799244370004
2017-03-01,Dhaka,2014,30.48,33.11,33.26997147512657,33.65512509697377,33.263252749246504,33.53119,33.280216565477076,32.61144188251344,33.464191545347006
2017-04-01,Dhaka,2014,32.79,35.14,33.77087505342,33.532627394662775,33.78356793258659,33.37149,33.83851590932839,33.64234871198805,33.63592994862626
2017-05-01,Dhaka,2014,34.5,33.68,33.207985302372485,34.07698744015604,33.396030532872395,33.120373,33.24001470388344,33.838817601973076,33.42188283815517
2017-06-01,Dhaka,2014,33.04,33.93,33.06911352656386,33.1050211577675,33.25757402847391,33.231422,33.123439345579364,33.46344735722444,34.117710603855954
2017-07-01,Dhaka,2014,31.98,32.23,32.261442697857994,32.44025171855303,32.12938681803716,32.52135,32.35096777907528,32.060812082591006,32.24745291950348
2017-08-01,Dhaka,2014,32.59,33.28,32.36117882590383,32.00068315567635,32.42058902348904,32.429344,32.419722355265314,31.957590960296066,32.143812252719286
2017-09-01,Dhaka,2014,33.08,32.87,32.58347676707317,32.28715031112695,32.732938584981866,32.273277,32.62214795885493,31.88833623357325,33.25472354224081
2017-10-01,Dhaka,2014,31.99,33.07,32.36274855552054,32.15094021605722,32.557333447522566,32.269382,32.41476350990868,31.552582180268892,32.88259655899252
2017-11-01,Dhaka,2014,30.19,29.6,29.90056722989953,30.148900417609866,29.77737589310385,29.86184,29.9207120687393,29.74869969835145,29.735597301898427
2017-12-01,Dhaka,2014,26.76,27.76,26.350142018609493,27.421810174731046,26.328857555482504,27.174778,26.32502606671378,27.548369456771347,25.978385497344764
2018-01-01,Dhaka,2017,23.6,26.37,25.147586356174248,25.365017365900467,25.08136120969196,25.874952,25.146488553170162,25.497151852219073,25.008336019564332
2018-02-01,Dhaka,2017,29.22,29.57,28.384722858866336,27.876567557706665,28.327870386588835,28.595036,28.369741807890716,28.071198116837436,28.196608897506497
2018-03-01,Dhaka,2017,33.32,30.48,32.64442111768618,32.47941358734238,32.626933024680916,32.83232,32.646256713968214,32.61824540745723,32.81697367954713
2018-04-01,Dhaka,2017,33.03,32.79,34.51494433208625,34.862196148376626,34.67998123651136,33.978848,34.49996328111063,34.92543675165075,34.59485802119404
2018-05-01,Dhaka,2017,32.33,34.5,33.64774934060883,33.45629337678907,33.65488882980092,33.44866,33.63276828963321,33.279380835036946,33.628595214258866
2018-06-01,Dhaka,2017,33.54,33.04,32.45597593110918,32.49633219244039,32.49248225183383,32.522877,32.471282213897695,32.39752094918659,32.319102552092005
2018-07-01,Dhaka,2017,32.79,31.98,32.23769142043212,32.18674873126325,32.449235512705975,32.2441,32.27076408204058,32.230313500320165,32.57281131231211
2018-08-01,Dhaka,2017,33.8,32.59,32.65841444577735,32.58616541119776,32.606816784523254,32.358864,32.65856239009362,32.57066239787317,32.5822047820027
2018-09-01,Dhaka,2017,34.13,33.08,33.10756924246515,32.29046123495415,32.914443652360745,32.38069,33.10771718678142,32.51694532746828,32.73885159114501
2018-10-01,Dhaka,2017,31.99,31.99,32.82991088976123,32.507206950492375,32.95548941982005,32.124718,32.88112999548175,33.06439163767338,32.806090501675854
2018-11-01,Dhaka,2017,30.29,30.19,30.09902618873115,29.959660430923037,30.29922656712929,30.228312,30.087873929656997,29.80571749644031,30.393354269531123
2018-12-01,Dhaka,2017,26.14,26.76,26.510977677676756,26.9201109749233,26.52264144945952,26.826782,26.476244695160467,26.771273404178256,26.521019128350428
2019-01-01,Dhaka,2017,27.17,23.6,24.84983345852985,25.25665561363538,24.89493774068701,24.528742,24.86238498506888,24.827747476506623,24.974390656420546
2019-02-01,Dhaka,2017,28.35,29.22,29.579101195213838,30.359099053566,29.528516522039528,29.617006,29.57800339220975,29.394483123645163,29.477402079417356
2019-03-01,Dhaka,2017,31.51,33.32,32.75327769786233,32.44273446885596,32.640311552831136,32.90496,32.73829664688671,32.21935112904518,32.48742070492409
2019-04-01,Dhaka,2017,33.68,33.03,33.823479739267604,33.80130941427073,33.85328678411424,32.832157,33.83919858305551,33.27506569253192,33.76985418683451
2019-05-01,Dhaka,2017,34.59,32.33,33.59219607801025,34.27304437892527,33.822624319312446,33.627834,33.60750236079876,34.78347065874966,34.552060761717144
2019-06-01,Dhaka,2017,33.58,33.54,33.30748225119834,33.45478357092218,33.39230495392073,32.94108,33.30778602720176,33.56571538988876,33.58873623556248
2019-07-01,Dhaka,2017,32.97,32.79,32.5275750141089,32.52139295404807,32.452281998353534,32.391003,32.543007784472884,32.55883334809314,32.55028276571916
2019-08-01,Dhaka,2017,33.75,33.8,32.89006799779525,32.55883756553391,32.83736051242187,32.41067,32.89021594211152,32.46100161666069,32.73466709145678
2019-09-01,Dhaka,2017,33.34,34.13,33.222809545147456,32.91535719645765,33.42852290475837,32.498077,33.188701111274995,32.97803357129305,33.49574050066357
2019-10-01,Dhaka,2017,32.06,31.99,32.51882657948062,32.47640527005735,32.64041195789313,32.20484,32.518974523796885,32.32473396948042,32.35043205337689
2019-11-01,Dhaka,2017,30.32,30.29,30.073543475580937,30.197928175504664,30.11549962877095,30.252455,30.090508067620522,30.37040705686757,30.112637589563132
2019-12-01,Dhaka,2017,24.76,26.14,26.485487493544003,26.848043342211884,26.575168802660073,26.811787,26.536706599264523,26.90892110772362,26.549500750872667
2020-01-01,Dhaka,2017,24.02,27.17,24.596755190531372,25.03343668754428,24.528804541492857,25.02703,24.524631052056908,24.59106240669712,24.540162767273316
2020-02-01,Dhaka,2017,27.45,28.35,28.323738609756752,28.584742516633376,28.310371770019305,28.720285,28.30875755878113,28.16047151448532,28.169344071134077
2020-03-01,Dhaka,2017,32.29,31.51,32.024265152034104,31.89352772641413,32.1692719379804,31.85411,31.988057718244136,32.380785275365724,31.984566090386384
2020-04-01,Dhaka,2017,33.83,33.68,33.88987056544996,33.864958723876065,34.01310275093509,33.13525,33.87488951447434,34.39764914937247,34.08398510368348
2020-05-01,Dhaka,2017,33.39,34.59,33.75327084851588,33.803928357624955,33.81573256630863,33.686325,33.73828979754026,34.04890212935516,34.0044169883744
2020-06-01,Dhaka,2017,33.38,33.58,32.96740030908044,33.19853030113068,33.09741625541754,33.360126,32.969235905362474,33.326021646591116,33.09248959739414
2020-07-01,Dhaka,2017,33.02,32.97,32.39894300549988,32.50432120142654,32.54770252739887,32.37067,32.39909094981615,32.21696694283085,32.593636757255936
2020-08-01,Dhaka,2017,32.94,33.75,32.935613121155235,32.49845585391356,32.83099904363915,32.461025,32.9357610654715,32.39226858870417,32.585540606855986
2020-09-01,Dhaka,2017,33.54,33.34,32.967045238201855,32.61053026874647,32.87664472625512,32.518997,32.96719318251812,32.83648660606695,32.69252927613682
2020-10-01,Dhaka,2017,33.16,32.06,32.4758565289184,32.400522890075834,32.351490684110665,32.31172,32.47600447323467,32.78972627771168,32.142619266671765
2020-11-01,Dhaka,2017,30.77,30.32,30.459552669604328,30.272283786597647,30.358466931724376,30.442236,30.479007687126305,30.56805707144023,30.265263774630323
2020-12-01,Dhaka,2017,25.97,24.76,26.606220305827968,26.76751195024353,26.555355979675728,27.08444,26.591239254852347,26.648801499833283,26.366762826317615
2021-01-01,Dhaka,2020,25.58,24.02,25.01672439837904,24.458502094208484,24.96352094074064,24.998737,24.87324272656889,24.350604902915478,24.802237285063637
2021-02-01,Dhaka,2020,29.53,27.45,28.91334851463448,28.285298205251223,29.072795039975777,28.937445,28.929941535043827,28.6678207275999,28.739721367456447
2021-03-01,Dhaka,2020,34.47,32.29,32.91560086817639,33.1260528277213,33.00015162394544,33.417404,32.97522437409656,33.608087745913,32.99560221051725
2021-04-01,Dhaka,2020,36.13,33.83,34.85320412552239,34.85707296675258,34.747586719137516,34.713688,34.86527287306519,35.466186560590074,34.99866741644833
2021-05-01,Dhaka,2020,34.97,33.39,34.7608127847205,34.433699419708844,34.78294966510673,33.595207,34.71122692449792,34.88647799218,35.117324501040066
2021-06-01,Dhaka,2020,32.5,33.38,33.82256604573626,33.26997502312874,33.97286754533411,33.635826,33.90778663597006,34.13229102214014,34.26500094514777
2021-07-01,Dhaka,2020,32.84,33.02,32.40369312994997,32.52294894076283,32.647165032283944,32.322113,32.42664167442243,32.47959407107121,32.5043302773698
2021-08-01,Dhaka,2020,33.23,32.94,32.880359311247446,32.79127780229828,33.11416817911423,32.52969,32.92177091970501,33.115122236417996,33.29812889368505
2021-09-01,Dhaka,2020,33.89,33.54,33.10688390685041,32.681387354429255,33.24158084706516,32.69438,33.09558693608065,33.26571571859078,33.07836685526124
2021-10-01,Dhaka,2020,33.53,33.16,32.67332738923539,32.54778300819195,32.58658242228201,32.44438,32.660608667011154,32.9788269101514,32.42059073824384
2021-11-01,Dhaka,2020,30.0,30.77,30.64716095094088,30.613334166741783,30.7354903813602,30.504965,30.603301219534906,30.546067829342668,30.735493068703512
2021-12-01,Dhaka,2020,26.51,25.97,26.329091717561912,26.54325505225047,26.53309510910506,27.30821,26.333584041407537,26.47962952601685,26.611740757070788
2022-01-01,Dhaka,2020,25.15,25.58,25.19504654172415,25.729759046185485,25.411826791803325,25.607103,25.250954290363733,26.072776821293186,25.535475100156404
2022-02-01,Dhaka,2020,27.15,29.53,28.869100157278936,29.3037177484644,29.02069303097174,28.75548,29.023975912588995,28.379288186419735,28.729028208807584
2022-03-01,Dhaka,2020,33.92,34.47,32.25351918443012,31.64826998828755,32.23800914929721,31.271461,32.31380512147116,31.80637679367648,31.974811173873693
2022-04-01,Dhaka,2020,34.1,36.13,34.57413621513762,33.97494145330243,34.518966761069066,34.218857,34.537641740279575,34.840165346602696,34.427308305530076
2022-05-01,Dhaka,2020,33.5,34.97,34.018382265122256,33.8966390176501,33.994609887103636,33.751625,34.01376564882847,34.50425446884606,33.95920079500398
2022-06-01,Dhaka,2020,33.37,32.5,33.03034833661339,33.20426207740223,33.05144806025737,33.145233,33.03991666837654,33.3859636815724,33.31414045282129
2022-07-01,Dhaka,2020,34.27,32.84,32.54760784124229,32.58950935787719,32.650392322679245,32.38439,32.529379673574304,32.51388263741056,32.65319577385048
2022-08-01,Dhaka,2020,34.21,33.23,33.413668291781434,33.18125871560324,33.547852561830446,32.57187,33.44668197831918,33.35341690110394,33.8292419839248
2022-09-01,Dhaka,2020,33.21,33.89,33.63863204554369,33.26981889116609,33.62543247562275,32.7101,33.60221556336333,33.5211249725072,33.55318580529113
2022-10-01,Dhaka,2020,32.72,33.53,32.65925755113794,32.33400522689692,32.64052996853955,32.271793,32.591988985840814,31.942203732886473,32.7014235582086
2022-11-01,Dhaka,2020,31.04,30.0,30.31148686823771,30.231785869034482,30.516832036771063,30.02744,30.336022032474734,30.296946393346502,30.500066999322776
2022-12-01,Dhaka,2020,27.41,26.51,26.615284332917934,26.660072500647082,26.682618340254628,27.610275,26.691566916095024,26.710178949538488,26.435365965164863
2023-01-01,Dhaka,2020,25.08,25.15,25.566395149183666,25.581897279593022,25.565410192244354,25.952217,25.51189616004864,26.07400646261989,25.84251418561003
2023-02-01,Dhaka,2020,29.32,27.15,28.809190477201355,28.170556046367764,28.767345143959734,27.730839,28.83800610802473,27.514468721399787,28.694591769087292
2023-03-01,Dhaka,2020,32.35,33.92,33.13568289818284,32.499078317096235,33.15442487518,32.716526,33.12806218450931,32.61853887876088,33.07619910657645
2023-04-01,Dhaka,2020,36.36,34.1,34.23070062120367,33.814919035152506,34.41288147412353,33.669174,34.31486011465002,34.5718954185982,34.36261113645154
2023-05-01,Dhaka,2020,35.44,33.5,34.636598109901335,34.91404881950687,34.7062219367517,34.371128,34.70532003015318,35.411877993020255,35.12909685436063
2023-06-01,Dhaka,2020,34.2,33.37,33.880729240324456,33.458507962752506,33.91308856971167,33.452747,33.922023829963166,34.36867166580051,34.02413796172205
2023-07-01,Dhaka,2020,34.41,34.27,33.197455735956005,32.75242386501098,33.21387496925051,32.727165,33.07101094916897,33.2054592192428,33.45612510903732
2023-08-01,Dhaka,2020,32.73,34.21,33.67223510344538,32.98263294246644,33.734470866214046,32.668526,33.713768517719835,33.475135029373355,34.14030685942436
2023-09-01,Dhaka,2020,34.03,33.21,33.178790513946105,32.90530387352125,33.43033150072672,32.605854,33.19848607160001,33.27233586335446,33.25208501001763
2023-10-01,Dhaka,2020,32.81,32.72,32.824449675695426,32.48731698552592,33.00053922872779,32.30891,32.845531158687,33.11434941144551,33.234212219580705
2023-11-01,Dhaka,2020,30.92,31.04,30.454604879315966,30.773620250720192,30.463767340506475,30.555897,30.411086559589975,30.918739826514475,30.29350139867136
2023-12-01,Dhaka,2020,26.74,27.41,26.673962673630665,27.407197216711538,26.712446815549324,28.595633,26.712545766022156,27.342273807125697,26.294015220340764
2012-01-01,Chittagong,2011,25.37,25.04,25.050209106817135,25.57870431585987,25.126374158009796,25.803347,25.09296296717156,25.701160010590456,25.098405477215184
2012-02-01,Chittagong,2011,29.55,28.81,28.165911610538135,28.024760581324287,28.060291970694344,28.215702,28.17182870239205,28.03858488595634,27.925390895061582
2012-03-01,Chittagong,2011,30.28,30.51,31.21131130048923,31.061267268855282,31.15107927178021,30.828615,31.217228392343145,30.954447434440674,31.224951198040024
2012-04-01,Chittagong,2011,31.31,31.16,31.51829406965658,31.84456204808407,31.680272550998946,31.627827,31.54358264591679,31.332481316981116,31.607091656607846
2012-05-01,Chittagong,2011,32.32,31.47,31.857483464679,31.553054315359358,31.747779101807176,31.820532,31.832297387918707,31.25917526524828,32.18603894111848
2012-06-01,Chittagong,2011,31.09,30.58,31.280032123156715,31.0615254986966,31.29402439485061,31.129215,31.305529859566022,31.532329095715973,31.365144743001974
2012-07-01,Chittagong,2011,30.14,31.19,30.567046808639727,31.23519282441144,30.83593617705373,30.886557,30.579346331397257,30.206426664271596,30.26179590400898
2012-08-01,Chittagong,2011,31.11,30.4,30.762057664226074,30.75741494411257,30.765056568262356,31.137016,30.774357186983604,31.020217069318953,30.695408336960195
2012-09-01,Chittagong,2011,31.24,30.68,31.420236403413977,31.43763287973408,31.336147212296517,31.354269,31.41980469069716,31.689728838048808,31.580238268329463
2012-10-01,Chittagong,2011,31.15,31.16,31.47302276154964,31.31534211953992,31.560409533114157,31.028364,31.511003422345805,31.052089012021508,31.54055153417177
2012-11-01,Chittagong,2011,28.76,28.81,29.711556068611873,28.701381037103626,29.74737266753832,28.554195,29.74953672940804,28.406495618535747,29.653755208684856
2012-12-01,Chittagong,2011,24.73,25.15,26.58285575076647,26.016343437430773,26.46814601374715,26.25269,26.63463590383239,26.206256291045356,26.940268397748238
2013-01-01,Chittagong,2011,25.0,25.37,24.90201278182188,25.607987119252005,24.991566954793242,26.167196,24.901581069105063,25.726002068601307,25.075286298011736
2013-02-01,Chittagong,2011,29.28,29.55,28.09675490571478,28.515990584716874,28.215889729825864,28.975462,28.10905442847231,28.579861503808466,28.182297962798085
2013-03-01,Chittagong,2011,31.13,30.28,31.004808882365992,31.13767662527604,30.864342639480974,31.130571,31.047562742720416,31.190600804317047,30.927982860136655
2013-04-01,Chittagong,2011,31.94,31.31,31.801006986310036,31.929650405862034,31.84022625155527,32.053864,31.826504722719342,31.98265963458137,31.90682420701737
2013-05-01,Chittagong,2011,30.35,32.32,32.14006999817948,32.11478469893587,32.12844243230352,32.3814,32.165567734588784,31.881920190001672,32.17183675738177
2013-06-01,Chittagong,2011,31.72,31.09,30.509641197051177,30.40857980114143,30.530211035891284,30.73006,30.535138933460484,31.01285588565166,30.614048983408065
2013-07-01,Chittagong,2011,31.33,30.14,30.729450328154524,31.2641028488911,30.93280048560377,30.960424,30.772204188508947,30.708474447121112,30.805246336581956
2013-08-01,Chittagong,2011,30.25,31.11,31.234485110987414,30.849085079728773,31.216965305423766,31.335766,31.314895047594298,31.17370173286579,31.2760191348736
2013-09-01,Chittagong,2011,31.29,31.24,31.09265263258342,31.213034372635995,31.132703822873797,31.34802,31.135406492937843,31.67025682063129,31.0931974778195
2013-10-01,Chittagong,2011,29.93,31.15,31.45894364076847,30.834890570193647,31.398682077096964,31.096056,31.46957081179315,31.04794757390952,31.401902457103724
2013-11-01,Chittagong,2011,28.72,28.76,29.151926739637698,28.061734611700075,29.179302052322676,28.015556,29.225729777042712,27.599707103497796,29.189850818009226
2013-12-01,Chittagong,2011,26.02,24.73,26.379109282886585,26.580551566616897,26.44466212905945,26.663939,26.390241389071544,25.95372066134133,27.058545709286978
2014-01-01,Chittagong,2011,25.46,25.0,25.370115796983356,25.879867120493994,25.3434399022501,26.248585,25.398897441983337,26.242378362088928,25.24881011815792
2014-02-01,Chittagong,2011,27.8,29.28,28.371054348613477,28.06753763365023,28.28165897952322,28.374489,28.396552085022783,28.176674315810086,28.50207472256369
2014-03-01,Chittagong,2011,30.66,31.13,30.451694060893995,30.275889720800805,30.55756097495835,30.551222,30.49444792124842,30.52003888825789,30.70460806472327
2014-04-01,Chittagong,2011,33.26,31.94,31.586939569473127,31.68655996265062,31.473827369933634,31.808416,31.61475453889356,30.873123593384772,31.87774747734014
2014-05-01,Chittagong,2011,32.42,30.35,32.48529122446778,32.2960447644255,32.474160608725775,31.951342,32.510788960877086,32.06052353284856,32.9717489830007
2014-06-01,Chittagong,2011,31.16,31.72,31.426017946947105,31.50237245618297,31.603665676705486,31.38842,31.425586234230288,31.52598627733257,31.48516870633669
2014-07-01,Chittagong,2011,31.19,31.33,30.64205831361086,31.28893534936442,30.691545139125182,30.923729,30.666066759052583,30.93845334309957,30.635373585082085
2014-08-01,Chittagong,2011,30.33,30.25,31.16862828822337,31.529287553234283,31.16441298621728,31.274395,31.168196575506553,31.176068687715087,31.25222517360362
2014-09-01,Chittagong,2011,30.94,31.29,31.186157896800296,31.554204273190216,31.327154464493574,31.429935,31.22413855759646,31.079666136315737,30.94515914185576
2014-10-01,Chittagong,2011,31.14,29.93,31.25744021513465,30.69459406683361,31.259571480564166,31.043814,31.300194075489074,30.979545709026155,31.055148351276614
2014-11-01,Chittagong,2011,30.63,28.72,29.628961551894253,28.803869040445015,29.42760908299475,28.835335,29.657743196894234,28.980121779158516,29.445174290180905
2014-12-01,Chittagong,2011,27.76,26.02,27.186355519263017,27.075935172121564,27.16295952187472,26.936436,27.232812321899402,26.861098441576065,27.101018226199475
2015-01-01,Chittagong,2014,26.56,25.46,26.11920314292783,26.10572589265785,26.152823574866336,26.654316,26.23201510320777,26.049700829208902,26.162425556361043
2015-02-01,Chittagong,2014,28.91,27.8,28.886564053093096,27.436751069580406,28.85263401549387,28.01897,28.942534565423628,27.94667998699784,28.959333146851467
2015-03-01,Chittagong,2014,32.52,30.66,31.03845891168893,31.19927669684584,31.092881809291804,31.300097,31.067427573712475,30.872549561264872,31.06889614519126
2015-04-01,Chittagong,2014,32.26,33.26,32.59265108639195,32.30201875796945,32.678088880659494,32.22143,32.62520687887266,32.316833398208246,32.871490096749845
2015-05-01,Chittagong,2014,33.67,32.42,32.27295393899972,32.32591778469029,32.31899181335562,32.17848,32.37028776512439,32.03391404780312,32.087906306466564
2015-06-01,Chittagong,2014,32.49,31.16,32.02397865542668,31.870597346400835,32.023995310239506,31.548845,31.97736001127857,31.735442994725922,32.17033150228989
2015-07-01,Chittagong,2014,30.73,31.19,31.355233853188526,31.11865454097269,31.169783682621368,31.406408,31.346804800880324,31.080455638484228,31.162001460304722
2015-08-01,Chittagong,2014,32.04,30.33,31.102066840356038,31.636119289261146,31.243696841280997,31.213074,31.222357700889752,31.00842742032568,31.286195292669074
2015-09-01,Chittagong,2014,32.91,30.94,31.98152070624905,31.90445314632986,31.852237008082806,31.456465,31.979368615822516,32.046596569135204,32.22967918165977
2015-10-01,Chittagong,2014,31.74,31.14,32.20921787870465,32.47635492819304,32.12220990586101,31.842903,32.09682570648728,32.68655234423657,32.27611580105426
2015-11-01,Chittagong,2014,30.09,30.63,30.177153539649893,30.776012038966588,30.395951955021452,30.616936,30.311132130019118,30.318682734995768,30.243451207764096
2015-12-01,Chittagong,2014,26.47,27.76,27.244213489958103,27.78353617206586,27.305600649315394,27.911844,27.158919451900775,27.20402921762882,27.000365612663956
2016-01-01,Chittagong,2014,25.6,26.56,25.91487387974265,26.240072428606965,25.890186423470823,26.419651,25.86043188009861,25.74871966775021,25.80875875430757
2016-02-01,Chittagong,2014,29.38,28.91,28.71700771223587,29.059580582671327,28.89310122898816,28.307981,28.752522122821034,29.009131996644715,28.9990800356599
2016-03-01,Chittagong,2014,32.38,32.52,31.487411145466016,31.104408925165473,31.53869872784415,30.924877,31.55672330071275,32.157547994521856,31.413766263010526
2016-04-01,Chittagong,2014,32.67,32.26,32.67387472715825,32.26705934122846,32.545093114291625,32.45265,32.55885583039969,32.77802996446388,32.443472469521225
2016-05-01,Chittagong,2014,32.99,33.67,32.679528471075606,32.553409391058366,32.754808616206546,32.39136,32.66409547626288,32.907903774309126,32.82553731597804
2016-06-01,Chittagong,2014,33.03,32.49,31.939053042822334,31.57841557510761,31.879781445751707,31.757153,31.97188764347956,31.636084034188396,31.950262159545154
2016-07-01,Chittagong,2014,31.29,30.73,31.633121795330343,31.465130490653497,31.618857746075783,31.40732,31.554809219513235,31.452040437505048,31.5479774027655
2016-08-01,Chittagong,2014,31.93,32.04,31.512361499515347,31.734112687820087,31.717705981003142,31.672234,31.58839688732939,31.83776491482516,31.35191285832362
2016-09-01,Chittagong,2014,32.81,32.91,32.13886633810489,32.025273806466394,32.19153024228512,31.841312,32.192840694607185,32.637975903903744,32.047856569857466
2016-10-01,Chittagong,2014,32.65,31.74,32.25413903191584,32.15125539126737,32.06774411609171,32.46491,32.10345957770842,32.5165846114542,32.069389776980564
2016-11-01,Chittagong,2014,29.48,30.09,30.632711228738504,30.700280203295957,30.650095978190798,30.61033,30.48528167308398,30.345053791498007,30.576426481888436
2016-12-01,Chittagong,2014,28.64,26.47,27.077760490281925,27.33840189775852,27.09833933942407,27.979427,27.207020627959118,26.71343372383785,27.071838190075578
2017-01-01,Chittagong,2014,27.47,25.6,26.83867746112686,27.209194374903458,26.7585192367314,27.275494,26.777475110122975,26.514061402699326,26.77452352035836
2017-02-01,Chittagong,2014,30.05,29.38,29.66095520002092,29.79118869825766,29.60371865029903,30.524445,29.724271798555502,29.56686231539536,29.70467851293306
2017-03-01,Chittagong,2014,30.26,32.38,32.029663817129446,31.75193494255344,32.208065340230874,31.613644,32.0389122060606,32.027065949480075,32.1918945534369
2017-04-01,Chittagong,2014,31.87,32.67,32.06602058794368,32.293819690562884,32.035941327136044,32.113937,32.130588451884876,31.559412657901625,31.983344713309723
2017-05-01,Chittagong,2014,33.71,32.99,32.522824932523115,32.67923305173094,32.60430841733664,32.156223,32.554716226346834,32.34474278565673,32.47071362814383
2017-06-01,Chittagong,2014,32.46,33.03,32.39695833025294,32.47982739645554,32.462441880917105,31.868856,32.442668696472225,32.17821714942295,32.541063906099396
2017-07-01,Chittagong,2014,31.36,31.29,31.49841997011993,31.305886367143593,31.514322147374617,31.370556,31.51043965279553,31.36674571244594,31.44651395360299
2017-08-01,Chittagong,2014,32.52,31.93,31.656072978840985,31.53448447779299,31.660179144172698,31.62088,31.68752575011722,31.4379790922666,31.480039200820183
2017-09-01,Chittagong,2014,32.09,32.81,32.500424923256276,32.37763330365475,32.44105121173467,32.06559,32.428565943494675,32.274933028787686,32.63890756121153
2017-10-01,Chittagong,2014,31.68,32.65,32.097150694036145,32.49606430321454,32.20906680532573,31.941416,32.12144139541056,31.94734529685893,32.04552783384368
2017-11-01,Chittagong,2014,30.91,29.48,30.232896185516832,30.53783566745088,30.36536054207478,30.62947,30.096801153420923,29.990659507205333,30.183975760979415
2017-12-01,Chittagong,2014,27.8,28.64,27.778182997858934,28.69471574755047,27.7842059371756,28.570234,27.865550271726065,28.681488845825683,27.726229732229253
2018-01-01,Chittagong,2017,25.02,27.47,26.668534335792128,26.987792059652996,26.64598113122818,27.222462,26.733117853403154,26.56660647769458,26.768934610935197
2018-02-01,Chittagong,2017,28.79,30.05,28.752330954822433,28.524786671935956,28.78108772527824,29.220474,28.692019369157684,28.552368895279386,28.902964414876713
2018-03-01,Chittagong,2017,31.66,30.26,31.37934214888043,30.647075428043,31.278400636122328,30.443026,31.383668488225855,30.881785367619386,31.260465322644034
2018-04-01,Chittagong,2017,32.94,31.87,32.52696662095082,32.109267138246096,32.442690150465154,32.131268,32.51668986935807,32.17881257627746,32.39371125171699
2018-05-01,Chittagong,2017,32.82,33.71,33.00659349244894,33.06116843045864,33.14834190214044,32.66189,33.050032571524994,33.088785674656386,32.94523516584057
2018-06-01,Chittagong,2017,32.15,32.46,32.06536861021276,31.69552733781509,32.041915756752374,31.981668,32.08834865387733,31.871106813490414,31.90109845164272
2018-07-01,Chittagong,2017,31.97,31.36,31.37798473688946,31.219457918336918,31.425899201250335,31.334099,31.37648170763333,31.59016976182386,31.458387062740407
2018-08-01,Chittagong,2017,32.84,32.52,31.940102298437196,31.69279447469636,32.053206770608824,31.679062,32.02429651903971,31.709162909158774,31.891615429219176
2018-09-01,Chittagong,2017,33.01,32.09,32.600468764398705,32.0132588181937,32.57586813894026,32.35041,32.596772090848994,32.506993877642,32.727417540630384
2018-10-01,Chittagong,2017,30.5,31.68,32.468952309803846,32.51592089863196,32.59180985006487,31.871225,32.49128820234704,32.53765567597779,32.54776486103069
2018-11-01,Chittagong,2017,30.46,30.91,29.907099029926865,29.962012319646835,29.990489551278284,30.342049,29.87478791078767,29.384698991929255,29.865503817891877
2018-12-01,Chittagong,2017,26.78,27.8,27.622707375777132,27.92363963424736,27.590051564906382,27.338242,27.539484412861235,27.799242958289035,27.444196435307955
2019-01-01,Chittagong,2017,27.39,25.02,26.145959335425584,26.421874440824503,26.020040786193636,26.528502,26.10792091772863,25.73627080395203,26.110910297021853
2019-02-01,Chittagong,2017,28.9,28.79,29.585208739958105,29.383770414636736,29.67224067813519,29.547646,29.551017664245663,28.90055914923935,29.29813505687601
2019-03-01,Chittagong,2017,31.03,31.66,31.471602999605143,31.005737117479967,31.384310031866754,30.928185,31.4558042800053,30.790729213345674,31.256760433413334
2019-04-01,Chittagong,2017,33.21,32.94,32.3469225466345,32.138120055315134,32.354349749034256,32.291206,32.31273147092206,31.41971272499212,32.21166849174878
2019-05-01,Chittagong,2017,33.78,32.82,33.103894090202914,32.86216437887758,33.10421277902834,32.586647,33.16030774071561,32.878025359580114,33.138480332547495
2019-06-01,Chittagong,2017,33.28,32.15,32.45301811834707,32.093128420026595,32.43732513202058,32.02002,32.439773148576755,32.357460684766416,32.45777731076869
2019-07-01,Chittagong,2017,31.47,31.97,31.89967439107851,31.466026003462545,32.04308958061576,31.922209,31.907162389888175,31.92500630183592,31.881682766405405
2019-08-01,Chittagong,2017,32.67,32.84,31.901108751787376,31.661208959419955,31.942049379575632,31.79593,31.892936370118093,31.736921482506773,31.738495450741418
2019-09-01,Chittagong,2017,32.48,33.01,32.6274968949995,32.707585600846194,32.64568846065795,32.304024,32.666718695863246,32.967573283580236,32.567797823650515
2019-10-01,Chittagong,2017,32.36,30.5,32.20119244872133,32.21563503058717,32.18312478489324,31.832394,32.190264187627534,31.674961102773953,31.885954768060955
2019-11-01,Chittagong,2017,30.65,30.46,30.67606617352539,30.753724360239914,30.74321755065181,30.837267,30.659907743619616,30.747656931396243,30.644418861959615
2019-12-01,Chittagong,2017,26.81,26.78,27.74546830643635,28.09443075485578,27.724496677247956,28.77205,27.713421437039187,27.549038414048848,27.694621489719374
2020-01-01,Chittagong,2017,25.33,27.39,26.332500435991417,26.715347543284487,26.29375452607908,27.333511,26.214564860446583,25.78270248120724,26.27932835824995
2020-02-01,Chittagong,2017,27.22,28.9,28.85014462494188,28.670502403974183,28.779066151223684,28.446875,28.84931468183537,28.641158287715474,29.04262970111035
2020-03-01,Chittagong,2017,31.76,31.03,30.80204711338266,30.227586460432132,30.763198926688013,30.100716,30.744526250713907,30.31219579822468,30.75791139941894
2020-04-01,Chittagong,2017,32.71,33.21,32.60576763227913,31.9582699028578,32.656014009361975,31.993275,32.61654454134736,32.265556600464244,32.568473033900176
2020-05-01,Chittagong,2017,33.19,33.78,32.92047455442364,32.84703819400848,32.85846031228715,32.43092,32.930195278499674,33.361720958980925,32.77470391324865
2020-06-01,Chittagong,2017,32.62,33.28,32.227478045423176,32.023615599036134,32.2531562388927,32.35486,32.24156900068059,32.0723498416879,32.11670723935672
2020-07-01,Chittagong,2017,32.03,31.47,31.552257550636316,31.067140097939838,31.48369612898258,31.28492,31.55410965728854,31.33612607662711,31.573459934288106
2020-08-01,Chittagong,2017,31.93,32.67,32.071175863703154,31.70631633023697,32.16405563984407,31.720966,32.121431512494944,31.82393250061026,31.981295045728768
2020-09-01,Chittagong,2017,32.83,32.48,32.27917958842516,32.043092846150515,32.459956327619324,32.061512,32.245350838172435,32.29643364573251,32.2910754461141
2020-10-01,Chittagong,2017,33.06,32.36,32.26217917655854,32.30656064778049,32.34560796667639,32.41199,32.26422473462558,32.547738039195394,32.27247785875069
2020-11-01,Chittagong,2017,31.09,30.65,30.8822227815275,30.69906753803856,30.840218099955397,30.583317,30.800061690259437,31.16090936046578,30.68034131869779
2020-12-01,Chittagong,2017,27.36,26.81,27.832663694818386,28.45043182461989,27.802717818692635,28.47011,27.748597043056854,27.671604132398507,27.71500133823019
2021-01-01,Chittagong,2020,27.24,25.33,26.49875025133484,26.539304537678113,26.34985849503311,26.207382,26.381658431690866,25.772846045826043,26.511737584375936
2021-02-01,Chittagong,2020,28.89,27.22,29.474246516899125,29.021343192187416,29.398599564264217,28.990576,29.297301843837754,27.66180950967517,29.254342055321395
2021-03-01,Chittagong,2020,32.97,31.76,31.58454407833916,31.409495165310595,31.608994942825777,31.644888,31.518117756475032,31.453554560049405,31.5903628757073
2021-04-01,Chittagong,2020,33.7,32.71,33.2201788954125,32.87475608843076,33.25026800131781,32.835114,33.26077285107833,32.964858585852745,33.112189072625355
2021-05-01,Chittagong,2020,33.78,33.19,33.499445850523834,33.16445271026963,33.34159769079534,32.80204,33.33368278530491,33.45098699310718,32.95220912469484
2021-06-01,Chittagong,2020,31.63,32.62,32.66659380820835,32.715692618704146,32.801492704870924,32.179005,32.5831123250469,32.770598703316864,32.87276114825322
2021-07-01,Chittagong,2020,31.92,32.03,31.42608559811649,31.356098462548573,31.464259188514923,31.103197,31.591729170923802,31.431687636401808,31.200184331376732
2021-08-01,Chittagong,2020,31.7,31.93,32.165883786478055,32.15093106453288,32.21248129927577,32.073563,32.17670718158127,32.58438035753774,32.2795986754677
2021-09-01,Chittagong,2020,33.0,32.83,32.35697480376482,32.297546839186346,32.45153297070119,32.32515,32.44795397754431,32.739837438355416,32.3309834276395
2021-10-01,Chittagong,2020,33.22,33.06,32.50770794211392,32.57248777121615,32.51868663723214,32.728683,32.573596682236236,32.84008087340802,32.31596018394411
2021-11-01,Chittagong,2020,31.52,31.09,31.058096990197587,31.09893389326122,30.939695974739468,30.755507,30.88253293952315,31.34642126444257,30.946304342717713
2021-12-01,Chittagong,2020,27.69,27.36,28.094456491530483,28.76392946636271,28.13555550168888,28.451952,27.97901912546212,28.121382953948054,28.069233039735746
2022-01-01,Chittagong,2020,26.02,27.24,26.773687477328092,27.27601682142489,26.843977764858884,27.550508,26.78699607412538,27.228676079305792,27.087422783554278
2022-02-01,Chittagong,2020,27.93,28.89,29.09553244694787,29.464699282115667,29.17057715019239,29.065685,29.053419198689042,28.392323519288478,28.73617739485997
2022-03-01,Chittagong,2020,32.44,32.97,31.349327847281256,31.261589723993595,31.498535314747993,31.772139,31.677235379734793,31.613378994385123,31.414212188438178
2022-04-01,Chittagong,2020,33.12,33.7,33.06032737618438,32.313834234772834,33.136892902723645,32.67617,33.10015213018409,33.12367241717494,33.109085847825476
2022-05-01,Chittagong,2020,33.15,33.78,33.289106417785675,32.95740285598672,33.13176869689065,32.834568,33.104297954927475,33.079525249441645,32.98096861649174
2022-06-01,Chittagong,2020,32.14,31.63,32.348396509836235,32.32716882392701,32.46336566525334,31.841774,32.31267475331835,32.376291632011316,32.24587002377317
2022-07-01,Chittagong,2020,33.25,31.92,31.597973067823528,31.423860716921897,31.493914906839628,31.097727,31.651884280655263,31.552195643210858,31.505811031531135
2022-08-01,Chittagong,2020,33.27,31.7,32.6237243513284,31.992465293493506,32.66771189791826,32.105843,32.82545704643109,32.489726420831595,32.70598976155414
2022-09-01,Chittagong,2020,32.55,33.0,33.015792456359776,32.30762510210046,33.16709026694863,32.459297,33.2009210408639,33.49471470347117,33.009314365545784
2022-10-01,Chittagong,2020,32.82,33.22,32.46059197725361,32.81523906629455,32.71664131236149,32.47687,32.674412956252745,33.09311410421519,32.49884157137949
2022-11-01,Chittagong,2020,31.47,31.52,30.992478306673533,31.368941700733423,30.96268303292437,30.952372,31.02434359797097,31.29095083923422,30.94562351181054
2022-12-01,Chittagong,2020,28.5,27.69,28.096714713213935,28.80888312561349,27.967945094437255,28.547527,27.831230499384894,27.889565042570247,27.969425825359853
2023-01-01,Chittagong,2020,27.1,26.02,27.0791070009749,27.389665382266045,27.038142887226666,27.194973,26.732417627720125,27.119826872632988,27.380283010639424
2023-02-01,Chittagong,2020,28.91,27.93,29.51011397480157,28.947552902084883,29.482755269526105,29.330986,29.55322227045086,28.023402129644488,29.15111252071911
2023-03-01,Chittagong,2020,32.1,32.44,31.877188580418622,31.131421169739713,31.76480099500586,31.765131,31.788434991920983,30.917735694322154,31.49215680592181
2023-04-01,Chittagong,2020,34.13,33.12,33.062764884889205,32.4736399974185,33.14936881878002,32.297867,33.180761316776355,32.66886096818202,33.24067887726712
2023-05-01,Chittagong,2020,33.24,33.15,33.76957742568797,33.58401577144805,33.74479718397431,32.670673,33.8511360108549,33.33586214277034,33.5425580498197
2023-06-01,Chittagong,2020,32.88,32.14,32.505349253001846,32.38880422435208,32.60667212708675,32.378532,32.41488656091992,33.185701972382816,32.46669970417349
2023-07-01,Chittagong,2020,33.69,33.25,32.088740792469245,31.99985935144707,32.18164389266605,31.739023,32.11002716642724,32.3256806370507,31.933504920986977
2023-08-01,Chittagong,2020,31.26,33.27,32.96613457795313,31.632350913346976,32.81224541552772,32.36162,32.80668760832479,32.997259637833636,33.0610640357474
2023-09-01,Chittagong,2020,33.1,32.55,32.37536039663056,32.45601006101425,32.582248215757645,32.078693,32.6477646799157,32.6101448306726,32.631135369390606
2023-10-01,Chittagong,2020,32.26,32.82,32.744970299968976,32.82664015725592,32.819942981825285,32.72037,32.762483707363266,33.16299245335491,33.07091725504658
2023-11-01,Chittagong,2020,31.21,31.47,30.877634521112025,31.461124509036786,30.751806646455762,31.427555,30.77803007839638,31.26263262737392,30.665125761659517
2023-12-01,Chittagong,2020,28.1,28.5,28.06438959583847,28.725287422910043,28.13314296551446,29.01123,28.297769585700912,28.31267582724994,28.132817139767717
2012-01-01,Barisal,2011,24.65,24.96,25.70427597501499,25.287916242626004,25.724733011296678,25.224976,25.67202919536454,25.342049054236185,25.486685682573434
2012-02-01,Barisal,2011,29.61,29.35,28.678112982035834,28.129748168296675,28.77500494406187,28.157478,28.67711454544611,27.900910775175426,28.445614025089878
2012-03-01,Barisal,2011,33.27,32.42,32.79858743823781,32.6106541581144,32.84137847756241,32.189907,32.78955719019934,32.73072296584208,32.79091357968474
2012-04-01,Barisal,2011,33.77,33.31,34.11218249368441,33.99205905682757,34.15966206640061,33.972584,34.07993571403396,34.31364680929225,34.19981196613006
2012-05-01,Barisal,2011,34.61,33.82,33.82945507420991,33.211955427344,33.83167268469865,32.696754,33.81654979689811,33.43390765307767,33.59473019833683
2012-06-01,Barisal,2011,33.33,32.3,32.62407949382857,32.21045970361046,32.68401406987942,32.44976,32.67279810274437,32.73357934283064,32.853239898654756
2012-07-01,Barisal,2011,31.94,31.76,31.84489854724142,31.52636925332462,31.877405756346104,31.565403,31.817521876851053,31.437942795704025,31.6486000825131
2012-08-01,Barisal,2011,32.09,31.01,31.959749725620398,31.589951243756598,31.913400588095158,31.174803,31.946844448308596,31.829303791217104,31.925394884801698
2012-09-01,Barisal,2011,31.82,31.67,32.219765089906254,31.892686426571817,32.21528596538852,31.808407,32.21873394678111,32.54162892418189,32.35675373123223
2012-10-01,Barisal,2011,32.05,32.91,32.15808072209091,32.376432552428845,32.308619349611824,31.86908,32.172592502904244,32.167946346330154,31.917088311057338
2012-11-01,Barisal,2011,29.16,30.34,30.21598330889992,30.263034521365288,30.229145415832093,30.300829,30.207303658175984,29.8093526801258,29.986411292151445
2012-12-01,Barisal,2011,25.2,26.13,26.799464574138383,26.82154707857879,26.72053668883252,26.615726,26.78655929682658,26.25056951569101,26.780343781066694
2013-01-01,Barisal,2011,24.81,24.65,25.330844431070865,25.99501716197003,25.397986842536675,25.590067,25.34006861679095,25.051382083253586,25.261779459525734
2013-02-01,Barisal,2011,29.04,29.61,28.651694563014658,29.351087772612303,28.822076844522883,29.039574,28.5754919916226,29.193045809952604,28.837567892988844
2013-03-01,Barisal,2011,33.15,33.27,32.67340736010142,32.205269123060404,32.77898547768786,32.35674,32.64105349698134,33.23968987047687,32.78044547930609
2013-04-01,Barisal,2011,34.05,33.77,34.021339885297465,33.878532770424655,34.117581385121895,33.86913,33.988986022177386,34.76112098198302,34.134986182023674
2013-05-01,Barisal,2011,31.39,34.61,33.91566658393107,33.62308455101641,33.90779346439525,33.739857,33.7964085228797,34.25860232086455,33.97170878158344
2013-06-01,Barisal,2011,32.85,33.33,31.945154651101767,31.577954142515907,32.01536816630161,31.914997,31.9177779807114,31.973746983333886,32.14307448846599
2013-07-01,Barisal,2011,31.3,31.94,31.480831664734794,31.33233684786878,31.662325279812688,31.472813,31.492710361936403,31.464639490901458,31.71891818257839
2013-08-01,Barisal,2011,31.42,32.09,31.69033131214755,31.510968890594587,31.71236991848766,31.595304,31.66295464175718,31.64106403825648,31.570043242389012
2013-09-01,Barisal,2011,32.06,31.82,31.95158542057049,31.570290515532314,31.978357327250148,31.819384,31.92420875018012,32.08340355858093,31.68125521311671
2013-10-01,Barisal,2011,30.82,32.05,32.12481418402756,31.67552128760378,32.09789464017082,31.589994,32.12381574743783,31.873802456339902,31.81405458002829
2013-11-01,Barisal,2011,30.04,29.16,29.87884130948599,29.17880836624252,29.945563484538226,29.119526,29.85146463909562,28.716533981488602,29.972361392064833
2013-12-01,Barisal,2011,26.82,25.2,26.8250615627077,26.517013291661037,26.869464626201843,25.992178,26.79270769958762,26.225204225692632,27.068003683660812
2014-01-01,Barisal,2011,24.54,24.81,25.727853641046167,25.6925817867627,25.772843306543432,25.82028,25.714948363734365,25.734264108258547,25.60429243194118
2014-02-01,Barisal,2011,27.35,29.04,28.777797137121873,28.893674937952472,28.904737154049975,28.486769,28.658539076070504,28.9605767398666,28.747189774261344
2014-03-01,Barisal,2011,32.43,33.15,32.35786118427587,31.739622797817674,32.52266937590835,32.13151,32.28165861288381,32.1751718581464,32.358902942830646
2014-04-01,Barisal,2011,36.18,34.05,33.73938220945961,33.19249185828557,33.72267630533002,33.29516,33.7486063951797,33.384335922485654,33.919976414124704
2014-05-01,Barisal,2011,34.74,31.39,34.183237521512005,33.71653556581255,34.24638158424482,33.187397,34.150990741861555,34.22547658134917,34.307740790307435
2014-06-01,Barisal,2011,32.99,32.85,32.92068333373116,32.25927380069246,32.89914730679607,32.4733,32.893306663340795,32.52860314875976,32.967928313541655
2014-07-01,Barisal,2011,31.91,31.3,31.863112245339316,31.39256795573786,31.825496416476447,31.427734,31.83573557494895,31.923059261616604,32.13326475582954
2014-08-01,Barisal,2011,31.64,31.42,31.97421265864135,31.810114372243508,32.13470384367999,31.307154,32.022931267557155,31.475539816985332,32.035560748853314
2014-09-01,Barisal,2011,32.38,32.06,32.12937103125703,31.844875599835788,32.22289912000765,31.561392,32.11646575394523,31.62926320286425,31.997299350489442
2014-10-01,Barisal,2011,32.03,30.82,32.207682461899246,31.853168507112212,32.19484561489515,31.770712,32.18030579150888,32.45065021207614,32.624502490688904
2014-11-01,Barisal,2011,30.3,30.04,30.23149409066989,30.730019238706575,30.2447658497164,30.15569,30.204117420279523,30.964782808074343,30.031040185372127
2014-12-01,Barisal,2011,25.92,26.82,27.024071204405942,27.656743581099377,27.06592689820265,26.465952,26.996694534015575,26.717108968842886,26.862887993703858
2015-01-01,Barisal,2014,25.68,24.54,25.437174107505474,26.07139955966295,25.37972388971736,25.629734,25.428832990674767,24.694723885132348,25.557526029281306
2015-02-01,Barisal,2014,29.14,27.35,28.952785290183105,28.906602391970388,29.021815663425482,29.287176,29.07993970006851,28.55333710081805,29.157753724240457
2015-03-01,Barisal,2014,32.43,32.43,32.865815506821974,32.79393362808738,33.04774677351962,32.77278,32.7548823818029,33.51966868934977,33.1006445193702
2015-04-01,Barisal,2014,33.08,36.18,34.05970645759915,33.460254460131,34.2353581199513,33.382698,33.856531508906826,34.51081701944024,33.980844224644294
2015-05-01,Barisal,2014,34.73,34.74,33.568210267854695,33.38251828104132,33.67230745770734,33.50208,33.595023370740776,33.780001295963466,33.45375384489965
2015-06-01,Barisal,2014,32.4,32.99,32.73540940750481,32.82424577753524,32.82608244418903,32.49637,32.803569114395394,33.0435116695402,32.796405658093505
2015-07-01,Barisal,2014,30.92,31.91,31.630467838205103,31.699628818427552,31.68544906328222,31.265211,31.665126136101488,31.258539398979135,31.461171692000534
2015-08-01,Barisal,2014,31.71,31.64,31.63625453402028,31.496536323651295,31.58966741885731,31.439499,31.658519348024583,31.518595574334924,31.362978911885154
2015-09-01,Barisal,2014,32.42,32.38,32.036701245862425,31.773965304362907,32.015659991790486,31.915043,32.06027917626816,32.28945076034068,32.16912373380331
2015-10-01,Barisal,2014,31.77,32.03,32.164213669960255,32.13839732405229,32.219998509676365,32.055286,32.23463336891388,32.16666507263495,31.95957981605084
2015-11-01,Barisal,2014,30.02,30.3,30.14833181747349,29.84673933661963,30.056130324081884,30.303497,30.131608858938534,29.860312112450753,30.051467813532902
2015-12-01,Barisal,2014,26.38,25.92,26.84221261868642,26.355411099942852,26.743036718872148,26.635653,26.843779238065867,26.291656307997897,26.481246038287967
2016-01-01,Barisal,2014,25.77,25.68,25.553946178277428,25.356725732582138,25.66210835862265,25.82102,25.61599924029916,25.23994800259349,25.469650978606914
2016-02-01,Barisal,2014,30.17,29.14,29.02658306472881,28.871530481066962,29.073706647076754,28.853601,29.05212664828582,28.885778267586755,28.920322804005313
2016-03-01,Barisal,2014,33.32,32.43,33.12020683825876,33.15490008364048,33.10548742558637,32.80259,33.063720179506795,33.040825995926404,33.129922443405704
2016-04-01,Barisal,2014,34.7,33.08,34.310448889528594,34.328586083732894,34.44461532944574,34.077065,34.357366216276965,34.40561699872175,34.43434341692017
2016-05-01,Barisal,2014,34.09,34.73,34.135954156275666,33.51483416093478,34.20879219075431,33.165115,34.11075133806077,33.69367705020195,34.18917750307371
2016-06-01,Barisal,2014,33.04,32.4,32.71402848832794,32.44569269571763,32.751737659470145,32.170475,32.79927011155077,32.667764848946355,32.56772971287372
2016-07-01,Barisal,2014,31.57,30.92,31.75432493032914,31.565142064844792,31.878252335882458,31.390873,31.800899027455863,31.693937875922195,31.76386433278846
2016-08-01,Barisal,2014,32.05,31.71,31.859041222035103,31.822150587888327,31.873748065410034,31.7081,31.913716611116342,31.796025442355003,31.76113836336693
2016-09-01,Barisal,2014,32.61,32.42,32.21739543856955,32.025681547124904,32.18630493572696,32.07341,32.194088357257606,32.33294459692675,31.949785606787415
2016-10-01,Barisal,2014,32.32,31.77,32.243330411781606,32.087798240421016,32.23086048961021,31.981531,32.28447917493158,32.27944075433215,32.218129552047046
2016-11-01,Barisal,2014,29.55,30.02,30.315785821706456,29.99002566927108,30.235284486538553,30.248262,30.323787439793747,29.73359320809182,30.157384426608747
2016-12-01,Barisal,2014,27.52,26.38,26.76095190099659,26.48424396994237,26.765682942479533,26.654688,26.812746698178675,26.168695015811934,26.746191443007184
2017-01-01,Barisal,2014,26.58,25.77,25.841092944529148,25.999548524248183,25.939560229038634,26.214157,25.9269149977828,25.574800140677645,25.62790777091301
2017-02-01,Barisal,2014,29.92,30.17,29.384505392139555,29.721666365402886,29.539616390874514,30.784431,29.608885348861815,29.704670243366326,29.415769217366837
2017-03-01,Barisal,2014,30.9,33.32,33.165922645770756,33.23349963186001,33.21782532737727,33.248596,33.084339712106434,32.90195500598207,33.11891104721526
2017-04-01,Barisal,2014,33.04,34.7,33.762642572197585,33.50932384701119,33.830669527011054,33.030888,33.777276254754035,33.48405036279825,33.72448146097782
2017-05-01,Barisal,2014,34.92,34.09,33.571485377877224,33.479970292869915,33.75069405727282,33.206863,33.693054184346664,33.503893801053096,33.51269583237457
2017-06-01,Barisal,2014,32.99,33.04,32.78396665630263,33.01474603513357,32.8978488873203,32.86475,32.84060990018171,33.10384233939881,33.31631624695065
2017-07-01,Barisal,2014,31.34,31.57,31.7562538815188,31.81159150958171,31.734594795203975,31.682346,31.825215725367027,31.64347298398435,31.843014240104775
2017-08-01,Barisal,2014,32.54,32.05,31.828886529559863,31.680233300046055,31.796546802973236,31.548645,31.86654679676391,31.57858497088865,31.421652853358815
2017-09-01,Barisal,2014,32.66,32.61,32.35960313515967,31.91235652643978,32.39394619081117,32.073826,32.42183769705003,31.84183521859925,32.70899469525987
2017-10-01,Barisal,2014,31.62,32.32,32.3053992521574,32.22045658568878,32.44974191195944,32.107235,32.26600337592859,31.671433450296576,32.27572062714007
2017-11-01,Barisal,2014,30.44,29.55,30.12559739411823,29.864507348669694,30.08581862003567,30.047102,30.158712676772993,29.777992480896742,29.975393591968068
2017-12-01,Barisal,2014,27.01,27.52,26.993478731059323,27.21914216685037,27.0162974865574,27.034105,26.904230133437405,27.274947248459334,26.964357028396
2018-01-01,Barisal,2017,24.89,26.58,25.828198656335886,25.93567470667223,25.858447675149844,26.130962,25.907137058571394,25.797637094748737,25.820619151899553
2018-02-01,Barisal,2017,29.87,29.92,29.00714679082956,28.68209752739776,29.01453064257128,29.116892,28.917277269271274,29.0139878552645,28.915051485589434
2018-03-01,Barisal,2017,33.16,30.9,32.91680563197212,32.827631395191446,32.963329746496925,32.479294,32.85226891145782,32.81926583923887,33.425246420614826
2018-04-01,Barisal,2017,33.56,33.04,34.24769164432281,34.238519974766135,34.42366363644845,33.534004,34.25401833976129,34.32861690208118,34.44402038514515
2018-05-01,Barisal,2017,32.87,34.92,33.94810255232177,33.67997305070366,34.04213441079651,32.690548,34.05361631127916,33.67644226182107,33.786983380415826
2018-06-01,Barisal,2017,33.25,32.99,32.406685660166254,32.45894954223566,32.4209310753014,32.027035,32.48799516497325,32.25950497556295,32.277045456215944
2018-07-01,Barisal,2017,31.89,31.34,31.70634051204976,31.61000978867122,31.823521854477384,31.629877,31.781025891912545,31.81388976717748,31.829559401157045
2018-08-01,Barisal,2017,32.41,32.54,32.01119085072744,32.007029480849255,31.97553688225848,31.857775,32.115786966376184,31.77888544984803,31.60574264720666
2018-09-01,Barisal,2017,33.55,32.66,32.39564521075939,31.83563641941767,32.254139262339585,31.884306,32.39400371595533,31.992847695282855,32.13787934624713
2018-10-01,Barisal,2017,31.66,31.62,32.48820010523081,32.12100999543621,32.497296299517096,32.117847,32.542695946495535,32.537239522167205,32.787824197782406
2018-11-01,Barisal,2017,30.33,30.44,30.22083434436069,30.178462798736813,30.311221082883627,30.304314,30.2197615790327,29.73858130032209,30.13278188936729
2018-12-01,Barisal,2017,26.05,27.01,27.004521390341335,27.043926781408782,27.027290848333394,26.582605,26.952404325746112,27.079004155632646,26.790722049541422
2019-01-01,Barisal,2017,27.05,24.89,25.55408011910946,25.421911412285763,25.61476991703134,25.629221,25.70684201059372,25.143989197135802,25.511496496289126
2019-02-01,Barisal,2017,28.88,29.87,29.53674469314969,30.100206940480568,29.614034704790154,29.582859,29.638045551110867,29.505908037166407,29.12638263877558
2019-03-01,Barisal,2017,31.91,33.16,32.823490319694756,32.67401202114129,32.822604032652784,32.3111,32.65266348227429,32.8452011731351,32.759165579825485
2019-04-01,Barisal,2017,33.79,33.56,33.89150805774511,33.94554192861305,33.87796354898237,33.118385,33.85915166142763,33.3351771933987,33.85720324554402
2019-05-01,Barisal,2017,34.89,32.87,33.87247391346903,33.87785589538463,34.04176454451153,33.367367,34.13410018686266,34.41056971796468,34.404379774393874
2019-06-01,Barisal,2017,34.04,33.25,32.95236228849561,32.95418739040337,32.98856474986242,32.57936,33.0227700218168,33.09200447782962,32.78471916267313
2019-07-01,Barisal,2017,32.32,31.89,32.040584775337116,32.09738923179958,32.05811974039465,32.01802,32.0191597907777,32.1994279084153,32.01780221576478
2019-08-01,Barisal,2017,32.71,32.41,32.230155819387605,32.05059732176905,32.21591311616351,31.643202,32.13997336599367,32.19730296985265,32.41761627588268
2019-09-01,Barisal,2017,32.31,33.55,32.59797102644665,32.649782331081404,32.714222971270914,32.202095,32.695034940388034,32.63196499531237,32.67477280024295
2019-10-01,Barisal,2017,32.17,31.66,32.18481244681609,32.18311940438444,32.252255318451546,31.80028,32.344320734722736,31.944614647019552,31.731231550221214
2019-11-01,Barisal,2017,30.29,30.33,30.299851497976587,30.474106287901815,30.370438092282836,30.295174,30.230490452019975,30.36173386783501,30.23567770207219
2019-12-01,Barisal,2017,25.83,26.05,26.96662311045638,27.10862379515936,26.992115329022138,26.607685,26.945507639778764,27.154641564928525,27.053785534024957
2020-01-01,Barisal,2017,24.82,27.05,25.609648176044562,25.9008792699779,25.665206879005652,25.602875,25.59126826240156,25.15945235805192,25.480242547845467
2020-02-01,Barisal,2017,27.9,28.88,28.9652304912345,28.93823275970433,28.973122119009794,28.939526,28.847252462281425,28.976681504949536,28.95769629788754
2020-03-01,Barisal,2017,32.57,31.91,32.41434697619082,32.188510580851315,32.482722206497684,31.782051,32.409076887168005,32.807208417846624,32.676566599812524
2020-04-01,Barisal,2017,33.67,33.79,33.968953694389,33.7667579637805,34.12728439240867,33.72486,34.03994989691748,34.4104708463068,34.108637432266974
2020-05-01,Barisal,2017,33.63,34.89,33.938404720328656,33.93182688002415,33.99468798500306,33.082993,34.020283695362416,34.66467341387855,33.880136089314284
2020-06-01,Barisal,2017,32.67,34.04,32.72954475235421,32.80001339955193,32.8224255130386,32.444313,32.880994045252386,32.83277797861588,32.611175873948596
2020-07-01,Barisal,2017,32.64,32.32,31.670142807569935,31.799010318930264,31.75445318013252,31.627335,31.621295244005157,31.67774269649122,31.59575517935514
2020-08-01,Barisal,2017,32.18,32.71,32.253130788294904,31.83577927430435,32.210223594420455,31.747074,32.220407242266766,31.892327944104817,31.871669530371225
2020-09-01,Barisal,2017,33.11,32.31,32.463903763434416,31.981911477976364,32.42038281740224,31.871105,32.477317624828345,32.35036279581202,32.26341414212488
2020-10-01,Barisal,2017,32.84,32.17,32.35932846567793,32.15783301850551,32.29814288964571,32.289566,32.38440542309745,32.62562797380837,32.046746693275
2020-11-01,Barisal,2017,30.59,30.29,30.515200409664587,30.470355040190313,30.448517853501382,30.200619,30.471309121324495,30.433509369584282,30.294594496659645
2020-12-01,Barisal,2017,26.69,25.83,27.034505596349828,27.07185697407401,26.991947825213423,26.42398,26.894955625722996,26.946940343528418,26.755469960440767
2021-01-01,Barisal,2020,26.61,24.82,25.796059386029235,25.25480943596103,25.682718865641704,25.813976,25.572043643488875,25.156490219400236,25.701743856209287
2021-02-01,Barisal,2020,29.59,27.9,29.412704368726693,28.75091674309941,29.46543101415906,28.850643,29.46522539262601,28.605389380921192,29.302091024787426
2021-03-01,Barisal,2020,34.05,32.57,32.952175541235576,32.77401556225738,32.98024108862624,32.951836,32.92398392633952,32.63251532964353,32.91435038800694
2021-04-01,Barisal,2020,35.41,33.67,34.446164737160025,34.427371030735685,34.42282204680876,33.355434,34.33673321705562,34.33049995586077,34.51981777375266
2021-05-01,Barisal,2020,34.79,33.63,34.47559540467268,34.23897123989549,34.589551578840535,33.902752,34.507766214478075,34.462409210600676,34.63459853653052
2021-06-01,Barisal,2020,31.94,32.67,33.15673723704538,32.98462880949699,33.246596585156695,32.692837,33.12785864322802,33.56481623100529,33.35429653722911
2021-07-01,Barisal,2020,32.56,32.64,31.66202102787288,31.982206605773882,31.819913270295668,31.666803,31.960669653485137,31.7496757607185,31.583674451896403
2021-08-01,Barisal,2020,32.54,32.18,32.23809773841305,32.11226591168005,32.35313265651005,31.980215,32.59224713960095,32.857638456119034,32.604457983446814
2021-09-01,Barisal,2020,32.77,33.11,32.602218507205855,32.29916846548205,32.7000934135478,32.25221,32.605785448917906,32.47394214593397,32.655559630768586
2021-10-01,Barisal,2020,33.42,32.84,32.331307311172935,32.25638692887425,32.25503257528293,32.271454,32.31965134162769,32.28350530279851,32.20312784612481
2021-11-01,Barisal,2020,30.53,30.59,30.655945548721636,30.427319077801677,30.62386121161603,30.25268,30.649448714152957,30.481933630030536,30.941172889782855
2021-12-01,Barisal,2020,26.78,26.69,27.02155080276203,27.158858552423766,27.101044950436716,26.775301,27.085432341570375,26.877031618755083,27.135863585779813
2022-01-01,Barisal,2020,25.33,26.61,25.88997779789154,26.34515090287465,25.98320371409286,25.684166,25.937308918710393,26.415438600769804,26.285865358748236
2022-02-01,Barisal,2020,27.91,29.59,29.136468874931133,29.48249303154731,29.265940593720867,29.4631,29.302109869837558,29.170254701149766,29.066350299071217
2022-03-01,Barisal,2020,33.52,34.05,32.566184822939086,32.25731643303542,32.69767594866303,32.58385,32.67361876787965,32.58101803419878,32.43804744924468
2022-04-01,Barisal,2020,33.88,35.41,34.29192643379257,33.4083153147596,34.36122224131292,33.204876,34.31741913733468,34.59865870778093,34.42505273880197
2022-05-01,Barisal,2020,33.69,34.79,34.09064313488393,33.98549171427347,34.085369037993054,32.95811,33.93319086449533,34.13738530522409,33.96676542685717
2022-06-01,Barisal,2020,33.1,31.94,32.7344071394401,32.73769050332658,32.78486636262574,31.921156,32.67986967923216,32.648622364734784,32.8316716509114
2022-07-01,Barisal,2020,33.18,32.56,31.937456765903004,32.238650028876506,32.034560950706535,31.87827,32.28260377956725,32.17376816189112,32.04825329879221
2022-08-01,Barisal,2020,32.91,32.54,32.46842195623913,32.14552983909758,32.553694997906206,32.111603,32.49478805036643,32.462832509283736,32.56241705303559
2022-09-01,Barisal,2020,32.85,32.77,32.76196312808942,32.46298803311579,32.790188094903776,32.006077,32.79317594596695,32.77408888208734,32.68057914645315
2022-10-01,Barisal,2020,32.41,33.42,32.46709628257699,32.423665474419074,32.50718950259083,32.22533,32.453116745164465,32.472977187726144,32.40893606562904
2022-11-01,Barisal,2020,30.91,30.53,30.430602867900312,30.570271388731953,30.5065338636174,30.443388,30.554645952581346,30.387005009609695,30.42210517008284
2022-12-01,Barisal,2020,27.94,26.78,27.062237660849046,27.02462278175533,27.009986006041252,26.795286,26.95155763950343,27.126070193795314,26.78941349910128
2023-01-01,Barisal,2020,26.33,25.33,26.159216303185474,25.984791805953655,26.144104702653486,26.177769,25.9665320103922,25.83996904327941,26.376335506591143
2023-02-01,Barisal,2020,29.94,27.91,29.378964754294376,28.656042924256354,29.436292035014343,28.460445,29.36350550549827,28.56049005176338,29.28778218371863
2023-03-01,Barisal,2020,32.53,33.52,33.20313849442239,32.60850944947361,33.25134362329813,32.864285,33.25881853469248,32.49553935907634,33.24974105533648
2023-04-01,Barisal,2020,35.42,33.88,34.16589814572683,33.99057666539269,34.23286668751666,33.5688,34.225518451622634,33.73976450126008,34.168369827064765
2023-05-01,Barisal,2020,34.61,33.69,34.427620635911,34.61987890093421,34.52680048796985,33.85339,34.446132471396695,34.52742048922652,34.82233974333397
2023-06-01,Barisal,2020,33.53,33.1,33.07377109996954,33.31111657440398,33.21715124511732,32.779636,33.128144241347705,33.680008573453684,33.11093565589529
2023-07-01,Barisal,2020,33.4,33.18,32.20482874380279,32.37941215116904,32.279102463337345,32.316402,32.32067592160631,32.51231745675841,32.204380489359714
2023-08-01,Barisal,2020,31.83,32.91,32.60434880657671,32.37095730278419,32.67120150182378,32.234425,32.69741397155998,32.822933475458974,33.03517331645045
2023-09-01,Barisal,2020,32.87,32.85,32.54296690170321,32.39009011944098,32.62964784809033,32.322605,32.498744051350684,32.27560544097912,32.52727333643399
2023-10-01,Barisal,2020,32.45,32.41,32.43104876076291,32.294930222948786,32.505052996257106,32.209553,32.57945294176648,32.35729276142585,32.86403280114748
2023-11-01,Barisal,2020,30.68,30.91,30.476920017231755,30.79324117278457,30.582143488174594,31.039972,30.6639375176323,30.794937038522665,30.357204881206446
2023-12-01,Barisal,2020,27.27,27.94,27.079692349888592,27.47682033195678,27.17371007465239,27.688679,27.34807027981451,27.01785628036412,27.007288511156627
2012-01-01,Bogra,2011,23.95,22.25,23.529443186685803,24.226150227142327,23.542506727342314,24.175034,23.560326014623406,23.641699117751212,23.270497159268423
2012-02-01,Bogra,2011,28.06,28.29,27.771091472443427,27.656702214955455,27.89438144672961,27.570889,27.732840266164626,27.239362799524983,27.800124198773396
2012-03-01,Bogra,2011,32.6,31.61,31.464748948403816,32.0944122323222,31.50215391252761,31.11388,31.426497742125015,32.49531107487923,31.474110986606906
2012-04-01,Bogra,2011,33.43,33.14,33.76043856109585,34.605653817668674,33.69909429560451,34.567574,33.72218735481705,34.42342400366622,33.64262861656403
2012-05-01,Bogra,2011,35.16,32.97,33.75479444721289,33.042856609525046,33.703152545140796,32.399437,33.75788751989178,33.38812062857332,33.40337293937919
2012-06-01,Bogra,2011,33.44,33.33,33.429658687340755,33.00855332154112,33.69217312332697,32.50893,33.415730423892576,33.69921721241169,34.07178600434336
2012-07-01,Bogra,2011,32.86,32.89,32.640701311938,32.45850970863682,32.83790675728185,32.318687,32.643794384616896,32.18730246251857,32.326014332796305
2012-08-01,Bogra,2011,33.27,32.09,32.76695472008542,32.61286061972479,32.99759481946481,32.465866,32.753026456637244,33.259892641509396,33.47311169998911
2012-09-01,Bogra,2011,33.02,32.88,32.860429595848416,32.7037580448589,33.02735040156092,32.407578,32.870297200670336,33.419677414634016,32.911425443639686
2012-10-01,Bogra,2011,32.56,33.82,32.15193126639317,32.30702043204941,32.32022336149505,32.101234,32.13800300294499,32.34739229079244,32.08019423095672
2012-11-01,Bogra,2011,29.27,29.92,30.31355865188192,30.03927877923623,30.22521717626755,29.93417,30.29963038843374,29.84456128103309,30.180819577092155
2012-12-01,Bogra,2011,23.06,24.44,26.08770971761539,25.333073622408396,26.06439417167951,25.996998,26.07378145416721,25.267064764289383,25.745273739829027
2013-01-01,Bogra,2011,23.65,23.95,23.057833133525072,24.56377257703839,23.1692699357399,24.428804,23.01958192724627,24.26571869250847,23.3236359541218
2013-02-01,Bogra,2011,28.57,28.06,27.85643748943855,28.46349986014416,28.104675205080177,27.716661,27.81818628315975,27.798768238516967,28.151710828598144
2013-03-01,Bogra,2011,32.88,32.6,31.859552501041613,32.00011711188968,31.867811258527702,30.637945,31.82130129476281,33.12816223469232,31.50903649905731
2013-04-01,Bogra,2011,34.47,33.43,33.860638290437926,34.07427210282246,33.963940764896336,33.964684,33.814760561826695,35.16555503203456,33.61762272315093
2013-05-01,Bogra,2011,32.01,35.16,34.07990632195463,32.811135848707615,34.00427952628791,32.50174,34.082999394633525,33.92314526536202,34.12875286356526
2013-06-01,Bogra,2011,34.48,33.44,32.68501404211688,32.59396325757069,32.9285426951029,32.467014,32.671085778668704,33.309297506001506,33.07010610382588
2013-07-01,Bogra,2011,33.33,32.86,33.026983234785725,32.632927968834,33.26685413363211,32.55038,33.013054971337546,32.902102661338226,33.53636590069935
2013-08-01,Bogra,2011,32.28,33.27,32.92675756610347,32.591171514645325,32.990670312746005,32.54193,32.92985063878236,33.846010946500144,32.91634071901495
2013-09-01,Bogra,2011,33.64,33.02,32.646375386044646,32.34535395015059,32.829493056914245,32.27694,32.63244712259647,33.292313904053465,32.56775528649867
2013-10-01,Bogra,2011,31.4,32.56,32.44328201703323,31.814718377162006,32.43568551498729,31.555904,32.429353753585055,32.496970110321676,32.362494425046386
2013-11-01,Bogra,2011,30.73,29.27,30.028007429330252,29.480595919921942,30.126442993993706,29.93421,30.08702428290119,29.000024513475967,30.161780432261885
2013-12-01,Bogra,2011,25.96,23.06,26.315553595945037,25.945001512288613,26.365694439890117,27.192354,26.301625332496858,25.40459003002896,26.695752027467876
2014-01-01,Bogra,2011,23.13,23.65,23.611482286375566,23.95181329201404,23.606353640178867,24.709053,23.61457535905446,24.46482272377789,23.30727519300219
2014-02-01,Bogra,2011,25.81,28.57,27.854489898286477,28.111279940805257,28.035041577868824,27.788551,27.816238692007676,27.40091116291473,27.73627483029838
2014-03-01,Bogra,2011,31.45,32.88,31.23079898510676,31.040708045633966,31.38495317128838,31.317423,31.192547778827958,32.05309582483013,31.311780088649584
2014-04-01,Bogra,2011,35.51,34.47,33.48324881027379,33.68874901736587,33.589695047166735,34.099247,33.44499760399499,33.8728020653988,33.615373064541856
2014-05-01,Bogra,2011,35.13,32.01,34.22062006938328,33.464794788327325,34.16976937237626,33.37473,34.10611038255562,34.68156282147717,34.0685687688382
2014-06-01,Bogra,2011,33.13,34.48,33.553031377825484,32.490598054491436,33.62542553007149,32.714798,33.55612445050438,33.37361193087164,33.55974576388123
2014-07-01,Bogra,2011,33.15,33.33,32.7362088046995,32.379376614361675,32.71256021223051,32.151814,32.739301877378395,32.68091164228746,32.71206503461564
2014-08-01,Bogra,2011,32.84,32.28,32.798652485982146,32.63024578508418,33.048585499337996,32.38418,32.78472422253397,32.88976876404182,33.22841517607275
2014-09-01,Bogra,2011,32.37,33.64,32.8572595710102,32.463285080958926,33.15679110021603,32.3073,32.84333130756202,32.664603816228755,33.04015838295944
2014-10-01,Bogra,2011,32.77,31.4,32.30183654776874,32.080349805366026,32.42398035341802,31.993435,32.28790828432056,32.66831891652403,32.38682084172559
2014-11-01,Bogra,2011,30.88,30.73,30.282096161242904,30.610708374045224,30.274071374336206,30.155464,30.268167897794726,31.230636257374634,30.102459162773606
2014-12-01,Bogra,2011,25.03,25.96,26.07821612316147,26.78012055145703,26.069690511587172,27.294128,26.064287859713293,26.58879797676157,26.271824233145676
2015-01-01,Bogra,2014,24.16,23.13,23.489044531395486,23.683922420016025,23.494382161075496,24.065708,23.458900372644713,23.675451842313276,23.728097396026975
2015-02-01,Bogra,2014,27.85,25.81,28.096937509796625,27.009543714171677,28.120256487798123,26.937809,28.07714996354938,26.09034659929841,28.04977512243726
2015-03-01,Bogra,2014,31.26,31.45,31.913957454983503,32.005707206667275,32.11005249802379,31.163525,31.878668010954172,32.36200270050674,31.834588231487256
2015-04-01,Bogra,2014,31.89,35.51,33.51972940804524,34.00962233798168,33.7072095780431,34.3449,33.484439964015905,34.91752329893504,33.40042090433931
2015-05-01,Bogra,2014,33.65,35.13,33.520314648235235,32.82943283527955,33.574748675464456,32.999268,33.485025204205904,33.03096482520584,33.17664084920902
2015-06-01,Bogra,2014,33.22,33.13,33.26680991009235,33.255394200465666,33.52759076787699,32.772263,33.276600739475185,33.84332984017186,33.29600035508387
2015-07-01,Bogra,2014,32.89,33.15,32.828254395573836,32.377047303195695,32.9263893025568,32.325233,32.83804522495667,32.20612569794205,32.89787378346635
2015-08-01,Bogra,2014,32.56,32.84,32.791712996331356,32.603242610092586,32.86835404103849,32.774334,32.80150382571419,32.467750953544446,32.69347139256317
2015-09-01,Bogra,2014,33.47,32.37,32.85869335539424,32.80199966784956,33.00412164114438,32.31154,32.868484184777074,32.94688585862448,33.006140056374605
2015-10-01,Bogra,2014,33.38,32.77,32.58423040636231,32.5947675649933,32.75007209954667,32.33164,32.594021235745146,32.40034991917766,32.668915334502834
2015-11-01,Bogra,2014,31.2,30.88,30.357616277996332,30.546471602897338,30.421905461574163,30.230509,30.36740710737917,30.198931138263635,30.322311077827177
2015-12-01,Bogra,2014,25.71,25.03,25.74534818297796,26.527952199059584,25.8448667255663,26.686092,25.755139012360797,27.494765204610648,25.595925708808814
2016-01-01,Bogra,2014,24.43,24.16,23.729662848659498,23.634058071378703,23.705993724007,24.410715,23.709875302412254,24.198431930309088,23.642741015459546
2016-02-01,Bogra,2014,29.07,27.85,28.152115622261288,27.256399776012707,28.077726280302304,27.831133,28.132328076014044,25.839464926822448,28.12198396417727
2016-03-01,Bogra,2014,32.51,31.26,32.277319499900095,32.211482911699186,32.14362876382794,31.631664,32.242030055870764,31.516154015152935,32.203415920967174
2016-04-01,Bogra,2014,35.57,31.89,33.904324279416045,34.54749305505474,33.81373848051618,34.505127,33.869034835386714,33.723968006209354,33.85592472253893
2016-05-01,Bogra,2014,33.23,33.65,34.1702894246304,33.45628311840975,34.05944167329394,32.87298,34.134999980601066,33.73680944777843,34.325716433971245
2016-06-01,Bogra,2014,33.82,33.22,33.34567367891002,33.05654742799973,33.45833195213076,33.056667,33.355464508292854,33.30768963764596,33.43124320249847
2016-07-01,Bogra,2014,32.31,32.89,33.01717514383064,33.131482542075176,33.167938128637694,32.42787,33.02696597321348,32.48243511150532,33.1682208803087
2016-08-01,Bogra,2014,33.74,32.56,32.58850431220623,32.32987947754531,32.76445434875116,32.756184,32.59829514158907,32.85669194139305,32.523542986501376
2016-09-01,Bogra,2014,32.87,33.47,33.24032524676896,32.78453305411237,33.514021122328465,32.832817,33.2501160761518,33.28924765413713,33.45218951145173
2016-10-01,Bogra,2014,33.02,33.38,32.35796629119578,32.70226368884463,32.47863415950722,32.219784,32.34506607655349,32.1652482879123,32.25435420729205
2016-11-01,Bogra,2014,30.88,31.2,30.43577161432598,30.216438200898686,30.60799342240637,30.505302,30.445562443708816,29.619288868806233,30.652814801543713
2016-12-01,Bogra,2014,27.65,25.71,25.69393562485954,26.23460819213185,25.78476639001089,26.6803,25.70372645424238,26.24028375852629,25.741236864279966
2017-01-01,Bogra,2014,25.88,24.43,24.15859830492257,24.597354776991462,24.353640797210122,24.646242,24.128454146171798,24.277126083506595,24.23012209947405
2017-02-01,Bogra,2014,28.71,29.07,28.282771226332443,27.447167455020566,28.312938449721145,27.82684,28.2629836800852,27.47819925918106,28.3521376570457
2017-03-01,Bogra,2014,29.15,32.51,32.176100260800105,32.25427637622832,32.26233933072059,31.71765,32.140810816770774,31.25884847440321,32.41658013079498
2017-04-01,Bogra,2014,32.05,35.57,33.34515283118143,32.733629344805166,33.46517372917027,32.5665,33.354446635126614,33.00420296781272,33.25424683707784
2017-05-01,Bogra,2014,33.59,33.23,33.46087041722146,33.51742434170366,33.660920073083986,33.02591,33.425580973192126,33.13662388683612,33.667547707044896
2017-06-01,Bogra,2014,33.15,33.82,33.37112749613866,32.969192649277865,33.47995179784419,32.81187,33.378307539634854,33.56025771943236,33.32926065410128
2017-07-01,Bogra,2014,31.86,32.31,32.88305154300412,32.379633122129064,33.00186819513423,32.597137,32.870151328361835,32.06001134011842,33.03121525032801
2017-08-01,Bogra,2014,32.92,33.74,32.535156789177584,32.19637858980665,32.617998375339425,32.691967,32.54494761856042,31.9395359197488,32.34920233412596
2017-09-01,Bogra,2014,33.32,32.87,32.99078458667153,32.48351157955617,33.18366514868569,32.410446,33.00057541605437,32.318262534038645,33.81463026707103
2017-10-01,Bogra,2014,31.75,33.02,32.590332595879865,32.762485074977256,32.854303686770876,32.26133,32.597512639376056,31.469495323840185,33.137370021468406
2017-11-01,Bogra,2014,30.23,30.88,30.252457560153438,30.236577957641476,30.496388613045188,31.00662,30.18818359181447,29.63637553348333,30.443419280767777
2017-12-01,Bogra,2014,26.8,27.65,25.542114401848615,26.833049703440437,25.791219867388325,26.6982,25.55190523123145,27.93786895315932,25.461941711759547
2018-01-01,Bogra,2017,22.0,25.88,24.139540190214177,24.839734060520907,24.190473579675878,24.770977,24.093078920954724,24.98366477687763,23.809861868330245
2018-02-01,Bogra,2017,28.31,28.71,27.43911775140019,27.069111097901832,27.596751227524518,28.225248,27.485612030456977,27.187775525006625,27.130840305423263
2018-03-01,Bogra,2017,32.12,29.15,31.940295301420516,31.66376299710092,31.899640970765294,30.203821,31.944765379229462,30.97422422530796,31.565416210618555
2018-04-01,Bogra,2017,31.81,32.05,33.84675995829386,33.98470815236513,33.79083128998481,33.46598,33.71654343428892,33.94226485378145,33.869507565085044
2018-05-01,Bogra,2017,31.57,33.59,33.380752788125925,32.65732507186259,33.55174746338957,32.765663,33.39233838507479,32.99770911684579,33.85942949159683
2018-06-01,Bogra,2017,33.39,33.15,32.872445318781494,33.019120305342874,32.97971679961598,33.00741,32.86066346608913,32.3858100785351,32.45970459808786
2018-07-01,Bogra,2017,32.92,31.86,32.875826879207814,32.24953672873004,33.0430235029554,32.276833,32.90265760457965,32.61749930793791,33.38419480963964
2018-08-01,Bogra,2017,33.31,32.92,32.837856685486955,32.82056632668479,32.939932648108325,32.6286,32.82647066351525,32.882339267133034,33.20181964076402
2018-09-01,Bogra,2017,33.64,33.32,33.13289290689448,32.15468648130561,33.046031991622975,32.30824,33.12150688492278,32.48123580992976,32.57370132284733
2018-10-01,Bogra,2017,31.66,31.75,32.74340109516342,32.85494265986197,32.98095103203419,31.907967,32.75895971235295,32.94384821808798,33.0575667153074
2018-11-01,Bogra,2017,30.43,30.23,30.30074384468038,30.270261971853795,30.534568660820092,30.729616,30.319587959296893,30.001827515612675,31.47226994218053
2018-12-01,Bogra,2017,26.45,26.8,25.780806648660878,26.476966594587083,25.93827787514482,25.880024,25.796365265850405,26.530824696780016,25.37600359430839
2019-01-01,Bogra,2017,26.68,22.0,24.137163265075962,24.17784170217973,24.224164945135364,23.716059,24.106724661242644,24.041632234796865,24.30917673603739
2019-02-01,Bogra,2017,27.74,28.31,28.719358719720827,28.583960497541426,28.75802532692445,28.208853,28.68892011588751,27.665445673239297,29.066043029871278
2019-03-01,Bogra,2017,31.12,32.12,31.725128416620947,31.342901822274605,31.74916500352754,31.298397,31.729598494429894,31.017219521011672,31.634935373967192
2019-04-01,Bogra,2017,32.51,31.81,33.674505652431705,33.708698047174074,33.64246410985228,33.096054,33.624445097092845,32.53096805339318,33.40850350021192
2019-05-01,Bogra,2017,33.78,31.57,33.424225972100515,33.21022445872308,33.56836633291077,32.956097,33.43581156904938,33.60231705529741,34.05920332191266
2019-06-01,Bogra,2017,33.64,33.39,33.47418469017065,33.07619299545409,33.62340646465824,32.99137,33.48974330736018,32.97321399903125,33.700704569751
2019-07-01,Bogra,2017,32.71,32.92,32.842052972612095,32.47756838523992,32.870326835326615,32.71487,32.83027111991973,32.56290264046357,32.61538271539183
2019-08-01,Bogra,2017,33.9,33.31,32.92519509210248,32.815209798644545,33.0879364721851,32.631245,32.913809070130775,32.60250716128835,32.90176621983376
2019-09-01,Bogra,2017,32.39,33.64,33.277097117447425,33.069115731838224,33.41363254089616,32.456463,33.26571109547572,32.79383053307686,33.63191212261166
2019-10-01,Bogra,2017,31.44,31.66,32.42937763181003,32.32301995127446,32.61137863067473,31.996677,32.444936248999554,31.655476294215,32.21728143204461
2019-11-01,Bogra,2017,30.74,30.43,30.281774714215146,29.79761587381481,30.587082684864658,30.49522,30.324391733481036,29.75648274285558,30.772186776290404
2019-12-01,Bogra,2017,24.84,26.45,26.099304057687487,26.386831219929306,26.34402970801821,26.34077,26.087918035715784,26.455454920244495,26.31513881121186
2020-01-01,Bogra,2017,23.57,26.68,23.85806423649357,24.216605365689478,24.002607073208836,25.168678,23.862534314302515,24.3585256951818,23.786017446653275
2020-02-01,Bogra,2017,26.78,27.74,28.004391930361678,27.67047589601472,27.99676316493338,27.129276,27.934515497942854,27.194057241535855,27.597214160094314
2020-03-01,Bogra,2017,30.73,31.12,31.233198014203293,31.16010136913534,31.269042993159985,30.979683,31.102981490198356,31.017989980539273,30.551295155659023
2020-04-01,Bogra,2017,32.24,32.51,33.359722522054234,33.521645390266485,33.50217159807754,32.882725,33.2295059980493,33.93378354823051,33.499309962561355
2020-05-01,Bogra,2017,32.09,33.78,33.32961593642723,32.986800585071165,33.48516792112615,33.980827,33.34120153337609,33.58498835561844,33.633768240572884
2020-06-01,Bogra,2017,33.38,33.64,33.0740792226501,33.00900364317677,33.346370495546424,33.085453,33.089637839839625,32.94974045648696,33.11114246069335
2020-07-01,Bogra,2017,32.42,32.71,32.71135230225738,32.20460515703985,32.93319889811236,32.34464,32.73818302762922,32.559918460553604,33.13168199044499
2020-08-01,Bogra,2017,33.65,33.9,32.92390683251634,32.52752973459819,33.02005161154762,32.383854,32.94275094713285,32.385619368865015,32.86312348486781
2020-09-01,Bogra,2017,32.68,32.39,33.25642028814606,32.678154313673474,33.313987730551275,32.358635,33.27197890533559,32.830678032975655,32.754605909306264
2020-10-01,Bogra,2017,33.01,31.44,32.3531206801237,32.70101835928215,32.471664344280626,31.947983,32.371964794740215,32.42468646615121,32.163553572756875
2020-11-01,Bogra,2017,30.57,30.74,30.676719122701364,30.679484517017915,30.829960853542854,30.638245,30.66533310072966,30.8495498143908,30.905112264064353
2020-12-01,Bogra,2017,24.87,24.84,26.13742497500045,26.150147778386653,26.21008230820791,25.415974,26.126038953028747,26.579836681957293,25.46389196051766
2021-01-01,Bogra,2020,23.79,23.57,23.778213705725136,23.928319617730686,23.88803504588689,24.274473,23.79853408024377,23.46048883715754,23.61168260354825
2021-02-01,Bogra,2020,29.1,26.78,28.017064944708018,26.977395088080712,27.93276904996954,26.658154,28.03738531922665,27.08487498094602,27.44453542270712
2021-03-01,Bogra,2020,32.74,30.73,31.801401433337823,32.19232387347803,31.62855193914724,31.389189,31.8311584524702,31.899342262517816,31.30822333491108
2021-04-01,Bogra,2020,34.96,32.24,33.57958517505995,34.02098501420091,33.45563752963347,34.30068,33.62029715164772,34.088976573138815,33.51731722655763
2021-05-01,Bogra,2020,33.32,32.09,33.81704599312262,33.3270827202114,33.6356994036045,33.04234,33.85775796971039,33.428088348983565,33.590955735494454
2021-06-01,Bogra,2020,32.72,33.38,33.41438504790485,33.31097950649277,33.585173271534465,32.995758,33.46007755508244,33.651682214359205,33.32541336870131
2021-07-01,Bogra,2020,33.13,32.42,32.5515158995072,32.53257984498892,32.8128364072123,32.714523,32.54414293673063,32.44137745435727,33.02229449098955
2021-08-01,Bogra,2020,32.99,33.65,33.17542376076552,32.97356076858454,33.384158530833986,32.919857,33.22004246419045,33.439866240535615,33.50528717078251
2021-09-01,Bogra,2020,33.7,32.68,33.05560382047178,32.75778388546794,33.213001798984976,32.574722,33.10432068595173,32.95743211344438,32.99310288852263
2021-10-01,Bogra,2020,33.27,33.01,32.46794336111717,32.37816126145376,32.523763956037385,32.28554,32.4605703983406,32.50331333813687,32.42347487566847
2021-11-01,Bogra,2020,30.07,30.57,30.754601522286976,30.029877091303526,30.68902026661893,30.522242,30.80331838776692,30.224088111193883,30.486857595909573
2021-12-01,Bogra,2020,26.75,24.87,25.9299490565884,25.736864751286646,26.038744997296813,25.355259,26.038842704378354,25.549815172669334,25.940396791105446
2022-01-01,Bogra,2020,23.47,23.79,24.421198345965152,24.441402912317166,24.5937036873726,23.981754,24.465817049390083,24.684846852184084,24.520142840946974
2022-02-01,Bogra,2020,25.51,29.1,27.828717915222622,27.73447861269783,27.972866424882934,27.921711,27.874410422400214,27.460987861234194,27.51687036275204
2022-03-01,Bogra,2020,33.3,32.74,30.913769031779708,30.98898815778891,31.005737058984103,31.299868,30.984187002198638,31.25550859715452,30.480806417149065
2022-04-01,Bogra,2020,33.45,34.96,33.65044738725419,34.45870668243097,33.732808806114754,34.802197,33.632520232355546,35.042765778036994,32.97994504133829
2022-05-01,Bogra,2020,32.85,33.32,33.43125396118381,32.91237160485294,33.36018352171834,34.23126,33.508484556236056,33.71273214186376,33.27157610414063
2022-06-01,Bogra,2020,32.53,32.72,33.317459497114,33.11212264075629,33.36732773272913,33.03425,33.31008653433743,32.599709693054514,33.207192028271535
2022-07-01,Bogra,2020,34.15,33.13,32.5055914533029,32.57121246421007,32.62514811135943,32.737926,32.56243044256071,32.38168650587039,32.418357003457366
2022-08-01,Bogra,2020,33.82,32.99,33.52508775238608,33.32746922238164,33.70764529511843,33.021793,33.570747883065685,33.48607365090062,33.83512675637464
2022-09-01,Bogra,2020,32.83,33.7,33.177074156317545,32.66596283070877,33.30838296018397,32.750904,33.22579102179749,32.73865005308313,32.888207749669974
2022-10-01,Bogra,2020,32.69,33.27,32.27673273662014,32.39238133603941,32.529515625814405,32.09466,32.35393095144911,32.43773937231009,33.13117976158755
2022-11-01,Bogra,2020,31.01,30.07,30.633147432565572,30.68770918642392,30.77261940467096,30.007053,30.625774469789,31.05323609675962,30.804807861028166
2022-12-01,Bogra,2020,26.73,26.75,26.01540829132564,26.46518691559009,26.22194788232869,26.965237,26.04373355473645,26.296861210455482,26.216778593016812
2023-01-01,Bogra,2020,24.13,23.47,24.360369707666337,24.45286565381062,24.4333767789223,23.978003,24.404988411091267,24.437844372221704,24.78000251158995
2023-02-01,Bogra,2020,28.55,25.51,27.926233180094542,26.834525844913603,27.94054100721408,26.971941,27.85916203283149,26.478322062291966,27.295195247206845
2023-03-01,Bogra,2020,31.4,33.3,31.7242622745906,31.79979481943179,31.692013807905067,31.7395,31.706335119691957,31.240997163629576,30.989742382074077
2023-04-01,Bogra,2020,35.33,33.45,33.22125559703307,33.40400665537071,33.224595723300126,33.61254,33.26196757362084,33.60359045358892,33.43882356994112
2023-05-01,Bogra,2020,34.61,32.85,33.76566906863127,33.91674698444891,33.816552286499444,33.112217,33.78361302272651,33.90410096845969,34.22550449016965
2023-06-01,Bogra,2020,34.86,32.53,33.70538359365472,33.36914619337892,33.63320137556913,33.19575,33.68893491520593,33.82279758072892,33.578306166320225
2023-07-01,Bogra,2020,34.15,34.15,33.12134786175693,32.99516983436551,33.30862113866765,32.419857,33.134366503377805,33.08758240631848,33.47092665597805
2023-08-01,Bogra,2020,33.1,33.82,33.564716519167206,32.945035621972295,33.683541296328784,32.67811,33.60936759909012,33.28058163359572,33.64579404126056
2023-09-01,Bogra,2020,34.02,32.83,33.01098765374063,32.84412727262649,33.386786365831206,32.70954,33.05668016091822,33.159011472484096,33.42652251462587
2023-10-01,Bogra,2020,32.33,32.69,32.68509212014616,32.534078958039835,32.86230615696554,32.73404,32.72971082357109,32.6908823001054,32.93851492799717
2023-11-01,Bogra,2020,31.22,31.01,30.51149521984124,30.496162438970323,30.660686829041133,30.613714,30.560212085321186,30.230132341419,30.064005164706952
2023-12-01,Bogra,2020,26.48,26.73,26.065480773194192,27.14825052797981,26.11249409157056,26.752733,26.06306549752733,26.731839186575183,26.200568461913086
2012-01-01,Comilla,2011,24.22,24.06,24.720042696423775,24.579208838925318,24.617826974948,25.480057,24.625686703450924,24.377275097648855,24.44909161698708
2012-02-01,Comilla,2011,28.01,28.29,27.71613109472393,27.973878358824603,27.741140923160497,27.366413,27.867901507645836,27.3816441878626,27.420002211940556
2012-03-01,Comilla,2011,31.55,30.79,31.037541220169942,31.486825101120253,31.27843281617904,31.097345,31.11808062551586,31.85960908495928,31.165393311387444
2012-04-01,Comilla,2011,32.19,32.52,32.954384198307295,33.03421814093236,33.01999766737031,32.736546,32.91318282288243,33.24823102143001,32.94369038634517
2012-05-01,Comilla,2011,33.64,33.15,33.028746095154524,32.79560935830411,33.02174190487083,32.697132,33.03744175345087,32.93361043282378,32.84728188197991
2012-06-01,Comilla,2011,32.24,32.24,32.27893884730768,31.840329137592427,32.37950692689473,31.329931,32.27789870993477,32.50114922586085,32.450068255251765
2012-07-01,Comilla,2011,31.86,31.99,31.738844751688063,31.321577046605533,31.847959523221437,31.440296,31.793986692400992,31.06248478688032,31.59273176722995
2012-08-01,Comilla,2011,32.39,31.37,32.28175749128153,32.12566067006196,32.34427709030963,32.143547,32.38442817573836,32.54879350694461,32.557257786564264
2012-09-01,Comilla,2011,32.37,32.25,32.42057469000668,32.2117451751177,32.338885334184,31.99307,32.24368613471837,32.62929314980283,32.452201516542836
2012-10-01,Comilla,2011,31.49,32.65,31.951891954052893,31.802293606912393,31.99096631490231,31.729126,31.976286965418307,31.77151418284526,31.865776291325965
2012-11-01,Comilla,2011,28.59,29.65,29.776601614038647,29.53195456926112,29.749543844288404,29.423964,29.673514315466583,29.23286395195889,29.71693765853913
2012-12-01,Comilla,2011,24.07,25.19,26.35622476350228,25.900251363883307,26.38302637885193,26.782337,26.42180688243071,25.588178617841695,26.177622246631117
2013-01-01,Comilla,2011,24.52,24.22,24.270388337925255,24.873045281489595,24.291082695761155,25.173586,24.374841745153248,24.717204233125095,24.373063782924344
2013-02-01,Comilla,2011,28.77,28.01,27.698556054517365,28.795278797262167,27.8256536709185,27.858059,27.84024517624054,28.232162879582383,27.73053109504437
2013-03-01,Comilla,2011,31.88,31.55,31.279039147831107,31.56690248362083,31.38878015835006,30.787142,31.297422084547186,32.34886904481785,31.255056812923105
2013-04-01,Comilla,2011,32.85,32.19,33.05166316813536,33.16943541184945,33.12085543881283,33.08656,33.05218494533308,33.427711274217174,32.95993421045629
2013-05-01,Comilla,2011,30.7,33.64,33.31648367156597,32.68392226518568,33.2505386625917,32.459568,33.356993852903564,33.11416629094929,33.35715367537956
2013-06-01,Comilla,2011,33.45,32.24,31.569929211653076,31.116960854431326,31.561144722649065,31.154278,31.574411907485924,31.799132829202353,31.812171116115877
2013-07-01,Comilla,2011,32.26,31.86,31.85611033471372,31.564918982577368,31.986062586162028,31.876862,31.869917286877296,31.895364909943297,32.630815898147915
2013-08-01,Comilla,2011,31.83,32.39,32.44079850160718,31.955890404586967,32.455557818318276,31.899136,32.40216873132825,32.55555099071431,32.51459342067933
2013-09-01,Comilla,2011,32.42,32.37,32.3222262210579,32.05903506264614,32.388287271877296,31.85108,32.3493037916155,32.408771944379225,32.258817474791684
2013-10-01,Comilla,2011,31.15,31.49,31.90509084533003,31.269613687443098,31.867285137569763,31.648499,31.86084362412837,31.563105175299395,31.845644213063316
2013-11-01,Comilla,2011,29.93,28.59,29.592358440199135,28.60074259066267,29.61000499396673,29.192205,29.59178429659569,28.169246875108797,29.636994464733032
2013-12-01,Comilla,2011,26.49,24.07,26.507422948776167,26.444293928631716,26.533727095194752,26.812038,26.553784927873295,26.111014895546212,26.994567520394778
2014-01-01,Comilla,2011,24.95,24.52,25.058748136799036,25.538857303655945,25.073192814465518,25.546795,24.811072986166177,25.494938999931513,24.75056811782476
2014-02-01,Comilla,2011,26.99,28.77,28.15711633521047,27.81263430222544,28.260674651417872,28.073141,28.117605652985244,27.538145787007174,28.163474631685865
2014-03-01,Comilla,2011,30.86,31.88,30.977279156457445,31.061167784234588,30.958002134498294,31.068642,30.92866652832534,31.09607052709984,31.222682491612513
2014-04-01,Comilla,2011,35.02,32.85,32.656460101124345,32.57137095958785,32.69337470198095,32.014122,32.59545847621232,32.287601189810026,32.87879495153262
2014-05-01,Comilla,2011,34.66,30.7,33.56961016231956,33.19277885569702,33.63195123161739,32.59263,33.56662508254679,33.78786820608183,34.17574313248783
2014-06-01,Comilla,2011,32.53,33.45,32.94865891736013,32.13070408286952,32.937049312372636,32.037403,32.85965822290641,32.94239028844154,33.18196876980168
2014-07-01,Comilla,2011,32.8,32.26,32.04244085774904,31.95069461868972,32.072294973394705,31.529486,32.13131847606188,32.00171254751412,32.16247044620491
2014-08-01,Comilla,2011,31.75,31.83,32.59246534640147,32.257211957174036,32.53015321891726,32.053074,32.42405835325076,32.68630441930793,32.923558678297994
2014-09-01,Comilla,2011,32.47,32.42,32.38188827722907,32.382939856937085,32.50485210710402,31.853884,32.47420362323165,31.98665214969193,32.41860964401527
2014-10-01,Comilla,2011,32.35,31.15,31.880680812096855,31.790879202115388,31.865804731112775,31.754292,31.94382105538871,32.060886487698475,32.160021337320096
2014-11-01,Comilla,2011,29.95,29.93,29.963253360085204,30.34720344792292,29.971843070399306,29.673967,29.91536628439279,30.67302416120891,29.87432778480211
2014-12-01,Comilla,2011,25.32,26.49,26.629455494428544,27.300803245969995,26.707784693424685,26.898851,26.57756355657664,26.613976872267717,26.68642429429284
2015-01-01,Comilla,2014,25.71,24.95,24.74521540756393,25.37559540883647,24.762760045612534,25.533539,24.59241581614185,24.397532411663335,25.109755732911086
2015-02-01,Comilla,2014,28.66,26.99,28.203980516477387,28.699999262764635,28.32478623300922,28.079966,28.221696633680622,27.77194795998313,28.078304976052873
2015-03-01,Comilla,2014,31.67,30.86,31.455882061695345,31.442328934985394,31.66207659318006,31.54814,31.414139103566892,32.36901499514807,31.866827000785864
2015-04-01,Comilla,2014,32.56,35.02,33.237830063614624,32.62120849812423,33.260726630113304,33.403873,33.229285041156785,33.496334820082474,33.244864491450286
2015-05-01,Comilla,2014,33.87,34.66,33.118841158646404,32.809136830994,33.087527340765114,32.91401,33.15704522137648,33.04768046258638,32.78416976639053
2015-06-01,Comilla,2014,32.75,32.53,32.54424736183484,32.1327278868626,32.69632219349104,31.78629,32.50343139749368,32.765664417856485,32.78061300103548
2015-07-01,Comilla,2014,31.03,32.8,32.050266316267425,31.94345344940377,32.201383864537064,31.861805,32.05861701827007,31.68423143422788,32.12423490724317
2015-08-01,Comilla,2014,31.5,31.75,32.016785776859194,31.766026479940248,32.1192825676029,31.90872,32.089443943148524,32.179129626901236,32.120637937748505
2015-09-01,Comilla,2014,32.01,32.47,32.18522215843108,32.01164589909437,32.224917860641604,32.25061,32.25341984093097,32.34836571167007,32.01560692699908
2015-10-01,Comilla,2014,32.0,32.35,31.742323020045117,31.62282557523519,31.825301478710607,31.892721,31.75033335344906,31.562672919519606,31.739701907199418
2015-11-01,Comilla,2014,29.88,29.95,29.8146567570813,29.836542436204454,29.892311006006274,29.838045,29.685379542673378,29.409846588814467,29.841714388596145
2015-12-01,Comilla,2014,25.82,25.32,26.426774166298458,26.208946702839196,26.391546792142215,26.9211,26.252849049640247,26.04205915008678,26.1682834643686
2016-01-01,Comilla,2014,24.91,25.71,24.96368475759546,24.887361932601678,24.992349452120713,25.349367,24.95466216037194,24.864374854794264,24.684427535607504
2016-02-01,Comilla,2014,28.7,28.66,28.07320005224612,28.208048548307488,28.19039078104626,27.754341,28.014452093854214,27.76529099825963,27.950190326276118
2016-03-01,Comilla,2014,31.44,31.67,31.45105162728557,31.610018555571145,31.639011940794393,31.74173,31.459351929835766,31.964183902665106,31.459624931903193
2016-04-01,Comilla,2014,32.75,32.56,33.118569237622296,32.84198574433922,33.16676242251023,32.885414,33.203682569297825,33.079020506910005,33.146886797243965
2016-05-01,Comilla,2014,32.79,33.87,33.230883254077995,32.7678679423267,33.215533314223634,32.899414,33.23293773491379,32.92251835908009,33.04190030514048
2016-06-01,Comilla,2014,32.55,32.75,32.29390804972274,31.796364438776575,32.36353399352614,31.67179,32.18014313783271,32.13484657284804,32.10316610542125
2016-07-01,Comilla,2014,30.89,31.03,31.84613523900716,31.617143184070184,32.06862482045639,31.613096,31.92825658142774,31.433477199470445,31.65644586237761
2016-08-01,Comilla,2014,32.36,31.5,31.913358793727106,31.64283688955654,31.99313943964716,31.75788,31.918255622631854,31.835868390666832,31.729563307693038
2016-09-01,Comilla,2014,32.55,32.01,32.39422759481761,32.06590035268052,32.39960856847963,32.190453,32.419919245625465,32.52345795107386,32.13590794387649
2016-10-01,Comilla,2014,32.41,32.0,31.97609703341568,31.819958341526362,32.00895449253418,31.765879,32.026567508523115,31.877199458053532,31.806798183872303
2016-11-01,Comilla,2014,28.92,29.88,29.992896802175235,29.887644005033085,30.035376488640924,29.79112,30.062246746766757,29.44713685155125,29.848430028722017
2016-12-01,Comilla,2014,27.69,25.82,26.168404172173393,25.93973977188329,26.07448786073117,26.559488,26.200683220288408,25.90453653956201,25.857817759324078
2017-01-01,Comilla,2014,26.29,24.91,25.416562974980014,25.38711248766322,25.457840101441768,25.702326,25.497715935638087,25.04643036888705,25.14758421775073
2017-02-01,Comilla,2014,28.85,28.7,28.624157206682856,28.49220823285222,28.72271568690572,28.519459,28.602547725258763,28.51070192852085,28.68825139349808
2017-03-01,Comilla,2014,29.05,31.44,31.625196797434413,31.57332184508645,31.646571564414135,31.335445,31.631493566218936,31.247673592133545,31.610571635497017
2017-04-01,Comilla,2014,30.84,32.75,32.49933127570353,31.828033527256007,32.42741526000944,31.648436,32.23478205013476,31.90835140495903,32.486640930160554
2017-05-01,Comilla,2014,33.35,32.79,32.53987678314242,32.37780877431191,32.678781265916996,32.107307,32.61219323600325,32.13688132119281,32.62120126457888
2017-06-01,Comilla,2014,31.78,32.55,32.30984494706704,32.20962481044412,32.53288458667966,32.17837,32.00006628653123,32.29420423181979,32.98772584830801
2017-07-01,Comilla,2014,31.14,30.89,31.561771239787937,31.35094437902212,31.61993538434095,31.339252,31.505409821570517,31.028805567635764,31.581994127691363
2017-08-01,Comilla,2014,31.97,32.36,31.978551521618662,31.724927983946404,32.09968814336158,31.757145,32.03632559971958,31.479856352783486,31.677984644398705
2017-09-01,Comilla,2014,31.91,32.55,32.31915581871229,31.882472896861017,32.29650682087324,32.008694,32.490477195870454,31.53352059927041,32.375764970329364
2017-10-01,Comilla,2014,31.37,32.41,31.829856939026453,31.619031146083778,31.938276047019887,31.588987,31.750128991314508,30.878739275168247,32.11800132643415
2017-11-01,Comilla,2014,29.94,28.92,29.580487678076675,29.47564032682713,29.593078545389268,29.71842,29.635843104000738,29.305545706962132,29.53883779991901
2017-12-01,Comilla,2014,26.63,27.69,26.505859160822574,27.235129760667892,26.519190930491174,27.105751,26.3359201494872,27.929904120810203,26.09877117645511
2018-01-01,Comilla,2017,24.02,26.29,25.280222064088896,25.042726905984495,25.28388882978063,25.00668,25.190650372039393,25.502658706974536,25.02069293485561
2018-02-01,Comilla,2017,28.0,28.85,27.948944665895844,27.475613355490225,27.89920125517028,28.24453,27.929090790854836,27.216382577924605,27.85092234837179
2018-03-01,Comilla,2017,31.42,29.05,31.045749197806682,30.8953350779903,31.115612433714467,31.226894,31.05209110872772,30.258365277778214,31.178308399388452
2018-04-01,Comilla,2017,31.95,30.84,32.89988805049398,32.87127389256878,33.09369461711298,32.531002,32.90444562559315,32.609761736995715,32.792534682797886
2018-05-01,Comilla,2017,31.12,33.35,33.01818744849261,32.66372855104976,33.0415445724411,32.922634,33.03915147494372,32.41441715947707,32.74284717690026
2018-06-01,Comilla,2017,31.89,31.78,31.768974469539774,31.435705317074717,31.775807793212426,31.47892,31.789938495990885,31.662257416463337,31.47663848795352
2018-07-01,Comilla,2017,31.64,31.14,31.469456721944155,31.179832131186174,31.65885558036166,31.438007,31.474014297043325,31.21829963603673,31.336616097100222
2018-08-01,Comilla,2017,32.24,31.97,32.115468459182566,31.880477685987117,32.24592042160363,31.57328,32.10743110066015,31.571617597429356,31.836814761931205
2018-09-01,Comilla,2017,32.79,31.91,32.38742457613287,31.773109073682917,32.34519149207156,31.918928,32.38429698724238,32.08562140426182,32.183014905920984
2018-10-01,Comilla,2017,30.94,31.37,32.06066494624643,31.769355855409362,32.02870506452028,31.552866,32.07394149809657,32.185122955631215,31.84716755754905
2018-11-01,Comilla,2017,29.71,29.94,29.581478416364657,29.411078034956212,29.618806262794497,29.581203,29.499683670144545,28.94260349476712,29.63686973028208
2018-12-01,Comilla,2017,25.82,26.63,26.496100518889374,26.52962128966291,26.543370764827483,26.565365,26.480377996377296,26.545141463846054,26.43997123322592
2019-01-01,Comilla,2017,26.93,24.02,24.959605916419505,24.84597066474765,24.96688137767263,24.604807,24.940071878039717,25.151253190658345,25.02816041214498
2019-02-01,Comilla,2017,27.66,28.0,28.70746647192967,28.382830882699587,28.702848128738125,28.26813,28.609267588694216,27.906481451042712,28.438306577866783
2019-03-01,Comilla,2017,30.29,31.42,31.14119164295227,30.982448019865295,31.08015457141512,30.816727,31.10050855226547,30.70131249996273,30.901187006514785
2019-04-01,Comilla,2017,32.64,31.95,32.54227271176937,32.50413141771499,32.582174420538834,32.148304,32.540331883952646,31.516819285048577,32.5193068617365
2019-05-01,Comilla,2017,33.59,31.12,33.01146936566004,32.801927423324905,33.1530840387582,32.66882,33.01602694075921,32.80118175108178,33.104810723985736
2019-06-01,Comilla,2017,33.2,31.89,32.485474234959064,32.33210595006744,32.692657675294,32.007187,32.47743687643665,32.31226301353283,32.54774846105719
2019-07-01,Comilla,2017,31.47,31.64,31.98733604199783,31.864605999265724,31.959753187221445,31.686464,31.97612746584759,31.874135206987614,32.01438789041795
2019-08-01,Comilla,2017,32.61,32.24,32.188220065463014,31.72484488537415,32.17302799771694,31.796988,32.21254411377353,32.083936743091016,32.13322973360489
2019-09-01,Comilla,2017,32.45,32.79,32.54077632523064,32.49713619212837,32.63452402037615,32.275856,32.55405287708078,32.170803731142534,32.542913475255766
2019-10-01,Comilla,2017,31.59,30.94,31.915161795196806,31.75540333262444,32.00731897489169,31.543503,31.883032824126754,31.295481651379415,31.63577924011585
2019-11-01,Comilla,2017,29.98,29.71,29.76544480745885,29.920781840430273,29.81033075862974,29.668324,29.787631567318172,29.882465034378626,29.858864159175052
2019-12-01,Comilla,2017,24.98,25.82,26.56075518736801,26.25943775873035,26.48069335168364,26.730547,26.51144490176997,26.734025984598887,26.334409410051205
2020-01-01,Comilla,2017,23.92,26.93,24.916765400613787,25.054539517529417,24.9085509506583,24.967789,24.804560394431594,24.774722299153304,24.91369784872699
2020-02-01,Comilla,2017,26.87,27.66,27.78047560791648,28.06176166219919,27.8722722418352,28.122732,27.77990665643639,27.32929043690611,27.877798840529913
2020-03-01,Comilla,2017,31.4,30.29,30.702842098610034,30.95887221374317,30.879940410282604,30.752718,30.67152775167071,31.27381615131719,30.787393261013072
2020-04-01,Comilla,2017,32.1,32.64,32.78653403357153,32.82479570992252,32.97280701375007,32.427082,32.8166641777802,33.36370536627851,32.753053796579685
2020-05-01,Comilla,2017,32.5,33.59,32.965944282387696,32.74588665896047,32.91205980972975,33.04911,32.95790692386528,33.38319474912247,32.86229747174097
2020-06-01,Comilla,2017,31.87,33.2,32.23653926174277,32.09116325558,32.31511413960899,32.050014,32.25750328819388,32.4161184966565,32.177669967708475
2020-07-01,Comilla,2017,31.62,31.47,31.535574521391855,31.31874351064737,31.68522900114852,31.550037,31.540132096491025,31.510788444056082,31.71170414306359
2020-08-01,Comilla,2017,32.17,32.61,32.18937420347279,32.017654416418374,32.31050022400858,31.792736,32.18133684495037,31.948034771445467,32.05477177867763
2020-09-01,Comilla,2017,32.67,32.45,32.41746860729141,32.014209582094274,32.36686913345553,31.940418,32.39793456891162,32.48629394745246,32.30362568819084
2020-10-01,Comilla,2017,33.01,31.59,31.935965585901275,31.839007104120178,31.87865394541705,31.742838,31.95777842719747,32.279309967320515,31.563150546484437
2020-11-01,Comilla,2017,30.57,29.98,30.18568337318297,30.03849598733672,30.136490547816653,29.674507,30.102638061910827,30.194079552317522,29.97445003392723
2020-12-01,Comilla,2017,26.44,24.98,26.687653953523327,26.703486244463555,26.648744758383778,26.538038,26.663228726328303,26.615174878093832,26.462066557082185
2021-01-01,Comilla,2020,26.05,23.92,25.27933266022222,24.925860764985735,25.238338751512234,25.453749,25.04791993656175,24.841187463787996,25.284931135361482
2021-02-01,Comilla,2020,29.18,26.87,28.367294972129756,27.708972889263336,28.389637731167028,27.928425,28.34657227370947,27.352048026399938,28.295644255386076
2021-03-01,Comilla,2020,33.03,31.4,31.5111047758978,31.67647300994175,31.642662144120713,31.254889,31.739635957710085,30.981098709327703,31.629173376558157
2021-04-01,Comilla,2020,34.63,32.1,33.319002079539786,33.160366271754114,33.31902663491135,32.85589,33.35582043486167,32.733856872241645,33.63117659046486
2021-05-01,Comilla,2020,34.6,32.5,33.72294690165157,33.22490645578076,33.75614567044984,32.622818,34.00771628770465,33.115183318949704,34.148557751633966
2021-06-01,Comilla,2020,31.89,31.87,32.92457837280971,32.42215472033128,33.03531699681379,32.280876,33.15367173073036,33.065857626603616,33.466015737246465
2021-07-01,Comilla,2020,31.74,31.62,31.68592098081165,31.653614320407375,31.803866038704466,31.727537,31.682336951658662,31.775383230650988,31.843119438131932
2021-08-01,Comilla,2020,32.11,32.17,32.24156448075984,32.02596511793127,32.41724265396033,32.13255,32.042755929925185,33.14103656962059,32.553816333114995
2021-09-01,Comilla,2020,33.6,32.67,32.42289422011608,31.99917946756814,32.59742184093254,32.19484,32.575589160683094,32.45152735126578,32.42640426845147
2021-10-01,Comilla,2020,32.97,33.01,32.262932574749925,32.30710371431181,32.316181472994515,31.967972,32.35788290798757,32.127068463892826,32.127326667947365
2021-11-01,Comilla,2020,30.08,30.57,30.248253863585848,30.233390388913325,30.330086119841994,30.381186,30.138501573635,29.816116830886227,30.18261264006766
2021-12-01,Comilla,2020,26.86,26.44,26.54776472424713,26.968182583841866,26.54505157948525,26.378368,26.557452960997793,26.033056706533646,26.883488759348428
2022-01-01,Comilla,2020,25.38,26.05,25.435912270754528,26.420200510062678,25.576109899083303,25.969625,25.499767762333107,25.833636883304337,25.74960050453762
2022-02-01,Comilla,2020,27.07,29.18,28.275145451951015,29.124446941518247,28.493308171308925,28.544699,28.43403660826682,28.472370378467854,28.325208170430024
2022-03-01,Comilla,2020,32.81,33.03,31.03286604476751,30.70655808409913,31.200651764743444,31.193756,31.007699261285673,31.554059358096307,30.962498638473377
2022-04-01,Comilla,2020,32.93,34.63,33.24806401616342,32.661195230615895,33.22368413963942,32.845264,33.060553004205296,33.227889801152465,33.08510207270978
2022-05-01,Comilla,2020,33.01,34.6,33.304046377272854,33.13700516656312,33.37503754963681,32.68171,32.996872290702115,33.275312897137844,33.24220198429066
2022-06-01,Comilla,2020,31.62,31.89,32.329088314905306,32.151298540282234,32.39468007916067,32.068523,32.403877213134905,32.03884320326806,32.488880946111784
2022-07-01,Comilla,2020,33.56,31.74,31.52198451329448,31.43733311746652,31.517097731206704,31.56209,31.363029207479737,31.717456583607905,31.63125865071492
2022-08-01,Comilla,2020,33.71,32.11,32.69783969331775,32.74064968675135,32.89901493774183,32.146408,32.72208020571862,33.1412750214029,33.08917086526564
2022-09-01,Comilla,2020,32.98,33.6,33.04433207748327,32.67884892701224,33.05403302468914,31.98465,33.00284913716707,32.73560642487137,32.84030019903865
2022-10-01,Comilla,2020,32.82,32.97,32.262924153336115,32.273539377085825,32.38089979452426,31.866621,32.35468542201144,31.997728383590474,32.48235052575763
2022-11-01,Comilla,2020,31.75,30.08,30.192671827644183,29.88881373580091,30.16013329911529,29.739857,30.068388893872573,30.39333417575072,30.398211022008336
2022-12-01,Comilla,2020,27.99,26.86,27.021750605601785,27.572034623531376,27.138850635834004,26.602457,26.941833085317132,26.83083542788236,26.972546216304167
2023-01-01,Comilla,2020,26.17,25.38,25.834794364443425,26.365742003726744,25.914837839555453,25.668701,25.77078538345397,26.161304023077033,26.28401561112241
2023-02-01,Comilla,2020,28.92,27.07,28.486528758383642,27.7898586218687,28.460055568399483,27.954473,28.51564923343743,27.076765515016064,28.64347912948653
2023-03-01,Comilla,2020,31.43,32.81,31.73407111617883,30.762478752674678,31.769355769111666,31.103508,31.481575886934596,30.278488258065394,31.879298773151735
2023-04-01,Comilla,2020,34.61,32.93,32.97282346684074,32.61295861171122,33.11441998035079,32.024902,33.14557139176463,32.31601091164386,33.15810296474539
2023-05-01,Comilla,2020,34.15,33.01,33.69370714143881,33.326334032219464,33.85715088480748,32.728397,33.853199455300654,33.186855784961274,34.28319228252593
2023-06-01,Comilla,2020,32.79,31.62,32.673930674191055,32.50134586275533,32.756504900729574,32.25884,32.77738732039505,33.53062835960563,32.96750429517927
2023-07-01,Comilla,2020,33.39,33.56,32.078304849522326,32.27382191803761,32.18543420170019,32.159374,32.08531083441726,32.43883731568755,32.42067723770746
2023-08-01,Comilla,2020,31.56,33.71,32.81639175802805,32.14162834430999,32.796129246536985,32.2205,32.71946024835445,33.20136253476713,33.34831438294172
2023-09-01,Comilla,2020,33.5,32.98,32.47550492172939,32.20074971579436,32.669437089433444,32.23183,32.50598816385371,32.58002183537267,32.51240244744108
2023-10-01,Comilla,2020,32.31,32.82,32.34087285624441,32.40980819975344,32.40380035211949,32.119404,32.30983327554163,32.387343211298514,32.777830406495816
2023-11-01,Comilla,2020,30.82,31.75,30.187113211512237,30.640847364233213,30.245686287838083,31.18635,29.992579818725257,30.24054388552334,30.046990946244048
2023-12-01,Comilla,2020,27.19,27.99,26.826974170066514,27.645245914707875,26.952289675193757,27.368183,26.929407568432488,26.890040354285027,26.71428492366531
2012-01-01,Cox's Bazar,2011,27.58,26.95,27.244510339626135,26.9956922564414,27.299737758515242,27.168053,27.251865664550127,27.381136928456968,27.20858620429078
2012-02-01,Cox's Bazar,2011,30.49,30.3,29.65505653479013,29.3384025901188,29.64896474328618,29.680124,29.66025232848588,29.36468465244943,29.367294749464424
2012-03-01,Cox's Bazar,2011,31.21,32.26,32.3874824147662,32.33745807231632,32.46787016250211,31.983866,32.36535318083966,31.845960676850833,32.403139453391574
2012-04-01,Cox's Bazar,2011,32.81,32.95,33.08547145896378,33.050706500600675,33.13235733429381,32.618263,33.09282678388777,32.389392929629274,33.072329056234516
2012-05-01,Cox's Bazar,2011,33.51,32.52,33.26004959470616,32.90263206278764,33.201639818030515,32.687473,33.26524538840191,32.392047734057726,33.29651864129449
2012-06-01,Cox's Bazar,2011,31.87,31.28,31.87004511595425,31.319575370556812,31.872165714361085,31.626848,31.861127871803017,31.92732582563327,31.708530920449324
2012-07-01,Cox's Bazar,2011,30.52,31.16,31.07479642989573,31.112605553442474,31.25794385867541,30.967272,31.029708231859775,30.394018508837096,31.01873761077995
2012-08-01,Cox's Bazar,2011,31.41,30.87,31.272155619000145,30.909520240584722,31.212457646674,30.885466,31.25002638507361,30.921884616579288,31.043170504354524
2012-09-01,Cox's Bazar,2011,32.17,31.07,32.093567265070085,31.85257587213668,32.02066419490638,31.696693,32.09876305876583,31.85117529880681,32.02400395380427
2012-10-01,Cox's Bazar,2011,32.39,32.1,32.62299202980038,32.446990261459995,32.82598394438404,32.260826,32.62818782349613,31.913849064546195,32.61693279554319
2012-11-01,Cox's Bazar,2011,30.61,30.73,31.202840950362972,31.019546810945464,31.221096719337194,30.62406,31.227377463155083,30.597363372156,31.179921258843482
2012-12-01,Cox's Bazar,2011,27.25,27.59,28.535662344939357,28.095300222372973,28.442957966788416,28.585432,28.540858138635105,28.13243978266807,28.54111193632524
2013-01-01,Cox's Bazar,2011,26.84,27.58,27.167996870501145,27.138033490901815,27.215427513769214,27.183867,27.173192664196893,27.175316758986263,27.101031042151895
2013-02-01,Cox's Bazar,2011,30.67,30.49,29.494342454456604,29.697572244069487,29.568138457164324,29.596905,29.47221322053007,29.528104762657613,29.69741875525086
2013-03-01,Cox's Bazar,2011,32.25,31.21,32.43294590581524,32.773934511918554,32.52825997597695,32.539562,32.45748241860735,32.543719259684856,32.431958209726645
2013-04-01,Cox's Bazar,2011,33.8,32.81,33.378056658816405,33.319870726961014,33.378935892884925,33.53633,33.3854119837404,33.400104923389605,33.288795132038466
2013-05-01,Cox's Bazar,2011,31.81,33.51,33.58826601608053,33.04299651127483,33.5455607225306,33.047752,33.566136782154,33.07394304218883,33.40687750335189
2013-06-01,Cox's Bazar,2011,32.41,31.87,31.43270092205095,30.841595972273712,31.367449018975307,31.327127,31.423783677899717,30.960150638117643,31.562602621964405
2013-07-01,Cox's Bazar,2011,31.64,30.52,31.303891814568455,31.57302767687848,31.421403754480785,30.490887,31.28176258064192,30.966013745230633,31.32422751586307
2013-08-01,Cox's Bazar,2011,31.21,31.41,31.605131392947914,31.461733869328178,31.644190755155346,31.532972,31.611490823909225,31.788574744726358,31.50416447722999
2013-09-01,Cox's Bazar,2011,31.92,32.17,32.072833827126864,31.936282187034774,32.06267608170903,32.02721,32.080189152050856,32.19254797743718,32.023680487279016
2013-10-01,Cox's Bazar,2011,31.26,32.39,32.631068728280034,32.15175682930801,32.626144369973176,32.32824,32.6221514841288,32.196009148399604,32.5269496035338
2013-11-01,Cox's Bazar,2011,31.22,30.61,30.86841233659327,30.27379105131044,30.888849088993087,30.407724,30.873608130289018,29.56951029598535,30.88449632749813
2013-12-01,Cox's Bazar,2011,28.36,27.25,28.65216717341835,28.233814826008857,28.66984668509271,28.841608,28.65852660437966,28.076044850235974,29.267916384937152
2014-01-01,Cox's Bazar,2011,27.77,26.84,27.5549872021145,27.54573707759807,27.570965770815945,27.491673,27.560182995810248,27.94873162186984,27.47702611452055
2014-02-01,Cox's Bazar,2011,29.34,30.67,29.933058421095723,29.612898314895343,29.982355092419045,30.36166,29.940413746019715,29.728119889536945,29.928864704614426
2014-03-01,Cox's Bazar,2011,32.36,32.25,32.068877890427316,31.76090034861578,32.12740632045503,31.382406,32.074073684123064,31.664601744871874,32.05856621720005
2014-04-01,Cox's Bazar,2011,34.91,33.8,33.441304259008305,33.4264834801005,33.464321478622146,33.011024,33.41917502508177,32.938336496085306,33.570547244438
2014-05-01,Cox's Bazar,2011,34.64,31.81,34.01553080427776,33.29806565085833,34.14727444371167,32.643135,34.02072659797351,33.589034411075055,34.241838585958014
2014-06-01,Cox's Bazar,2011,32.62,32.41,32.44711262468805,31.931545843779897,32.39741145073723,32.380543,32.42876282815447,32.69401310155591,32.583642969682344
2014-07-01,Cox's Bazar,2011,31.6,31.64,31.61537754418009,31.25544639637615,31.530475495613434,31.15822,31.62057333787584,31.434151013461996,31.681303133771717
2014-08-01,Cox's Bazar,2011,30.85,31.21,31.911900281726716,31.73919678026269,31.887081299926198,31.461777,31.90298303757548,31.59241034590801,31.826485275034848
2014-09-01,Cox's Bazar,2011,31.95,31.92,32.17840322762723,31.96506729547159,32.21630620416589,31.75965,32.169485983475994,31.5723834113539,32.16125743362446
2014-10-01,Cox's Bazar,2011,33.12,31.26,32.77787170642498,32.6392117060689,32.805658912387464,32.165005,32.78423113738629,32.436969549464216,32.8187157288793
2014-11-01,Cox's Bazar,2011,31.55,31.22,31.52399850266916,31.487734797029447,31.440635022374373,31.649542,31.529194296364906,32.17108686306245,31.35589846416877
2014-12-01,Cox's Bazar,2011,28.54,28.36,28.87023197078409,29.04514925212468,28.926971429279806,29.11957,28.877587295708082,28.952647490292165,28.979167302515844
2015-01-01,Cox's Bazar,2014,27.47,27.77,27.746870100043413,27.524242298071844,27.65191459101867,27.854134,27.723136778466102,27.574732993645448,27.61118055773768
2015-02-01,Cox's Bazar,2014,29.49,29.34,30.117821111711738,29.647429200461612,29.996723790960136,30.129366,30.101010975795862,29.708953897274075,29.75046586755136
2015-03-01,Cox's Bazar,2014,32.7,32.36,32.20968341113181,32.04259869328949,32.23584172722874,31.43536,32.225412832881524,32.61231806096058,32.13940103414942
2015-04-01,Cox's Bazar,2014,32.9,34.91,33.63689580737922,33.24326310434325,33.69619147989076,33.592503,33.67650206192705,34.22313688672587,33.37870613556696
2015-05-01,Cox's Bazar,2014,33.7,34.64,33.241855409447325,33.16956196981487,33.23619937528951,33.31971,33.283013083491696,33.4664306211743,32.97738237172303
2015-06-01,Cox's Bazar,2014,30.88,32.62,32.157658604964716,32.301704577741624,32.21807197938488,32.858383,32.13664443796883,32.42523305718434,31.897222984303657
2015-07-01,Cox's Bazar,2014,29.66,31.6,30.8785289950772,30.84293030635503,30.911565403355077,31.07588,30.892645894187577,30.52748443944208,30.855562006821515
2015-08-01,Cox's Bazar,2014,30.92,30.85,31.05343280295864,31.134652788702397,31.184725321244557,31.06163,31.08019418950215,30.948908498535026,31.2553743669595
2015-09-01,Cox's Bazar,2014,31.93,31.95,31.868034112180272,31.668454622278954,31.862870411999964,31.794052,31.875861063512662,32.020138523280686,31.92768348808803
2015-10-01,Cox's Bazar,2014,31.62,33.12,32.33910859791033,32.393710169594456,32.46882953045499,32.303722,32.32780085080706,32.42652871286664,32.27915323714063
2015-11-01,Cox's Bazar,2014,30.21,31.55,30.83293648120701,30.687253038421282,30.95779436389201,31.12376,30.885975249677298,30.50919330875199,31.08076392499504
2015-12-01,Cox's Bazar,2014,26.81,28.54,28.14402771092155,27.9629441290464,28.19682891583652,27.87046,28.12566275245645,27.54334770283038,27.88982591695687
2016-01-01,Cox's Bazar,2014,26.27,27.47,26.917439331045376,26.896461600688188,26.960203602953563,27.14322,26.895135364240037,26.748656274661855,27.282721082592893
2016-02-01,Cox's Bazar,2014,30.26,29.49,29.321995633173085,29.395457221745485,29.47616707367815,29.006556,29.407352338063813,29.522960291544013,29.492243248406908
2016-03-01,Cox's Bazar,2014,32.93,32.7,32.059584310252156,31.987457445744713,32.12731424780428,32.225266,32.206653809148754,32.51541684917292,32.095006949201085
2016-04-01,Cox's Bazar,2014,32.62,32.9,33.49996396245905,33.084481484728805,33.550705587226,33.075176,33.45492968427487,33.846697670373736,33.39596323601429
2016-05-01,Cox's Bazar,2014,32.93,33.7,32.96317399671388,32.43778183279158,33.00413395447047,32.666145,32.96241643832617,32.63827739835144,32.89466614078095
2016-06-01,Cox's Bazar,2014,32.02,30.88,31.74324966827851,30.86743890690611,31.75302211321702,30.768244,31.74244839512255,31.066273571930406,31.677329918962204
2016-07-01,Cox's Bazar,2014,30.2,29.66,31.062726312713707,30.97206796054108,31.14064499310395,30.276285,31.07919203064033,30.476749320935802,30.61947179156944
2016-08-01,Cox's Bazar,2014,31.09,30.92,30.952809419431084,31.22924547517854,31.11670295381695,31.244326,30.99987883488118,30.844954083795074,30.95754777989837
2016-09-01,Cox's Bazar,2014,31.71,31.93,31.830110632368335,31.521478291786377,31.833104978561995,31.687237,31.82323487337769,32.17762076726138,31.653221094889965
2016-10-01,Cox's Bazar,2014,31.91,31.62,32.288669346703905,31.9153619411488,32.28857379093356,32.058716,32.17135161055507,32.035755129914655,32.01707600988254
2016-11-01,Cox's Bazar,2014,30.32,30.21,30.907411003752934,30.47162994731219,30.990373617638195,30.39696,30.94181743849753,30.118330863566058,31.045450739887077
2016-12-01,Cox's Bazar,2014,29.33,26.81,28.158211417078018,27.781333668000798,28.117459360467954,27.904448,28.149452210917115,27.220958820415106,28.06160127878748
2017-01-01,Cox's Bazar,2014,28.13,26.27,27.711282662612728,27.650522194730524,27.779239561996608,27.10749,27.63989202634745,27.444724529628584,27.549474278352392
2017-02-01,Cox's Bazar,2014,30.53,30.26,29.91667130678333,29.920184859572924,29.99417180698999,30.02291,29.94398260577954,29.95943525343069,30.035019279747665
2017-03-01,Cox's Bazar,2014,30.32,32.93,32.41417749235909,32.56875190975004,32.40963117127096,31.981667,32.388326145806715,32.05807518142321,32.51296495654371
2017-04-01,Cox's Bazar,2014,31.69,32.62,32.88731317099566,32.6149431356572,32.886977717701804,32.730835,32.87397630948956,32.18133011259402,33.05182578075095
2017-05-01,Cox's Bazar,2014,33.66,32.93,32.86316656390615,32.64096942472279,33.02256082120715,32.490917,32.96048221806474,32.23921498460013,32.885200596049025
2017-06-01,Cox's Bazar,2014,31.66,32.02,31.82692160062413,32.07375084236006,31.850239516487154,31.907711,31.832108787036642,31.96823038463202,31.946406215895326
2017-07-01,Cox's Bazar,2014,30.24,30.2,30.841901047664926,30.69264134108189,30.883793859998104,30.576233,30.827319122429238,30.486107191853346,30.97757089584289
2017-08-01,Cox's Bazar,2014,30.99,31.09,30.978159321481197,30.783063422301787,30.989021341614745,31.276096,30.956685934224932,30.64549268776299,30.68332845668039
2017-09-01,Cox's Bazar,2014,31.36,31.71,31.802569602984576,31.446768509027073,31.763453432866275,31.444126,31.72223128880897,31.11595369864227,31.738861854813813
2017-10-01,Cox's Bazar,2014,31.63,31.91,32.1147667814208,31.894675001651308,32.173252333270625,31.799555,32.11520380849706,31.100756350867826,32.344946917858096
2017-11-01,Cox's Bazar,2014,31.07,30.32,30.759261299297485,31.039724335892323,30.900457897816505,30.89421,30.81618617884842,30.58725732174833,30.684677808211422
2017-12-01,Cox's Bazar,2014,28.89,29.33,28.206437907209434,28.765093141937708,28.217307209759365,28.985037,28.16724753289465,28.838482822211056,27.90686939786035
2018-01-01,Cox's Bazar,2017,25.95,28.13,27.52441418591616,27.583463792436124,27.55061929017875,28.065388,27.22659081641314,27.55834772228708,27.308624401480095
2018-02-01,Cox's Bazar,2017,29.85,30.53,29.32850734920995,28.840399271799395,29.39946205609283,29.336552,29.704959556775258,29.02815654311098,29.625096805792506
2018-03-01,Cox's Bazar,2017,32.15,30.32,32.24343995053678,31.795112110449768,32.3198161356966,30.860128,32.29380083132892,31.828142945760646,32.5646321345169
2018-04-01,Cox's Bazar,2017,33.54,31.69,33.254342855806485,32.9087528266007,33.40343283921948,32.888268,33.31717670887245,33.08708754972687,33.18902749605382
2018-05-01,Cox's Bazar,2017,32.42,33.66,33.35573326441761,33.303990086627245,33.466109612855895,33.007835,33.521542642445525,33.263260778027195,33.27719711210119
2018-06-01,Cox's Bazar,2017,31.29,31.66,31.541947542348105,31.370784856126264,31.547682074498784,31.543453,31.583326666274267,31.452689869923883,31.420085502794716
2018-07-01,Cox's Bazar,2017,30.73,30.24,30.75906062354099,30.683520226935688,30.83621279592792,30.34059,30.58832681406986,30.85679852807554,30.634361120230682
2018-08-01,Cox's Bazar,2017,31.59,30.99,31.15248150742107,31.024922534747674,31.201906310992733,31.20659,31.076151419342093,30.936462701823487,31.18073705259633
2018-09-01,Cox's Bazar,2017,32.3,31.36,32.02037860135259,31.737831977012398,32.108549377587366,31.774923,32.17508709112825,31.663234360329287,32.15085128998388
2018-10-01,Cox's Bazar,2017,30.42,31.63,32.47582557982635,32.218864332477985,32.50833095288606,32.008812,32.31372644192409,32.6008598274125,32.36605297870481
2018-11-01,Cox's Bazar,2017,30.65,31.07,30.41406735237625,30.444420186122496,30.46610321305032,30.595236,30.35998859461334,29.92140373090449,30.61320919618668
2018-12-01,Cox's Bazar,2017,27.43,28.89,28.276979836801782,28.305061252025524,28.307122179062187,28.307915,28.451857107857958,28.129950380995332,28.53356262508556
2019-01-01,Cox's Bazar,2017,28.21,25.95,27.079092726885197,27.387337723767065,27.240089015848792,27.169233,27.14336927312505,27.167842188735232,27.22767235742141
2019-02-01,Cox's Bazar,2017,29.6,29.85,30.047080238625266,30.36863615654427,30.143398723107648,30.779787,30.007271279856422,29.953055691968046,29.821920219121452
2019-03-01,Cox's Bazar,2017,31.29,32.15,31.945901932468214,31.8654739449567,32.05312000293612,31.857948,31.93044288297514,31.765796436956954,31.866598215200302
2019-04-01,Cox's Bazar,2017,33.77,33.54,32.95321362561698,32.866064629792604,33.0007657740129,32.78048,32.79189857191558,32.43172107673068,33.02732619825654
2019-05-01,Cox's Bazar,2017,34.22,32.42,33.51377902255966,32.82392611992864,33.54194751962223,32.155468,33.466760546729105,32.944365477273806,33.60747211990262
2019-06-01,Cox's Bazar,2017,32.59,31.29,32.111875830152435,31.760829350038016,32.21904489953051,31.864481,32.234928203680916,31.893369118374075,32.18433759924162
2019-07-01,Cox's Bazar,2017,31.01,30.73,31.22366309474428,31.118858780766256,31.263098687255667,30.829159,31.24503857392092,31.017586206800715,31.29539094193871
2019-08-01,Cox's Bazar,2017,31.5,31.59,31.42925598001663,31.337948093647483,31.393455948440884,31.226885,31.37902404642288,31.0368316438711,31.306134260842438
2019-09-01,Cox's Bazar,2017,31.46,32.3,32.1593167989411,31.92446504787356,32.156491288322634,31.864124,32.120393066004716,32.05664727135373,32.12756613292736
2019-10-01,Cox's Bazar,2017,32.41,30.42,32.356721647681205,32.49940043057481,32.49252233618173,31.53506,32.43890900969645,31.952152475470918,32.31777720930941
2019-11-01,Cox's Bazar,2017,31.3,30.65,31.208745745169914,31.158203016699243,31.199446820541514,30.896214,31.122349214899337,30.908021278914248,31.32705566120677
2019-12-01,Cox's Bazar,2017,27.64,27.43,28.67352288386037,28.545764744307977,28.722719251982745,28.997097,28.65825252218356,28.492692682624902,28.459509084424607
2020-01-01,Cox's Bazar,2017,26.47,28.21,27.22695573453364,27.28123307309934,27.26695770825865,27.973656,27.32532942329106,26.84651000260123,27.387932707460024
2020-02-01,Cox's Bazar,2017,28.37,29.6,29.708649946001508,29.475493445571193,29.615867760884388,29.42157,29.817366143313386,29.33715133752783,29.777518933424496
2020-03-01,Cox's Bazar,2017,32.74,31.29,31.652758078318836,31.5196595086391,31.69073806028129,31.405401,31.623166456487777,31.606705885565948,31.807120956736554
2020-04-01,Cox's Bazar,2017,33.09,33.77,33.413692897861885,33.05926047885019,33.575007069411235,33.37922,33.53846669078438,33.535792687785275,33.4992520322854
2020-05-01,Cox's Bazar,2017,33.22,34.22,33.17492346961109,33.12430173393663,33.271790032596144,33.23604,33.299945538230816,33.531314041805516,33.0788579964694
2020-06-01,Cox's Bazar,2017,31.51,32.59,31.787061383762207,31.658060038304015,31.782632946810775,32.32993,31.660470476188507,31.88847549106353,31.540493665845474
2020-07-01,Cox's Bazar,2017,31.14,31.01,30.81198814437042,30.846090243832773,30.763901803413205,30.977562,30.595662339779242,30.574106196003026,30.865572950413593
2020-08-01,Cox's Bazar,2017,30.75,31.5,31.388716226750905,31.245402828495777,31.523797943105833,31.395393,31.71859482520252,31.28299061498915,31.404720012158926
2020-09-01,Cox's Bazar,2017,32.47,31.46,31.812969770398706,31.422073913218956,31.90650832042421,31.483986,31.66305626567897,31.664355360880798,31.87891928369234
2020-10-01,Cox's Bazar,2017,32.8,32.41,32.41539918840709,32.37357760312135,32.47610136568317,32.070145,32.282920325406224,32.81170735714146,32.27940055158524
2020-11-01,Cox's Bazar,2017,31.24,31.3,31.26568918024753,31.10314505327615,31.262423414690748,31.349966,31.327707656674132,31.25142146397134,31.103611318644592
2020-12-01,Cox's Bazar,2017,28.03,27.64,28.597068379873214,28.774419471466217,28.69043963120656,28.867035,28.665583054775176,28.451037447058244,28.54076093639635
2021-01-01,Cox's Bazar,2020,28.35,26.47,27.596934013775645,27.394839305525615,27.482060112594116,27.229347,27.6212221838153,27.14629874991944,27.731219245363363
2021-02-01,Cox's Bazar,2020,29.36,28.37,30.093515031997864,30.239800013441236,30.254586194441146,29.732681,30.101050868657236,30.775567594787585,30.026697075345044
2021-03-01,Cox's Bazar,2020,32.91,32.74,31.954404332387657,32.435886771359904,32.03328977358911,32.20849,32.00584610615989,31.94475551057809,32.05748540220369
2021-04-01,Cox's Bazar,2020,33.67,33.09,33.62186170084462,33.679765172339515,33.65895864964225,33.447155,33.649135812130424,33.45740694705077,33.5531071636036
2021-05-01,Cox's Bazar,2020,33.92,33.22,33.61963287189646,33.55587533795692,33.62505415101452,33.0747,33.60740624934478,33.116853395968796,33.466935072265656
2021-06-01,Cox's Bazar,2020,30.86,31.51,32.12894854902618,32.182999796497015,32.17150374247323,32.22775,32.14286369758986,32.05057992354236,32.1721491145587
2021-07-01,Cox's Bazar,2020,30.91,31.14,30.885104479042944,30.877740611464635,30.83619813605783,30.816015,30.910120034365114,30.837206996762074,30.763969693581302
2021-08-01,Cox's Bazar,2020,30.95,30.75,31.443976628082996,31.24274208886182,31.555497281939658,30.975452,31.448558904185152,31.464054276258743,31.392532619143505
2021-09-01,Cox's Bazar,2020,32.2,32.47,31.940819571889485,31.979640775314536,32.02875702074365,31.943653,31.956047856412376,31.939168213686784,31.879505502987094
2021-10-01,Cox's Bazar,2020,32.93,32.8,32.58861689226998,32.962131203943436,32.7043915426665,32.240322,32.592591322998686,32.71124164754268,32.34833193603228
2021-11-01,Cox's Bazar,2020,32.15,31.24,31.287221327652247,30.914797049322537,31.210639086440445,31.031563,31.2665867975401,30.619877535272014,31.304954146727468
2021-12-01,Cox's Bazar,2020,28.59,28.03,28.941537653808115,28.952857425085757,29.027060380600783,28.73696,28.941931286607502,28.994802301229644,28.898742224877502
2022-01-01,Cox's Bazar,2020,27.31,28.35,27.761774790292087,27.462645126236467,27.73691100260875,28.009022,27.777003074814978,27.65738865702699,27.966623188008306
2022-02-01,Cox's Bazar,2020,28.61,29.36,29.871914597265544,29.881075243954214,30.00200408253079,29.870268,29.93575009893638,29.858527819478752,29.715210691635683
2022-03-01,Cox's Bazar,2020,32.74,32.91,31.853873589655816,32.148755207991556,31.940677085224014,32.011948,31.91510263981527,31.673950708920618,31.93976709241996
2022-04-01,Cox's Bazar,2020,33.43,33.67,33.55195330303945,33.000476969747645,33.66714238248184,33.131268,33.55886208393462,33.45245766715486,33.5125959806647
2022-05-01,Cox's Bazar,2020,32.85,33.92,33.505004186459075,33.69059197784643,33.5407542863806,33.142994,33.50897861718778,33.52364697131542,33.518306081958826
2022-06-01,Cox's Bazar,2020,31.26,30.86,31.814867339373173,31.60407754898081,31.79606554270184,31.366207,31.818841770101876,31.463438704596353,31.65922278382152
2022-07-01,Cox's Bazar,2020,32.23,30.91,30.94979592384958,31.0619449676861,30.864117833139,30.841278,30.95506157512033,31.00521600478214,31.022326991509086
2022-08-01,Cox's Bazar,2020,32.35,30.95,31.74780529327885,31.28657616819057,31.904627460014627,31.376078,31.78710241206185,31.653856807419736,31.763987322648394
2022-09-01,Cox's Bazar,2020,31.99,32.2,32.41710684848325,31.90489078270665,32.56548379566339,32.138107,32.44288245057063,32.28905826754886,32.38530522431329
2022-10-01,Cox's Bazar,2020,33.03,32.93,32.63501130509001,32.591636545164455,32.70432187836259,32.0661,32.64852019118887,32.28313357429144,32.36648159909756
2022-11-01,Cox's Bazar,2020,32.34,32.15,31.41646956388433,31.461901025666716,31.429715737319153,31.537827,31.37841967601855,31.218787200191866,31.45511816667397
2022-12-01,Cox's Bazar,2020,29.99,28.59,29.0796123248369,29.424083209657176,29.17497905069487,29.065884,29.099282196614197,29.67262876876214,28.988953755470497
2023-01-01,Cox's Bazar,2020,28.25,27.31,28.381593763774408,28.238009413761397,28.45743615211851,28.00187,28.3968220482973,28.68736311288608,28.744599223365903
2023-02-01,Cox's Bazar,2020,30.43,28.61,30.328738927759208,29.549611265943287,30.38372193602549,29.661713,30.366560358472146,30.448236930112483,30.36815510837619
2023-03-01,Cox's Bazar,2020,33.05,32.74,32.661199072973695,32.60472541471755,32.68203704118215,32.51722,32.636373760776486,32.56314826375225,32.71413097650795
2023-04-01,Cox's Bazar,2020,34.83,33.43,33.94870986082432,33.61010098555003,34.01149778971649,32.809013,33.926663730673766,33.78257326985542,34.08156320633684
2023-05-01,Cox's Bazar,2020,33.41,32.85,34.322204145481514,33.77067528561861,34.38139139927959,33.37916,34.330367219512986,33.86060762182799,34.5230372424851
2023-06-01,Cox's Bazar,2020,32.38,31.26,32.254952977171946,31.926937649253695,32.203881680395895,32.091454,32.23918913187723,31.679810443480388,32.25995992798196
2023-07-01,Cox's Bazar,2020,32.34,32.23,31.592921718737923,31.696882821649048,31.579525582021457,31.268236,31.62035727851733,31.379826803671815,31.4398892397613
2023-08-01,Cox's Bazar,2020,31.0,32.35,32.077508388511255,31.105217509000262,32.056673700060145,31.836555,32.065281765959575,31.65251762367023,32.11452258369626
2023-09-01,Cox's Bazar,2020,32.51,31.99,32.38617749133003,31.861934408883545,32.43456268592683,32.01656,32.4247680790056,32.10509931792333,32.48771335880784
2023-10-01,Cox's Bazar,2020,32.56,33.03,33.0369869011559,32.856749055605086,32.97887146340375,32.432816,33.051508650846074,32.68574479679524,33.007847820755615
2023-11-01,Cox's Bazar,2020,31.33,32.34,31.451393909590394,31.71481930634056,31.435046668337275,31.739126,31.450299582282156,31.614512959957885,31.334998830472873
2023-12-01,Cox's Bazar,2020,28.84,29.99,28.84857517336929,28.806130561611642,28.992126323886186,29.755207,28.900786104104164,29.178118574365424,28.857416097029557
2012-01-01,Faridpur,2011,23.93,23.05,24.199503360136315,23.952502177315388,24.262508124655007,24.312473,24.126040613098905,23.88424323490895,23.913671217137328
2012-02-01,Faridpur,2011,28.92,28.51,28.157881832329156,27.61489648009013,28.06364997496468,28.031345,28.32526012381685,26.80259778704952,27.624349140323297
2012-03-01,Faridpur,2011,33.79,32.52,33.13437866439574,32.92063114065491,33.09440816830833,32.303913,32.83581727018111,33.036398632396654,33.29905359886056
2012-04-01,Faridpur,2011,34.17,33.7,34.96717053736981,34.96748001797658,34.91761904585562,34.66775,34.903711386876665,34.981939597318416,35.129074853885925
2012-05-01,Faridpur,2011,35.02,33.69,33.95981462712775,33.041159140749976,33.921152729126256,33.27857,33.97128017194013,33.68925919470095,33.527149199306905
2012-06-01,Faridpur,2011,33.72,32.91,33.15477231508581,32.5177103443674,33.24246410823348,32.120327,33.04266333198635,33.51088438551473,33.42016354539294
2012-07-01,Faridpur,2011,32.45,32.5,32.208255013081114,32.06593969473473,32.27656627288554,31.84463,32.04152414724497,31.80300895528057,32.234708443737716
2012-08-01,Faridpur,2011,32.32,31.25,32.309390871312544,32.018725160558695,32.335195489300744,31.388783,32.30530298267685,32.659129179971366,32.64114587691118
2012-09-01,Faridpur,2011,32.77,32.47,32.33415544451913,32.33990618938276,32.35314582173864,32.09051,32.273277465717406,33.05678046789252,32.23593987854531
2012-10-01,Faridpur,2011,32.2,33.44,32.154536008844275,32.15990388510626,32.24274100193191,31.89619,32.08327049017896,32.263672229737494,32.2827359388359
2012-11-01,Faridpur,2011,28.55,30.04,29.74229357795398,29.523978111106327,29.68897034856157,29.6335,29.66104878889005,29.250720702236066,29.669601598159865
2012-12-01,Faridpur,2011,24.01,24.28,25.786857534417315,25.294190074111867,25.801811367531332,25.971266,25.760142071389957,24.99589587046919,25.603991812156504
2013-01-01,Faridpur,2011,23.94,23.93,24.132234323809715,24.40445302963333,24.203493648624,24.868084,24.09544901553807,23.84603166018777,23.71474203854419
2013-02-01,Faridpur,2011,28.6,28.92,28.212961697987925,28.833887213504905,28.28872514009699,28.822306,28.204524578563582,28.409322498033205,28.267056533898348
2013-03-01,Faridpur,2011,33.82,33.79,33.09587830509622,32.87021114873144,33.07140063170623,32.14396,32.87419699336965,33.67791668955988,33.343828710018116
2013-04-01,Faridpur,2011,35.02,34.17,34.95629866124124,34.91026255922698,34.94500818439312,34.705082,34.85279950202436,35.56284563317584,34.83708356864376
2013-05-01,Faridpur,2011,32.19,35.02,34.254333077368884,33.73746137029082,34.29345043339291,33.414505,34.19159578382745,34.73674670486587,34.30859644444099
2013-06-01,Faridpur,2011,33.74,33.72,32.437413719762716,32.329715769997044,32.528161341168754,31.980928,32.424340457935486,32.60149809054496,32.545579538060146
2013-07-01,Faridpur,2011,32.6,32.45,32.24221914978041,31.703678252983195,32.2261439415955,31.957441,32.164946444046635,32.00962286663164,32.57411121052623
2013-08-01,Faridpur,2011,32.04,32.32,32.36772791851775,32.15873719816314,32.36152599242664,31.964466,32.3084292988898,32.823434800182554,32.32824043646605
2013-09-01,Faridpur,2011,32.82,32.77,32.296354952371594,32.009980403327866,32.35505803114338,31.912102,32.28905204181644,32.38566442543517,32.01608153542874
2013-10-01,Faridpur,2011,31.28,32.2,32.18758868150854,31.96735220895255,32.09207015394742,31.484098,32.247083948035474,32.064032998352374,31.898579666088924
2013-11-01,Faridpur,2011,29.91,28.55,29.457984659248314,28.72059914028753,29.498581735488997,29.35593,29.368701207810364,28.650041937270014,29.47945212793385
2013-12-01,Faridpur,2011,26.3,24.01,26.088727670137608,25.582321942135923,26.068943593757545,25.651054,26.090799535971904,25.411545405938718,26.5369313345933
2014-01-01,Faridpur,2011,23.16,23.94,24.756577931475693,24.466237111756737,24.751076585805464,24.421549,24.72921546747988,24.632274127947362,24.542411790774647
2014-02-01,Faridpur,2011,27.1,28.6,28.03843986506774,28.11749501663708,28.18567681271011,28.527521,28.02405509802713,27.799617797566043,27.783495844298116
2014-03-01,Faridpur,2011,32.76,33.82,32.743159367400715,32.11019763517377,32.74060070141203,31.68975,32.750455356832155,32.460053103365716,32.71469883882247
2014-04-01,Faridpur,2011,37.06,35.02,34.69178581704932,34.26426966401357,34.519149753755464,33.791077,34.48159344961482,34.402010867800094,34.64553852202964
2014-05-01,Faridpur,2011,35.52,32.19,34.726244247676945,34.45502587619066,34.64303919127569,33.582478,34.61068140638075,35.16651099228964,34.791935029967966
2014-06-01,Faridpur,2011,33.17,33.74,33.40940696964598,33.04792810413795,33.41275182977014,32.79077,33.430289673009874,33.18526912241642,33.407991893073
2014-07-01,Faridpur,2011,32.54,32.6,32.122816139082445,31.90540075722591,32.15080538119404,31.966776,32.1150084847538,32.30268538376914,32.17785512220385
2014-08-01,Faridpur,2011,32.4,32.04,32.35420586493784,32.02231704843003,32.44250777098753,32.07094,32.425274956496295,32.06137653109842,32.583912652568195
2014-09-01,Faridpur,2011,32.88,32.82,32.434502909365804,32.2879651081215,32.47416654889661,31.897902,32.31573715287796,32.291365446877386,32.61354452214181
2014-10-01,Faridpur,2011,32.49,31.28,32.179925335145064,32.09774248093199,32.14070194593895,31.831652,32.11929400036342,32.73363675375802,32.56417233434886
2014-11-01,Faridpur,2011,30.43,29.91,29.821380670971937,30.45599783606887,29.88068292175964,29.746052,29.74066876233346,30.59481368884587,29.83788149720906
2014-12-01,Faridpur,2011,24.72,26.3,26.255731454052967,26.859094504042368,26.332047861506535,26.532412,26.22691591263656,26.17811904886711,26.132168720255347
2015-01-01,Faridpur,2014,24.59,23.16,24.199548277483824,24.477512439041924,24.211174664744195,24.503143,24.213964790517036,23.556145892204377,24.430117981697006
2015-02-01,Faridpur,2014,28.5,27.1,28.4330273140624,28.039235004417773,28.47082790282776,28.310192,28.415632868225856,27.74312316427503,28.639079234913137
2015-03-01,Faridpur,2014,32.75,32.76,33.13490331659523,33.164650494605226,33.32622956511569,31.732,32.98165476808754,33.72568549611747,33.284335858442915
2015-04-01,Faridpur,2014,33.21,37.06,34.83854805695536,34.33074586893635,34.99438195425807,34.18786,34.787764612759375,35.33940295153222,34.98506816834142
2015-05-01,Faridpur,2014,34.6,35.52,33.77942289526392,33.65478689115168,33.72043582315794,34.035038,33.768337674651335,33.9305493823913,33.5144665192574
2015-06-01,Faridpur,2014,33.08,33.17,33.20327184400583,32.969099089850246,33.33564008782593,32.800667,33.16890822029735,33.63234132242687,33.2757962202328
2015-07-01,Faridpur,2014,32.08,32.54,32.16008911216439,32.280868130041625,32.24442496996667,32.321888,32.1594680056888,31.806950125096527,31.873551205722645
2015-08-01,Faridpur,2014,32.69,32.4,32.256093166245975,32.21404005160136,32.254312874554415,32.349403,32.25651451706783,32.187679533538635,32.21083328242132
2015-09-01,Faridpur,2014,33.46,32.88,32.57797062362353,32.38306179831335,32.48097125247404,32.0828,32.55987001175801,32.80230636323341,32.15312762058606
2015-10-01,Faridpur,2014,32.93,32.49,32.36620096050993,32.22263329039121,32.513818722878995,31.951982,32.33431964673892,32.338221728171945,32.439589587433744
2015-11-01,Faridpur,2014,30.62,30.43,29.99852626806109,29.87655591596898,29.87346457227161,29.864513,29.966157973166396,29.666138949191957,29.614756617342834
2015-12-01,Faridpur,2014,25.94,24.72,26.211857356276585,26.10768754430287,26.17374100843515,26.090147,26.18900030120857,26.08426854732329,26.190120418574512
2016-01-01,Faridpur,2014,25.16,24.59,24.56536519656704,24.43250805768069,24.662741134881767,24.8294,24.608606872510176,24.138822998310754,24.602977404538215
2016-02-01,Faridpur,2014,30.06,28.5,28.60696107396361,27.881652061715833,28.685572944548156,28.770805,28.496358337490527,27.371643172726383,28.71657434385442
2016-03-01,Faridpur,2014,34.07,32.75,33.547983063355346,33.04029694804445,33.458274872836434,32.51992,33.3283862303647,32.704199282217715,34.12031383326376
2016-04-01,Faridpur,2014,36.11,33.21,35.11757918046146,35.02696810728177,35.18411568989866,34.726162,35.066795736265476,34.594460544536894,35.159987382324836
2016-05-01,Faridpur,2014,34.1,34.6,34.61834975005521,34.20878587350498,34.697656073767256,33.721607,34.59902374306156,34.37736864549382,34.882688777280634
2016-06-01,Faridpur,2014,34.08,33.08,33.080583049608045,32.88622421032726,33.23116553827046,33.24148,33.06002115334349,33.349991037453016,33.20363286462884
2016-07-01,Faridpur,2014,32.28,32.08,32.44066070315735,32.28362658145328,32.583034555344014,32.251022,32.3822658389558,32.40958705026623,32.50222600780302
2016-08-01,Faridpur,2014,33.13,32.69,32.35178314074684,32.29514424227413,32.47385325587077,32.470356,32.384071807561405,32.72351767041596,32.38823893467706
2016-09-01,Faridpur,2014,33.31,33.46,32.76298628306588,32.59802626672077,32.86705301600805,32.97373,32.72862265935739,32.707308619265966,32.720126642557496
2016-10-01,Faridpur,2014,33.42,32.93,32.37566480571356,32.309584965704786,32.49358203627776,32.076206,32.41148452246514,32.297357151555076,32.220552892507804
2016-11-01,Faridpur,2014,30.16,30.62,30.182252082414056,30.115450251669152,30.331591350953993,29.991892,30.14788845870557,29.56565492970105,30.32380771357325
2016-12-01,Faridpur,2014,27.35,25.94,26.09149315590492,26.30269418515388,26.211381002095266,26.41821,26.062655907221945,25.804227375458638,25.949049151089362
2017-01-01,Faridpur,2014,26.24,25.16,24.99335819815345,25.603650101616758,25.137212978686563,24.802402,24.970501143085436,24.54421492893218,25.235994917279776
2017-02-01,Faridpur,2014,29.85,30.06,28.994980489303238,29.26923968095831,29.196471443025573,29.43405,28.966143240620262,28.785477800680795,29.2864971787031
2017-03-01,Faridpur,2014,31.38,34.07,33.53902259039241,33.29168140501842,33.70506966199603,33.374317,33.51888031082708,32.799164550369866,34.111631958332474
2017-04-01,Faridpur,2014,33.88,36.11,34.472315099316525,33.97643447456572,34.52881627530994,32.912426,34.553689334767746,33.91302177302985,34.41524476745979
2017-05-01,Faridpur,2014,34.87,34.1,34.0111992910294,34.25861933028233,34.05579606753626,33.956913,34.05565348936004,34.17293834308755,33.823733533461244
2017-06-01,Faridpur,2014,33.46,34.08,33.36029922373144,33.512343858267116,33.472203380412495,33.316444,33.31694197810737,33.73318666807514,34.0249813207211
2017-07-01,Faridpur,2014,32.07,32.28,32.2838165384203,32.66944513186624,32.28970173186832,32.82781,32.25084889274535,32.22307568586875,32.27242280156798
2017-08-01,Faridpur,2014,32.88,33.13,32.35720452424293,32.32809691813904,32.38388042225449,32.196556,32.361156922207826,32.1692819915285,31.902585398022982
2017-09-01,Faridpur,2014,33.4,33.31,32.74473959621016,32.50710652796565,32.92780926622745,32.201958,32.72541358921651,32.14455872210362,33.45120761677675
2017-10-01,Faridpur,2014,31.65,33.42,32.47618958635946,32.267477843247306,32.690553396788204,32.053436,32.52106751410981,31.45877293246081,32.83101839462043
2017-11-01,Faridpur,2014,29.96,30.16,29.725864910052728,29.81467633040387,29.76700731849507,30.219273,29.693496615158033,29.13569894185526,29.79180123638695
2017-12-01,Faridpur,2014,26.61,27.35,26.126519528486796,26.53688810939782,26.204371527526213,27.766607,26.138465620846517,26.27404898763103,25.75505426559073
2018-01-01,Faridpur,2017,23.41,26.24,24.94340445589026,25.493526099931703,25.05651023316771,25.143883,24.9975816954275,24.993046611019032,24.84895302524628
2018-02-01,Faridpur,2017,29.54,29.85,28.31921096592632,28.22260236483247,28.309758240895643,28.320742,28.218502421672017,27.96325662898434,28.259862780381646
2018-03-01,Faridpur,2017,33.75,31.38,33.4080638839048,33.005052236046154,33.28003019900075,32.872833,33.366962931130516,32.9512371421136,33.37756376179541
2018-04-01,Faridpur,2017,33.12,33.88,35.13215003944765,35.09145986018653,35.225240376053584,34.778767,35.09757388420235,35.150516340107586,34.87616267170052
2018-05-01,Faridpur,2017,32.63,34.87,33.89274409211346,33.47865467294459,33.9958755085471,33.63026,33.87674100495049,33.772090692097635,33.888908877881164
2018-06-01,Faridpur,2017,33.87,33.46,32.803658263889076,32.78134376178207,32.7275895750743,32.792847,32.85006500234914,32.42340046865091,32.52659523882232
2018-07-01,Faridpur,2017,32.67,32.07,32.43813297139771,32.094953634018765,32.49206470074055,32.318924,32.44071917036838,32.42552609978311,32.62476389230231
2018-08-01,Faridpur,2017,33.14,32.88,32.59992820165415,32.508234932388206,32.55607241786529,32.29612,32.57301404840608,32.37054057293619,32.5962473570019
2018-09-01,Faridpur,2017,33.72,33.4,32.89656417234518,32.308284362011136,32.82709240860214,32.279053,32.784621657567996,32.339584629402516,32.396575823140886
2018-10-01,Faridpur,2017,31.88,31.65,32.57715161730168,32.27827119253885,32.62085789918311,31.71011,32.66078078587172,32.86800249450394,32.577295427319896
2018-11-01,Faridpur,2017,30.28,29.96,29.850529662339095,29.953616821859946,30.048777699243466,29.659723,29.91652893927515,29.4689168127605,30.022434112402642
2018-12-01,Faridpur,2017,25.88,26.61,26.30843332750451,26.471003753207892,26.27907723641795,25.761211,26.249311647989863,26.51694887968747,26.49667161577775
2019-01-01,Faridpur,2017,26.64,23.41,24.685699219559236,24.515003563694997,24.68610760466794,24.468998,24.740553217683836,23.98968898463623,25.01262370805392
2019-02-01,Faridpur,2017,28.18,29.54,29.281201871926942,29.60251799218585,29.308270330777923,29.192509,29.34851252555386,28.59752066331569,29.07522422263289
2019-03-01,Faridpur,2017,31.94,33.75,33.075968579984014,32.71520542620223,33.028232433084526,32.77368,32.90264018032581,32.35099448335905,32.97086666243874
2019-04-01,Faridpur,2017,34.25,33.12,34.55589165729912,34.46105300292555,34.53567211276289,33.670284,34.309050450152476,33.52370656935414,34.47353971238319
2019-05-01,Faridpur,2017,35.0,32.63,34.155021877828815,34.55005505010729,34.233597626908214,33.74194,34.12661708878336,34.71184916290082,34.55575048374393
2019-06-01,Faridpur,2017,34.14,33.87,33.52371265034963,33.84660285259232,33.65490230936708,33.525326,33.6295931641369,33.671509296960295,33.66446698078751
2019-07-01,Faridpur,2017,33.55,32.67,32.54375975577405,32.69482668244407,32.42724396662458,32.436512,32.46143956480792,32.61215691615639,32.46563031285118
2019-08-01,Faridpur,2017,33.48,33.14,32.88743494930292,32.59517105794024,32.865406640973596,32.56145,32.76487108799244,33.05485798977922,32.81443346273457
2019-09-01,Faridpur,2017,33.05,33.72,33.05182722273649,32.95831825500064,33.1758888762625,32.641266,33.104287543030395,33.11288009098639,33.0855698274754
2019-10-01,Faridpur,2017,32.05,31.88,32.37901752329724,32.50789858258074,32.49045101657788,31.935062,32.321021402993374,32.36152544604795,32.234317643988646
2019-11-01,Faridpur,2017,30.53,30.28,29.939162867710856,30.151175431113614,29.950780416281088,29.977053,29.97507066895154,30.20766466958875,30.072322151446677
2019-12-01,Faridpur,2017,24.94,25.88,26.374433778094904,26.924484886920975,26.471405397817925,25.7247,26.292769029605047,26.763362068468243,26.57641550942198
2020-01-01,Faridpur,2017,23.89,26.64,24.55112986551056,25.028069277661636,24.551430113061066,24.859266,24.473320725424387,24.30048120904314,24.435517321530718
2020-02-01,Faridpur,2017,27.13,28.18,28.496429229838675,28.142377970409523,28.392493727865272,28.695751,28.216088737113303,27.460319351668886,28.1362434616721
2020-03-01,Faridpur,2017,32.47,31.94,32.75185758212234,32.390341955577014,32.75837761787955,31.4811,32.78131430560376,32.566074190706495,32.74910745789404
2020-04-01,Faridpur,2017,34.14,34.25,34.704459196297336,34.58933632471056,34.83261571590846,34.14428,34.622546023098636,35.32714547515745,34.878032974031534
2020-05-01,Faridpur,2017,32.99,35.0,34.18891939132482,34.27655746573654,34.21562896552357,34.08989,34.25408059715301,34.891570951628275,34.2965038895317
2020-06-01,Faridpur,2017,33.11,34.14,33.02893675395621,33.17133422341251,33.127364685501284,33.235397,32.95483923980368,33.34535203177755,32.83743159132562
2020-07-01,Faridpur,2017,32.95,33.55,32.33571408883595,32.462335403581704,32.393471767339754,32.593426,32.282188577660555,32.27136323549367,32.41080479288779
2020-08-01,Faridpur,2017,32.67,33.48,32.77500139957987,32.387927335519144,32.759457323614264,32.61008,32.76484707779013,32.299570956722505,32.57191129525576
2020-09-01,Faridpur,2017,33.31,33.05,32.85157220438292,32.35734848388667,32.81300731527051,32.245827,32.83437424525788,32.540556319882185,32.62709466494846
2020-10-01,Faridpur,2017,33.15,32.05,32.4529430875334,32.33235560808327,32.42345556687637,31.861996,32.3786529162678,32.69557966045406,31.995925414123594
2020-11-01,Faridpur,2017,30.53,30.53,30.28910172710567,30.16830643151646,30.22273949665108,30.461964,30.084957696296268,30.368218628699193,30.106833010064918
2020-12-01,Faridpur,2017,25.25,24.94,26.320562950900193,26.49995944976276,26.409209811951538,25.271812,26.30874874592423,26.23405416904735,26.048267821076152
2021-01-01,Faridpur,2020,25.04,23.89,24.58177005042372,23.92697242066008,24.46780718980756,24.403824,24.328985202210525,23.704062124527077,24.332321830294312
2021-02-01,Faridpur,2020,29.41,27.13,28.763881926593022,27.642916497112886,28.730859350784357,28.885435,28.85712364053412,27.860375132690184,28.57535531985268
2021-03-01,Faridpur,2020,34.51,32.47,33.33916838945204,33.371400607238485,33.30410566113081,33.317566,33.29958267615491,33.1994086990488,33.192734910523164
2021-04-01,Faridpur,2020,35.93,34.14,35.2167448254271,35.01137209473345,35.090990952085505,34.619347,34.96662287432389,35.41181849939268,35.186429981006484
2021-05-01,Faridpur,2020,34.63,32.99,34.62719821384657,34.230432172942194,34.598479277403264,33.94034,34.44521299949396,34.29499582370481,34.640167555605736
2021-06-01,Faridpur,2020,32.69,33.11,33.51926346801854,33.540104583725544,33.728912474805206,33.23624,33.57849435441829,33.78657335924423,33.74804424784377
2021-07-01,Faridpur,2020,32.83,32.95,32.281392114536054,32.51378843587846,32.43947168300515,32.64397,32.44607043482471,32.301327786791745,32.40280485946325
2021-08-01,Faridpur,2020,32.76,32.67,32.76187517443709,32.72129210475838,32.846172356885894,32.653515,32.850562735889476,33.470588959822365,33.1508239823462
2021-09-01,Faridpur,2020,33.09,33.31,32.94037981933545,32.93366545079787,33.08758248903259,32.67611,32.92714386569898,32.896714705212936,32.70222596211281
2021-10-01,Faridpur,2020,33.23,33.15,32.43600208567454,32.55489716046242,32.52438163101597,32.41704,32.55162039654328,32.330759074157825,32.262158695477616
2021-11-01,Faridpur,2020,29.28,30.53,30.348254203552077,30.15766244888801,30.315868507696774,30.821138,30.097475796693633,29.93400853008681,30.20327241527823
2021-12-01,Faridpur,2020,25.67,25.25,25.8958140834734,25.62164255378806,26.05381341898984,25.782288,25.891315726520137,25.35120445622414,26.095020826646486
2022-01-01,Faridpur,2020,24.33,25.04,24.742477187316762,25.125912495072903,24.873537373536497,24.448475,24.909458675783025,25.079103003119997,25.12721227656722
2022-02-01,Faridpur,2020,26.69,29.41,28.629437205922574,28.943994607094922,28.728664382577477,28.662088,28.72741855455634,28.078506276450398,28.432273727929868
2022-03-01,Faridpur,2020,33.82,34.51,32.69108679663813,32.44201566994522,32.699178305891756,32.145576,32.91496607434428,32.496846850051945,32.54950753907253
2022-04-01,Faridpur,2020,34.49,35.93,35.09172528919852,34.30794346852313,35.060648149841775,35.053535,35.252712368342046,35.3632274923968,34.87298137330426
2022-05-01,Faridpur,2020,33.42,34.63,34.25648824654702,34.009745745647656,34.17500427642354,34.652054,34.27521412976269,34.336120371935344,34.063960152034696
2022-06-01,Faridpur,2020,33.42,32.69,33.16129580306867,32.94521716358087,33.2014725792823,33.437595,33.25038492101291,32.77900678421565,33.269472751075156
2022-07-01,Faridpur,2020,33.81,32.83,32.531525954396145,32.57356521570842,32.52115211942489,32.831074,32.55116084569754,32.43842688436732,32.54026380864114
2022-08-01,Faridpur,2020,33.52,32.76,33.04696285261553,32.66683809097977,33.110396539167844,32.829597,33.035522465619856,32.61485283115023,33.16383139208337
2022-09-01,Faridpur,2020,33.13,33.09,33.17485718540061,33.273637994690056,33.217244681948955,32.695362,33.011648238814956,32.95207600222651,33.037844314640516
2022-10-01,Faridpur,2020,32.21,33.23,32.5137045316879,32.62243117497625,32.4832667875565,32.625824,32.288443052071734,32.21748353089386,32.422258733085656
2022-11-01,Faridpur,2020,30.53,29.28,30.027547980992587,30.119152672129424,30.141887693897303,29.931046,30.140202108173163,29.95804052801047,29.962793441917235
2022-12-01,Faridpur,2020,27.02,25.67,26.24075142266209,26.074789494268924,26.32970311732158,25.515139,26.208376154023956,26.06948224916281,26.03372979210029
2023-01-01,Faridpur,2020,24.64,24.33,25.103397131865336,24.675444409676278,24.985649536005212,24.7463,24.77648288101466,24.857333228245185,25.350829744057066
2023-02-01,Faridpur,2020,29.56,26.69,28.61741673808705,27.615119460052227,28.59277002444188,27.062895,28.441126404816025,27.491912113632807,28.5584045736715
2023-03-01,Faridpur,2020,32.53,33.82,33.555953086111586,33.04973673906106,33.51255286496658,33.03324,33.665640861485045,32.82385289851476,33.314361126469215
2023-04-01,Faridpur,2020,36.71,34.49,34.7256549147777,34.47564674589699,34.740643907415006,33.931763,34.8940315393619,34.633016225022814,34.67810210125187
2023-05-01,Faridpur,2020,34.61,33.42,34.82800941032787,35.03484299389768,34.863298217572954,33.958218,34.89506942642351,34.942402093748505,35.0369676947492
2023-06-01,Faridpur,2020,33.87,33.42,33.51884475527306,33.653374809342054,33.6126080682866,33.207466,33.57016133693953,33.82085696402453,33.411355395646005
2023-07-01,Faridpur,2020,34.42,33.81,32.7492286944257,33.01106395254645,32.91013348993592,32.87193,32.86480952887404,32.871271118147014,32.7734949295122
2023-08-01,Faridpur,2020,33.2,33.52,33.260043308883816,33.139661323819844,33.28198148842909,32.938396,33.35387264266601,33.37133258247889,33.62308174100842
2023-09-01,Faridpur,2020,33.57,33.13,33.104945674852374,33.22100886749973,33.220810537088155,32.82865,33.10799710204536,33.55222997930729,33.31962318027346
2023-10-01,Faridpur,2020,33.05,32.21,32.634407889778224,32.55999854944063,32.68039281359636,32.133003,32.59281844713768,32.76251368808867,32.969026610992344
2023-11-01,Faridpur,2020,31.09,30.53,30.304736141224716,30.756605584754027,30.364923118242718,31.16786,30.330513198037956,30.616822676564663,30.346641939852862
2023-12-01,Faridpur,2020,26.69,27.02,26.458526246739808,27.090295322739237,26.625380841347003,27.058012,26.582678825153295,26.70822464614713,26.349554813687895
2012-01-01,Jessore,2011,24.75,24.82,25.591459835741382,25.241112720022905,25.750842783255376,25.563377,25.539744014713627,25.474876780974846,25.369191515497207
2012-02-01,Jessore,2011,29.48,29.56,29.276613937566474,28.2666996787011,29.311465449792053,28.973732,29.267548990311518,28.17339654175327,28.95082007476688
2012-03-01,Jessore,2011,34.6,33.48,33.97502290582061,33.15145137738728,33.901617547536176,33.11664,33.92330708479285,33.4948963744126,33.8517196481241
2012-04-01,Jessore,2011,35.33,35.05,36.49907054015918,36.72872251664836,36.4528499124853,36.19972,36.50213212901278,36.37295677469025,36.58568780641564
2012-05-01,Jessore,2011,37.64,35.44,35.77519069300754,35.10199275777602,35.78751938796032,35.113922,35.72347487197978,35.03331817935877,35.69042631214953
2012-06-01,Jessore,2011,36.1,34.23,34.91733878810014,33.75491417199019,34.80669196518876,33.618244,34.903068489917175,34.71320069844299,35.165878417916744
2012-07-01,Jessore,2011,33.07,33.19,33.648427882666994,33.188687948822015,33.65629637318682,33.057793,33.63936293541204,32.96411031076899,33.48934646719304
2012-08-01,Jessore,2011,33.17,31.97,33.252054594795666,33.06425224650711,33.27342777002107,32.652466,33.255116183649264,33.08708225045033,33.449894643064496
2012-09-01,Jessore,2011,33.5,32.71,33.40956429302438,33.254397199756816,33.53729966274406,32.93983,33.4254100593154,34.03177776367387,33.74060270550657
2012-10-01,Jessore,2011,33.07,34.05,33.121003678479795,33.121838961368965,33.250760108179605,33.04235,33.11193873122484,32.96025040846559,32.80200593294118
2012-11-01,Jessore,2011,29.41,30.72,30.88596524348776,30.80632458146711,30.885974054692436,30.48094,30.871694945304796,30.73043614426765,30.823381113274973
2012-12-01,Jessore,2011,25.36,26.09,26.905621923130013,26.94755320279501,26.938408046184012,27.184614,26.89135162494705,26.412578985693308,26.729341868009698
2013-01-01,Jessore,2011,24.77,24.75,25.35108694118292,25.54837088981578,25.386626595366522,25.512548,25.33565323204578,24.981107042093917,25.153641687538947
2013-02-01,Jessore,2011,29.15,29.48,29.321514585484866,28.96137559194045,29.36490324022145,28.713303,29.26979876445711,29.482759883782187,29.545524366346182
2013-03-01,Jessore,2011,34.46,34.6,33.95090534437295,33.281027403391754,33.95435741177427,33.402195,33.968533658346495,34.131095099822815,34.311667965839604
2013-04-01,Jessore,2011,35.93,35.33,36.40203487522206,36.46970387837511,36.435171588268595,36.370506,36.358937304683536,37.30240739887756,36.68253288998215
2013-05-01,Jessore,2011,33.87,37.64,36.10090840095849,35.340736554758166,36.15926856209335,36.018288,36.04919257993073,36.70886109636762,36.42715630980416
2013-06-01,Jessore,2011,34.01,36.1,33.96197023902371,33.955907207542985,34.058311257415376,33.916245,33.94769994084074,33.8261212057259,34.05390259501202
2013-07-01,Jessore,2011,33.17,33.07,33.04286303583326,32.67911192226167,33.14788887557482,33.041275,33.0337980885783,32.586894431901676,33.12137647439318
2013-08-01,Jessore,2011,32.91,33.17,33.299396208921756,32.705558165491865,33.380783993570056,32.828587,33.28512591073879,33.149946535718435,33.247416210406335
2013-09-01,Jessore,2011,33.33,33.5,33.36749856669892,32.98169056328549,33.445914114659715,32.92749,33.3244009961604,33.4748347371127,33.14397029580006
2013-10-01,Jessore,2011,31.86,33.07,33.09435687980135,32.97435571725849,33.18821529556722,32.627514,33.08008658161839,32.70934044841376,32.62112663571245
2013-11-01,Jessore,2011,30.74,29.41,30.46539395294404,29.679067441025918,30.65178565008823,30.149155,30.451123654761076,29.448643091210105,30.468782823313926
2013-12-01,Jessore,2011,27.17,25.36,27.19679782500596,26.65419303421843,27.207266236345347,26.229984,27.182527526822994,26.52370770946104,27.156651090507914
2014-01-01,Jessore,2011,24.04,24.77,25.84573134652605,25.432488044604433,25.85032592968489,25.333553,25.83029763738891,26.009067869026353,25.759059482594125
2014-02-01,Jessore,2011,28.04,29.15,29.128374548506557,28.890366518958043,29.25732185527228,28.439861,29.085276977968036,28.82350072410884,29.060889348349335
2014-03-01,Jessore,2011,33.38,34.46,33.69851543373637,32.989598652498444,33.7395506490937,33.309376,33.64679961270861,33.11174236434766,33.52242239985596
2014-04-01,Jessore,2011,38.03,35.93,36.088964774847874,35.54620235463594,36.079552623435895,36.538246,36.03724895382012,35.514753591950864,35.98112614000314
2014-05-01,Jessore,2011,37.52,33.87,36.56110658001282,35.98693940464272,36.50207926391895,36.047413,36.5180090094743,35.90611452862843,36.433390780664325
2014-06-01,Jessore,2011,34.21,34.01,35.02010147392851,34.166612617634684,34.9715147777617,34.67704,34.97700390338999,34.40885721187109,35.20122615965397
2014-07-01,Jessore,2011,32.94,33.17,33.133166017300475,32.751211562930195,33.15051241001171,32.784386,33.11889571911751,33.106206714904864,33.426463113752
2014-08-01,Jessore,2011,33.47,32.91,33.23197415984526,32.76499844555101,33.33375139736962,32.81505,33.2229092125903,32.73718354849126,33.23197973445836
2014-09-01,Jessore,2011,33.54,33.33,33.54777189861424,33.05317496456522,33.61471966577803,32.92316,33.53870695135929,33.156697825453065,33.549429972663724
2014-10-01,Jessore,2011,32.78,31.86,33.09153240247751,32.64109802665484,33.09644986478163,32.436413,33.05366101189638,33.30274854897746,33.46734767798715
2014-11-01,Jessore,2011,31.03,30.74,30.769240532044858,31.14758291383022,30.873358658968424,30.604078,30.754970233861894,31.26799526457163,30.594883387088778
2014-12-01,Jessore,2011,25.86,27.17,27.301665986127905,27.572128227880828,27.261262520559548,27.003815,27.28739568794494,27.03043507005499,27.118750267321623
2015-01-01,Jessore,2014,25.5,24.04,25.28430049591424,24.907982704052944,25.280297927441683,25.201067,25.31485873558285,24.781094089353097,25.575182018402842
2015-02-01,Jessore,2014,29.26,28.04,29.463398038857026,28.852798574369,29.438076727787134,29.322588,29.45468386773054,28.97846293118728,29.420647230195947
2015-03-01,Jessore,2014,33.03,33.38,34.0108962303769,34.116705140196096,34.11848225509879,33.649883,34.002182059250416,34.696931008667974,33.88419169349622
2015-04-01,Jessore,2014,34.22,38.03,36.11399343054177,35.34974133771022,36.16093871365737,36.406387,36.10368910993816,36.70037420598002,35.96295381981823
2015-05-01,Jessore,2014,36.36,37.52,35.549781197621925,35.13907319615588,35.662833145216105,35.789852,35.58033943729053,35.36216721328076,35.57709601282529
2015-06-01,Jessore,2014,34.31,34.21,34.64528617988166,34.15618871500827,34.78031481415268,34.369957,34.675844419550266,34.77758089235963,34.76793006447751
2015-07-01,Jessore,2014,32.36,32.94,33.13882294248463,33.163145841309564,33.24500300377413,33.10051,33.16938118215324,32.54531579567629,33.32018351768535
2015-08-01,Jessore,2014,33.17,33.47,33.07507513723916,32.632783844157025,33.184725199076766,32.79793,33.11910470090455,32.724573973043825,32.892157818904636
2015-09-01,Jessore,2014,34.04,33.54,33.45421045148925,33.090095049326266,33.50756959053479,32.998062,33.493607475107474,33.59012425934362,33.72490008597205
2015-10-01,Jessore,2014,33.58,32.78,33.19755354447069,33.11566168110234,33.31270328671961,32.750454,33.2281117841393,33.056338627111955,33.17861662053314
2015-11-01,Jessore,2014,31.33,31.03,31.00859872453961,30.65576555771133,30.979548405413375,30.864565,31.039156964208217,30.628011441961128,30.880684000485758
2015-12-01,Jessore,2014,26.65,25.86,27.249489221589393,27.42029521837191,27.26091460427179,26.997501,27.280047461258,27.241029602331253,27.137569667909318
2016-01-01,Jessore,2014,25.61,25.5,25.55213361642343,25.21341896693179,25.608349687138425,26.549519,25.59153064004165,25.341584735245753,25.361401397811075
2016-02-01,Jessore,2014,30.5,29.26,29.501537203526887,28.431515905836466,29.456462285239002,29.653582,29.492823032400402,28.26977525452393,29.46733903851605
2016-03-01,Jessore,2014,34.46,33.03,34.31612712444682,33.97476620856797,34.18264454392211,33.533436,34.363077792543365,33.73303444395234,34.20337731227739
2016-04-01,Jessore,2014,37.42,34.22,36.403303577057464,36.41901147620912,36.32107237964144,35.703865,36.39458940593098,36.11410236888179,36.51743730260934
2016-05-01,Jessore,2014,35.67,36.36,36.56240125444373,35.73127604360646,36.40837479506856,35.847908,36.592959494112336,36.05809948438902,36.65355158328951
2016-06-01,Jessore,2014,34.32,34.31,34.4412819553842,33.997795190750885,34.48359828153918,34.039352,34.48067897900242,34.411942025825404,34.36829729914686
2016-07-01,Jessore,2014,32.82,32.36,33.103236035901325,32.89298987115596,33.13122043592357,33.274548,33.13379427556993,32.800622558781065,33.23375418394083
2016-08-01,Jessore,2014,32.92,33.17,33.23786066542587,33.019575724902225,33.401936333166894,33.14122,33.30633836309633,33.242894231602406,33.335948377547155
2016-09-01,Jessore,2014,33.21,34.04,33.44935985867568,33.274742134782855,33.51177641766226,33.296913,33.479918098344285,33.48291103252682,33.150036634787526
2016-10-01,Jessore,2014,33.85,33.58,33.008773339598534,32.83581440395834,33.09932789726564,32.701756,33.03933157926714,32.84811501576402,33.055291083095305
2016-11-01,Jessore,2014,29.85,31.33,31.13391954275063,30.825490756168325,31.13520031750411,31.161827,31.164477782419237,30.41139141362259,31.122384675289013
2016-12-01,Jessore,2014,27.22,26.65,26.795953624224637,26.639343757638656,26.842241022539643,26.815605,26.826511863893245,26.629054385665167,26.790826601554492
2017-01-01,Jessore,2014,26.38,25.61,25.74392093366051,25.379328369487915,25.823054220694686,25.806772,25.754898688961212,25.64904342024466,25.451647290353097
2017-02-01,Jessore,2014,30.07,30.5,29.82441110011258,29.577214031650527,29.824001687340335,29.441061,29.826206392246046,29.886817195065785,29.615003219105688
2017-03-01,Jessore,2014,32.55,34.46,34.224739135797876,34.40772644480058,34.20764138030862,34.1678,34.28301837071385,34.14047837181554,34.126869995730054
2017-04-01,Jessore,2014,35.69,37.42,35.95076687339283,35.525115698090644,36.021795789226616,36.093487,35.99771754148937,35.85952564490425,35.856904745414816
2017-05-01,Jessore,2014,36.11,35.67,36.013642692458475,35.51877007158012,36.059864476412955,35.217804,36.0530397160767,35.80175021632333,35.66371956473969
2017-06-01,Jessore,2014,34.63,34.32,34.58146231895491,34.14246091220275,34.68136431131427,34.153667,34.61202055862352,34.65955707969855,34.663711136890534
2017-07-01,Jessore,2014,32.41,32.82,33.19314552332579,33.09058341578241,33.16585294843289,32.99878,33.23717508699118,32.72585371541161,33.014732633135374
2017-08-01,Jessore,2014,33.54,32.92,33.11637867662773,32.67693789437482,33.1360886658755,33.10214,33.14693691629634,32.90253988777776,32.98675827300256
2017-09-01,Jessore,2014,34.62,33.21,33.632536798399926,33.34966428013062,33.777694929844664,33.38624,33.643514553700626,33.24925479135738,33.85168263258008
2017-10-01,Jessore,2014,32.42,33.85,33.50493594078984,33.10745838975269,33.51040578348101,33.21055,33.53549418045845,32.76950080357486,33.332754665703355
2017-11-01,Jessore,2014,30.43,29.85,30.641685240865186,30.332204368769425,30.63880700275753,30.215889,30.672243480533794,30.45019138791169,30.58776445702126
2017-12-01,Jessore,2014,27.06,27.22,27.01910046368789,27.175406443021934,27.15570962877036,26.932278,27.030078218988592,26.959500489599616,26.75481395469849
2018-01-01,Jessore,2017,24.35,26.38,25.77462450964848,25.64564980584999,25.823441133960497,25.871126,25.89587601824204,25.408220242711558,25.51819998287955
2018-02-01,Jessore,2017,30.31,30.07,29.264095294869577,28.80769209110109,29.305277062414664,29.258266,29.247877707353865,28.91493035695248,29.370432288112593
2018-03-01,Jessore,2017,34.58,32.55,34.180046430597784,34.3706742592532,34.224780828122185,33.406456,34.18606739006448,34.54765158406406,34.16293131856744
2018-04-01,Jessore,2017,34.87,35.69,36.52757985759611,36.24748799768281,36.502218041283236,36.28379,36.44287469107742,36.46216573510483,36.42909946917438
2018-05-01,Jessore,2017,34.15,36.11,35.791894648761705,35.38430166842016,35.87738044067351,35.517372,35.841282323540405,35.58584988414933,35.91030750892397
2018-06-01,Jessore,2017,35.12,34.63,34.03247027757096,33.99979159454546,34.182680922211404,33.301617,34.032191894077535,33.415239633896945,33.88717717399942
2018-07-01,Jessore,2017,33.53,32.41,33.2879994544992,32.89495563256672,33.37081221906272,32.608406,33.26691457963081,33.23421201616109,33.61486844786632
2018-08-01,Jessore,2017,33.88,33.54,33.47817465302222,33.365613821506514,33.49173498767638,33.213005,33.49173338723057,33.24453193562048,33.546318438190724
2018-09-01,Jessore,2017,34.63,34.62,33.80831803024896,33.39838075085998,33.84337380411824,33.35094,33.75678811983355,33.44068393557216,33.40174930142961
2018-10-01,Jessore,2017,32.99,32.42,33.43168299809505,33.34007483730469,33.53943431110144,32.948868,33.48976298585941,33.50792311489259,33.48502504217793
2018-11-01,Jessore,2017,30.99,30.43,30.806269666299524,31.05032256085078,30.995198596368343,30.643597,30.84073800419301,30.345582915113543,30.903795433533404
2018-12-01,Jessore,2017,26.05,27.06,27.208320635870397,27.242793157117664,27.205791707640774,26.919264,27.19221440286964,27.304124545189886,27.250681846107838
2019-01-01,Jessore,2017,26.85,24.35,25.404620473005018,25.475312761001323,25.482390733456565,25.561005,25.486676242865762,24.743489311383303,25.48665093680607
2019-02-01,Jessore,2017,28.88,30.31,30.072270788132734,30.154478872008646,30.023029529039402,30.419754,30.03651176008541,29.681270591890744,29.743421786355686
2019-03-01,Jessore,2017,32.19,34.58,33.82439082137888,33.414467478499006,33.86202044663592,34.196636,33.692635871689966,33.871687853183644,33.796188660092724
2019-04-01,Jessore,2017,34.87,34.87,35.748449908503424,35.78856625715305,35.78540958236851,34.98657,35.74040070355786,35.04279197985902,35.51727446391989
2019-05-01,Jessore,2017,36.65,34.15,35.692909305497665,35.893855249699136,35.855818438684246,34.505558,35.77757352362539,36.328832972351364,36.0668170906494
2019-06-01,Jessore,2017,36.03,35.12,34.843695315271496,34.78343583068811,34.90697652783294,34.85668,34.94505839303124,34.914703212890885,34.93084537454621
2019-07-01,Jessore,2017,34.51,33.53,33.58556236931618,33.615215572911445,33.56838283582328,33.450478,33.62797356256779,33.514927686006565,33.69188831134084
2019-08-01,Jessore,2017,33.68,33.88,33.80733358344437,33.40678708144063,33.74089014587889,33.13584,33.83662294639648,33.57779763370963,33.69281982234164
2019-09-01,Jessore,2017,33.15,34.63,33.83300030845687,34.013741531167604,33.97722082492809,33.129025,34.00336419660136,33.739427027327466,34.10420680638235
2019-10-01,Jessore,2017,32.27,32.99,33.00016177967929,33.49292097071336,33.12886186338426,32.877075,33.06546793655299,32.77371291041818,32.66891550002469
2019-11-01,Jessore,2017,30.41,30.99,30.636481579930084,30.739837955793504,30.681018705466908,30.89751,30.513461288601654,30.460691381733838,30.76189825056467
2019-12-01,Jessore,2017,25.47,26.05,26.979981123005004,27.075390873305565,27.033972078878488,26.780602,26.982377645793335,27.15314975529237,27.1626182204998
2020-01-01,Jessore,2017,24.86,26.85,25.36702315605008,25.343849842367298,25.390884350737483,25.575138,25.448479310634966,24.77802025681885,25.23626920806833
2020-02-01,Jessore,2017,27.46,28.88,29.44089017996722,28.599770031393998,29.474018362621244,28.801477,29.301097797250087,28.712326130820543,29.24281882521607
2020-03-01,Jessore,2017,32.56,32.19,33.322563138033566,32.711799521966846,33.43236290844059,32.65816,33.38817774894398,33.11172033072998,33.67225828320231
2020-04-01,Jessore,2017,34.95,34.87,35.81052773373127,35.72779380022906,35.89163600167307,35.099144,35.84643741624355,36.24040888249315,36.17356455161082
2020-05-01,Jessore,2017,34.52,36.65,35.80704336068733,35.81474007207905,35.965954900447315,35.737034,35.87795970044239,36.665101579447324,36.30944412763809
2020-06-01,Jessore,2017,34.48,36.03,34.346760492508984,34.273767832483166,34.41695948072889,34.45573,34.38829615313349,34.4422509129577,34.388380636566076
2020-07-01,Jessore,2017,34.52,34.51,33.23422415282653,33.27435388554472,33.33448330311547,33.036552,33.31162878599093,33.22293452737202,33.36882178283442
2020-08-01,Jessore,2017,33.45,33.68,33.822151737319565,32.815543531645076,33.774174410825275,33.2244,33.843696698578334,33.07946559854843,33.66619770644077
2020-09-01,Jessore,2017,34.09,33.15,33.738934877904256,33.18730592031945,33.817180801141404,32.99602,33.68399007582863,33.46045975229171,33.687529495372985
2020-10-01,Jessore,2017,33.52,32.27,33.235037476521114,33.517868445208684,33.33403514020745,32.775505,33.287007179808,33.400256733749266,32.92453514648869
2020-11-01,Jessore,2017,30.62,30.41,30.996320775689416,31.43215827005562,31.12196526244377,30.90587,30.936894851716094,31.3726817983459,30.90742821512586
2020-12-01,Jessore,2017,26.53,25.47,26.950350113371822,27.320513340707894,27.066592170263224,26.262943,26.959617064493212,27.144661237602822,26.778199250726814
2021-01-01,Jessore,2020,26.02,24.86,25.597876277661246,25.085556166540165,25.604921998510786,25.628695,25.407345321869773,25.04833077224583,25.54612869165286
2021-02-01,Jessore,2020,29.89,27.46,29.618353531055135,28.10696307076622,29.62930060513041,28.303938,29.36462743609397,28.50682875317588,29.357863278480625
2021-03-01,Jessore,2020,35.25,32.56,33.92990765104368,33.37200709158984,33.77271325473887,32.909397,33.78387579450681,33.9368079905145,33.942834981525365
2021-04-01,Jessore,2020,36.98,34.95,36.4963571404461,36.70068157237908,36.31488821723583,36.004223,36.28024399032632,36.833520451264015,36.299610574521324
2021-05-01,Jessore,2020,35.62,34.52,36.292265583881196,36.05630230479091,36.220260188680996,35.50245,36.37644772709256,36.23000630487826,36.35262475890257
2021-06-01,Jessore,2020,33.51,34.48,34.682137542986005,34.25830849379714,34.70376612818818,34.529118,34.78922534140262,34.669779762814066,34.918120766323725
2021-07-01,Jessore,2020,33.73,34.52,33.04248406459206,33.46000580662268,33.21330547112211,33.321655,33.14607580472344,33.259629851543,32.875776475652245
2021-08-01,Jessore,2020,33.77,33.45,33.57095611303439,33.43528848731688,33.58477829774386,33.340427,33.56585737106716,33.778242252969264,33.6950702166316
2021-09-01,Jessore,2020,33.33,34.09,33.863735814359586,33.60724686474353,33.906520878931985,33.522842,33.831117571112316,33.580343783289955,33.734573661789284
2021-10-01,Jessore,2020,33.71,33.52,33.01996292617383,32.69152771671791,33.1150192982861,32.874966,33.03869199265006,32.65237431459708,32.89983065329194
2021-11-01,Jessore,2020,29.82,30.62,31.0135751781719,30.423157605416648,31.05351686865544,30.719305,31.00833673129922,30.51003465203272,31.165158537872735
2021-12-01,Jessore,2020,26.09,26.53,26.6389647040832,26.257131409177454,26.768684217197308,26.695347,26.844167462395426,26.68755885993663,26.714787564175122
2022-01-01,Jessore,2020,24.61,26.02,25.521075246946335,25.70985016533038,25.60233843828792,25.668055,25.74563664020729,25.763155930521744,25.903353277597795
2022-02-01,Jessore,2020,27.59,29.89,29.244164599946664,29.590406401565872,29.374194168811517,29.151468,29.270097083321737,28.933408578086713,28.881388701084607
2022-03-01,Jessore,2020,34.05,35.25,33.37806700290512,33.18746247402615,33.30424233940107,33.484337,33.326055263442505,33.06805449987156,33.17578163909752
2022-04-01,Jessore,2020,35.78,36.98,36.200947639011275,35.839576351389326,36.26779111973222,36.869335,36.385785427354705,36.765870345903245,36.26082874992105
2022-05-01,Jessore,2020,34.97,35.62,35.904104084098286,35.876397945289604,35.90008588407592,35.973434,35.97702951761479,35.84855248575525,35.860802034257624
2022-06-01,Jessore,2020,34.77,33.51,34.41564011032748,34.04024240932111,34.436212447713274,33.78283,34.62751881237197,33.97171538981051,34.70099954577691
2022-07-01,Jessore,2020,34.54,33.73,33.48700741638508,33.34549839960207,33.66431371794651,33.24638,33.71052875329819,33.5190408585286,33.634590635916396
2022-08-01,Jessore,2020,33.85,33.77,33.84392262297842,33.234340660176855,33.8762305352389,33.36842,33.9019968812463,33.50491383557099,33.899874011618024
2022-09-01,Jessore,2020,33.76,33.33,33.8631838712313,33.657110747027055,34.01252714831292,33.288937,33.789222315273506,33.96874774954442,33.878173347564896
2022-10-01,Jessore,2020,32.83,33.71,33.220556134082294,33.002661132503555,33.29269754520827,33.01146,33.16169520998738,33.03849482911869,33.12897340591356
2022-11-01,Jessore,2020,30.92,29.82,30.677706915107596,30.90335560261676,30.816857339867354,30.78911,30.764480541613924,30.658834691749124,30.67295317120345
2022-12-01,Jessore,2020,27.86,26.09,26.937210823359425,26.57955762927228,26.903007751294293,26.845928,26.80387413031095,26.522280766612113,26.773168944043142
2023-01-01,Jessore,2020,25.22,24.61,25.98733778314693,25.403771728076844,25.863146273220188,25.653992,25.63614861683948,25.424677583077703,25.969213104623435
2023-02-01,Jessore,2020,30.34,27.59,29.309609440565712,28.156401192878107,29.316053647628294,29.165106,29.150465262532837,28.475228291178606,29.07220529412004
2023-03-01,Jessore,2020,33.15,34.05,34.259598037325894,33.80193048987067,34.067071550225954,33.816452,34.486277392231976,34.01596463494948,34.0620563213579
2023-04-01,Jessore,2020,37.48,35.78,35.92119554471482,35.807774230688345,35.91247296140297,35.232048,35.747301839704406,35.75512069920903,35.70245450362824
2023-05-01,Jessore,2020,35.81,34.97,36.347931298133346,36.52850949002434,36.30097761146751,35.647446,36.29749880236051,36.3149996607646,36.41640445324115
2023-06-01,Jessore,2020,35.75,34.77,34.70989135041186,34.72164872813209,34.86226521072579,34.362648,35.09619498386332,34.99162564860359,34.69483988634543
2023-07-01,Jessore,2020,34.66,34.54,33.87849287395214,33.526345493910256,33.818096057078634,33.527466,33.875702972848316,33.81311505022375,33.90137697113588
2023-08-01,Jessore,2020,33.55,33.85,33.898451527026545,33.84598524045988,34.02537842944458,33.619793,33.96499400344218,34.057140515703,34.12108543139087
2023-09-01,Jessore,2020,33.87,33.76,33.7854091643146,33.564355396273314,33.852509997708914,33.38762,33.60927588928256,33.5830475114271,33.92643638562565
2023-10-01,Jessore,2020,33.17,32.83,33.24031960062023,32.84027417787439,33.34599559376322,32.93222,33.300264386751614,33.159911382165284,33.43878471541475
2023-11-01,Jessore,2020,31.03,30.92,30.815898765076597,30.92625058118212,30.866541799784894,31.070396,30.717727158416707,31.063473107395357,30.372923961150633
2023-12-01,Jessore,2020,26.84,27.86,27.062351958352128,27.078086063160356,26.99822111969931,27.357578,27.061567652496496,26.876415596688556,26.834515404478903
2012-01-01,Khulna,2011,24.32,24.19,24.946745698774986,25.167451211135965,24.933675562990054,25.257938,24.717891191567116,24.58978665180463,24.76441144512972
2012-02-01,Khulna,2011,29.07,28.99,28.742121024082596,28.334161464545357,28.74068945075521,28.681337,28.573549253891404,27.572501888134525,28.109473558209604
2012-03-01,Khulna,2011,33.93,32.99,32.99892608917847,33.01483467748766,33.12996758125277,32.443882,32.95623519368067,33.40569326873858,33.14680829433817
2012-04-01,Khulna,2011,35.3,34.42,35.125858640353435,35.187404861555464,35.189810644513486,35.26464,35.61255965201115,35.69489317411449,35.09930177806301
2012-05-01,Khulna,2011,36.71,34.75,35.08592303383859,34.533448103525075,34.98875350953395,34.218933,34.72296290386232,34.7224057746024,34.65779419287265
2012-06-01,Khulna,2011,35.3,33.48,33.881255427065945,33.042730309001364,33.84567422051079,32.95277,33.81560085124121,33.95585838218416,34.22185143517454
2012-07-01,Khulna,2011,32.64,32.64,32.81168348331624,32.777649997883394,32.917996886641056,32.03811,32.77045819152766,32.41096491188834,33.096381411186044
2012-08-01,Khulna,2011,32.82,31.4,32.63021841295073,32.48476020594908,32.726000871558476,32.125893,32.76868845172236,32.68602641068704,32.95175286114573
2012-09-01,Khulna,2011,32.79,31.99,32.853667999048504,32.92881390839428,32.90853266487163,32.500484,32.76409758104828,33.665112925274116,33.1643168641661
2012-10-01,Khulna,2011,32.33,33.36,32.54835445518992,32.514754387111246,32.607497172385436,32.402657,32.58687859486244,32.75340459552743,32.45754743054388
2012-11-01,Khulna,2011,29.38,30.3,30.249055083534273,30.22130035584631,30.265792628502787,30.129879,30.257891133120808,30.252775091146695,30.320641802082438
2012-12-01,Khulna,2011,25.06,25.11,26.513354744462273,26.566621376415508,26.516888993103837,25.968098,26.694841902403137,25.6229234082752,26.391234632149427
2013-01-01,Khulna,2011,24.82,24.32,24.945227036680294,25.55512616873447,24.91474022689458,25.24406,24.496576438154293,24.036226878410936,24.53301796828501
2013-02-01,Khulna,2011,29.09,29.07,28.947886704995224,29.68519408399601,29.05992163181841,28.809807,29.594433128430435,28.952307143570774,29.611454227183415
2013-03-01,Khulna,2011,33.82,33.93,33.152076915868214,32.949193937526594,33.29952879601797,33.358,33.12346133313387,33.7192393060566,33.73863930416403
2013-04-01,Khulna,2011,35.39,35.3,35.17426098854038,35.13105925370119,35.249384077186086,34.590622,35.49340631038639,36.25295627790682,35.41896591675899
2013-05-01,Khulna,2011,33.28,36.71,35.291691541339304,34.66006644847553,35.321456600480424,34.444683,34.9808703061594,36.07623865891564,35.46422928015982
2013-06-01,Khulna,2011,33.88,35.3,33.17871036192607,33.12012217471284,33.27717314773486,32.715065,33.063703572360986,33.231264744793556,33.140907182949384
2013-07-01,Khulna,2011,32.79,32.64,32.3038742021659,31.98171501970636,32.40378905255524,32.024513,32.48172893384486,32.29577058494717,32.663322823188885
2013-08-01,Khulna,2011,32.63,32.82,32.49786924366703,32.334958463716205,32.59832593045922,32.331104,32.729147961184886,32.67706363922335,32.539305624672856
2013-09-01,Khulna,2011,33.19,32.79,32.65039438744764,32.40138337442535,32.63540392623255,32.45114,33.09635502835493,33.06852912545482,32.55011068493648
2013-10-01,Khulna,2011,31.61,32.33,32.4946950198449,32.32982941109833,32.41820253246749,32.110294,32.341990512732394,32.462777762095705,32.38888632049962
2013-11-01,Khulna,2011,30.43,29.38,29.899578402705945,29.48568039346037,30.003415818840942,29.338476,29.8336823386629,29.420924765452217,30.05863626297763
2013-12-01,Khulna,2011,27.0,25.06,26.540677263330544,26.470450904925876,26.595991649600624,26.394001,26.335365398716057,26.141755503060182,26.620277537272415
2014-01-01,Khulna,2011,23.92,24.82,25.37970349013566,25.488532010312714,25.38525903022247,25.779173,25.33123581304907,25.169996648463037,24.907051311962228
2014-02-01,Khulna,2011,27.77,29.09,28.793184032827046,28.809638059009178,28.838367544768314,29.503454,28.5944589582974,28.436543044845738,28.57941580182035
2014-03-01,Khulna,2011,32.9,33.82,32.88097257525736,32.87892600362057,32.87831691874275,32.89072,32.99661498875433,32.56667968192007,32.83179250197266
2014-04-01,Khulna,2011,37.68,35.39,34.89913130200594,34.440807905556575,34.910541780498285,34.087475,34.43354529536455,34.65785039620318,34.4764054895015
2014-05-01,Khulna,2011,36.77,33.28,35.60491991435457,35.00413958157567,35.61944251598095,33.768402,35.253318194498306,35.816210054818264,35.67309405288969
2014-06-01,Khulna,2011,33.77,33.88,34.153033060096796,33.65967253463872,34.15599631902528,33.80478,34.40340016510397,34.08985217940396,34.3109532248026
2014-07-01,Khulna,2011,32.85,32.79,32.52372889204879,32.46484979547788,32.53459641967932,32.148914,32.37882420404811,32.4924232081359,32.72844228573944
2014-08-01,Khulna,2011,32.95,32.63,32.69537772658509,32.566432445635094,32.82767947913823,32.323246,32.75325633633179,32.747151439175944,32.91148015456797
2014-09-01,Khulna,2011,33.28,33.19,32.92576358407177,32.823152310621595,33.05323700482268,32.343052,32.93293135739304,32.626859393100936,33.24220934965634
2014-10-01,Khulna,2011,33.13,31.61,32.587877952592855,32.329013651990394,32.63148017724286,32.26372,32.57580320267606,32.899496584123995,32.9047012346967
2014-11-01,Khulna,2011,31.01,30.43,30.455821836811218,30.781089867119295,30.404063261282904,30.256382,30.348070154410514,31.1999011152043,30.347538436348447
2014-12-01,Khulna,2011,25.56,27.0,26.912384991074386,27.65051193637171,26.899712187476943,26.866093,26.961476549977842,26.86783134001365,26.917867588450683
2015-01-01,Khulna,2014,25.25,23.92,24.9638980733936,25.632570986367423,25.101598777970718,25.186977,25.06604683722903,24.50523205860486,25.28556863585597
2015-02-01,Khulna,2014,29.3,27.77,29.145176106481852,28.569400481571932,29.183079207504377,28.991184,29.183713787584605,28.4117773469433,29.160075875992426
2015-03-01,Khulna,2014,32.74,32.9,33.42363876137976,33.49862865927494,33.57955726128254,33.393955,33.39150530506019,34.27448665983449,33.622291388561834
2015-04-01,Khulna,2014,34.18,37.68,35.34866185257619,34.64612565061674,35.392205198668556,34.798492,35.365378323518094,35.8821339185057,35.48411598421494
2015-05-01,Khulna,2014,36.05,36.77,35.01175670134272,34.63319519256196,35.03465602167929,34.816532,35.006985308550256,34.936394279256405,34.81678466227897
2015-06-01,Khulna,2014,33.51,33.77,33.979804398209936,33.493244085865925,34.032272580989925,33.277992,33.9732971607681,34.41234164732658,34.22169434143137
2015-07-01,Khulna,2014,31.53,32.85,32.43903421416299,32.78387584745158,32.77501349409895,32.366505,32.52197527691142,32.12712521687547,32.69601806091101
2015-08-01,Khulna,2014,32.74,32.95,32.33053735360015,32.02181112468036,32.38664341215184,32.173954,32.32074009064097,32.22922997698976,32.17332388333988
2015-09-01,Khulna,2014,33.34,33.28,32.819709384502545,32.49321942338203,32.73278245671579,32.66225,32.784519547285214,33.28756758629029,33.12463304994165
2015-10-01,Khulna,2014,33.08,33.13,32.555009864567424,32.54236240846162,32.688444842198685,32.51146,32.660865932999755,32.679661927107986,32.6977095980255
2015-11-01,Khulna,2014,30.84,31.01,30.41110973414456,30.31636338685568,30.333006390287743,30.724358,30.437431504767886,30.252358911872278,30.237249240271915
2015-12-01,Khulna,2014,26.26,25.56,26.610871892244536,26.796488273704128,26.520711124202357,26.749994,26.52050246653052,26.647833322675147,26.39285319104807
2016-01-01,Khulna,2014,25.83,25.25,25.1199226054731,25.28045445161039,25.196385286214532,25.8442,25.087216668892204,25.088322633669833,25.081459567968505
2016-02-01,Khulna,2014,30.27,29.3,29.29201060893003,29.05410446133477,29.269803304447837,29.31053,29.271815569940845,28.634358725997505,29.21157908138459
2016-03-01,Khulna,2014,33.83,32.74,33.61764126376767,33.219815256588724,33.539838292588,33.28236,33.567845099731876,33.343599226556044,33.61887949406029
2016-04-01,Khulna,2014,36.31,34.18,35.5645726465829,35.28422292244913,35.58202148295073,35.36606,35.52275365527946,35.2801465986941,35.70553366587193
2016-05-01,Khulna,2014,35.13,36.05,35.76359350847325,34.682746965143416,35.60554266977829,34.503967,35.835719174316736,34.99672882200047,36.016076090059066
2016-06-01,Khulna,2014,33.82,33.51,33.839230294125095,33.34724805647398,34.05819708942219,32.852448,33.81448194270016,33.75649889291151,33.88338687263374
2016-07-01,Khulna,2014,32.33,31.53,32.52831947673825,32.413071030376855,32.602289332208606,32.32419,32.58594546337393,32.37634895010339,32.685915586706706
2016-08-01,Khulna,2014,33.04,32.74,32.68235414087635,32.52286305191186,32.72577366447957,32.487843,32.69582028113168,32.6749955835369,32.77964029975307
2016-09-01,Khulna,2014,34.02,33.34,33.0680375407866,32.93771748243955,33.01383276168711,32.79308,33.019184925728176,33.1728404633801,32.78235190501048
2016-10-01,Khulna,2014,33.36,33.08,32.902504350028856,32.651252610296645,32.79725588855894,32.594154,32.84718624033771,32.77256724936461,32.90949954180081
2016-11-01,Khulna,2014,29.9,30.84,30.65438785852952,30.489586180203876,30.6368592058705,30.280294,30.618576661516858,30.086869831378138,30.67070093024279
2016-12-01,Khulna,2014,27.07,26.26,26.445361521239956,26.66383101188028,26.570019684004468,26.822685,26.40527296825834,26.225800987444664,26.34348651124364
2017-01-01,Khulna,2014,26.22,25.83,25.476279959389327,25.76038373325616,25.45013852651648,25.610209,25.456839070030806,25.299272243727145,25.215358845981427
2017-02-01,Khulna,2014,29.64,30.27,29.58604255554034,29.85030071627166,29.609415881545868,29.933363,29.619177477925557,29.55877209261727,29.544329601670338
2017-03-01,Khulna,2014,31.66,33.83,33.566464491487366,33.62419243177985,33.54533093342939,34.619114,33.46221134096466,33.701270571557075,33.61109115418442
2017-04-01,Khulna,2014,34.7,36.31,35.11851404864418,34.56723351009874,35.11829139327058,33.847282,35.229417728968734,34.781785365835326,34.810554006877155
2017-05-01,Khulna,2014,35.9,35.13,35.23818473746947,34.662360957264,35.33841108756681,33.52434,35.21349527729622,34.973377445673265,35.06534692442844
2017-06-01,Khulna,2014,33.98,33.82,33.95368804448944,33.67957148325622,34.18064108595605,33.360737,33.9907634895454,34.188463243228014,34.35003856515789
2017-07-01,Khulna,2014,31.97,32.33,32.504513770457194,32.70251103213451,32.703270413226726,32.434464,32.49042938847451,32.518355929893644,32.57573726430725
2017-08-01,Khulna,2014,33.0,33.04,32.58826415892441,32.22756209750584,32.534783577414544,32.388386,32.573731586334596,32.44195692534467,32.5638640334226
2017-09-01,Khulna,2014,33.5,34.02,33.110031697542404,32.71234102091197,33.16919512174956,32.818977,33.06672773847077,32.56331972193968,33.49485262401204
2017-10-01,Khulna,2014,31.66,33.36,32.77175851537018,32.692689055179855,32.95028470731558,32.45386,32.85791959239273,32.234400256778336,32.82034172886071
2017-11-01,Khulna,2014,30.1,29.9,30.07291079203468,30.124755317343936,30.163973422698927,29.865616,29.98545887957197,29.995793273092822,30.01453468338277
2017-12-01,Khulna,2014,26.46,27.07,26.450847979904744,26.78921531406493,26.327095465149892,26.554972,26.34883286458406,26.661210205213806,26.092399649715873
2018-01-01,Khulna,2017,23.97,26.22,25.32152464422659,25.521913495600977,25.347474154331763,25.739037,25.267554948062457,25.435350797399987,25.168198862191478
2018-02-01,Khulna,2017,29.00071,29.64,28.890716339910806,28.736514060405526,28.95231913917612,29.190224,28.825314696396173,29.000491867980042,28.88343185757717
2018-03-01,Khulna,2017,33.73,31.66,33.055790553373704,32.722531679651496,33.005317520680194,33.466118,32.99038890985907,32.817977064477944,32.85934331569312
2018-04-01,Khulna,2017,34.63,34.7,35.44904082830516,35.2761880321292,35.52507379498109,34.526802,35.42675425674287,35.453990556494766,35.43885903455182
2018-05-01,Khulna,2017,33.89,35.9,35.207590441898134,34.879350288996534,35.359100742559555,33.884804,35.17336405415895,35.07543425300147,35.32542846657282
2018-06-01,Khulna,2017,34.33,33.98,33.35813910418484,33.27589685099315,33.43424051654148,33.65311,33.32391271644566,32.82655789928488,33.122341345741255
2018-07-01,Khulna,2017,32.85,31.97,32.428863611719756,32.09078741954158,32.494019821179585,32.12608,32.40381545451954,32.614731834910785,32.69569328163867
2018-08-01,Khulna,2017,33.34,33.0,32.760714170672934,32.652523616074156,32.92636911982055,32.223034,32.72648778293375,32.630981299885676,32.66383704178088
2018-09-01,Khulna,2017,34.22,33.5,33.178461346794975,32.58499744804659,33.082481957584655,32.754467,33.144234959055794,32.69344965000057,32.802020267109015
2018-10-01,Khulna,2017,32.71,31.66,32.830111098431644,32.66428219345315,32.76014314577785,32.275665,32.82059848862946,33.08757757450339,32.91852583793001
2018-11-01,Khulna,2017,30.72,30.1,30.366078433449115,30.46441615532,30.554633259659706,30.267689,30.312108737284984,30.369842552045114,30.448237698206214
2018-12-01,Khulna,2017,26.01,26.46,26.686685982288946,26.915721804075254,26.72274603216814,26.51337,26.663172249810923,26.771874756479342,26.407962591259437
2019-01-01,Khulna,2017,26.86,23.97,25.13695710160669,24.811463935444415,25.144453320628323,25.206385,25.08298740544256,24.4642341165522,25.04078999523182
2019-02-01,Khulna,2017,28.64,29.00071,29.7044320133345,29.393627507730603,29.63881129930403,29.167381,29.68214544177221,29.16259701779686,29.658285620199837
2019-03-01,Khulna,2017,31.78,33.73,33.163843617716005,33.11898958013221,33.23326071872032,33.05492,33.15433100791382,33.095424376486854,33.099442776456236
2019-04-01,Khulna,2017,34.64,34.63,34.965933494838026,34.80289048349326,34.94959101078013,34.170586,34.943646923275736,33.92017688882851,34.57659512877678
2019-05-01,Khulna,2017,36.17,33.89,35.11188083720901,35.16877449140375,35.21991464449433,33.685516,35.08683268000879,35.53768540391455,35.61078451923822
2019-06-01,Khulna,2017,35.17,34.33,34.075532309199666,33.92908501539986,34.13473933524091,33.586395,34.041305921460484,34.28023457159737,34.16533879581455
2019-07-01,Khulna,2017,33.66,32.85,32.7966122229062,32.72962128572287,32.82236800808461,32.67406,32.76238583516702,32.906473431987386,32.90187052527467
2019-08-01,Khulna,2017,33.06,33.34,33.15400453532133,32.78894460624721,33.068599517239996,32.477463,33.119778147582146,33.118682229218884,33.168633460774856
2019-09-01,Khulna,2017,32.9,34.22,33.34066321951031,33.46414343438179,33.47352170710199,33.049683,33.331150609708125,33.11678457700483,33.54442006823393
2019-10-01,Khulna,2017,32.05,32.71,32.58090578887584,32.79057626150997,32.69403803609749,32.466343,32.55585763167562,32.42521101481077,32.37052510670526
2019-11-01,Khulna,2017,29.74,30.72,30.272943888686516,30.459394338198493,30.330156014891774,30.55521,30.218974192522385,30.245772871360796,30.43498883345464
2019-12-01,Khulna,2017,24.6,26.01,26.382779713312296,26.540882689023956,26.37391661457528,26.254658,26.371112118998674,26.569890407021983,26.413368913374384
2020-01-01,Khulna,2017,24.03,26.86,24.903327977089628,25.260019161665312,24.80615072094638,25.717274,24.869101589350446,24.380646012919964,24.737280236253355
2020-02-01,Khulna,2017,26.95,28.64,28.78572458435352,28.618571889153845,28.763088579798726,28.906824,28.76343801279123,28.440791314306445,28.63608376099308
2020-03-01,Khulna,2017,32.29,31.78,32.42157249989807,32.44470673571717,32.51630757050362,32.08736,32.39928592833578,32.911569928892845,32.88332579546097
2020-04-01,Khulna,2017,34.43,34.64,34.86441894965528,34.87955285163063,35.023933397680196,34.589046,34.906970362833725,35.510819034600445,35.32557796111282
2020-05-01,Khulna,2017,34.15,36.17,34.99434240882918,35.093218028191814,35.108678353159256,35.1103,34.96011602109,35.796101779283624,35.385319036755114
2020-06-01,Khulna,2017,33.56,35.17,33.49461040990944,33.33152862040855,33.57383447652255,33.98543,33.445250499719336,33.76573784659759,33.596006878759475
2020-07-01,Khulna,2017,33.27,33.66,32.24696358947259,32.17370950520745,32.30104879457784,32.8675,32.21273720173341,32.313250592064094,32.39192012231149
2020-08-01,Khulna,2017,32.74,33.06,32.805783759763074,32.04824152162028,32.7487982614534,32.193592,32.77155737202389,32.31848936029671,32.69764734065492
2020-09-01,Khulna,2017,33.45,32.9,32.995451763215684,32.55274795836198,32.98669789305597,32.259964,32.98378416890206,32.698088997912194,32.778704946192285
2020-10-01,Khulna,2017,32.96,32.05,32.475300515602825,32.40187358986449,32.34322305730053,31.974644,32.441074127863644,32.91043635158768,32.18899131233867
2020-11-01,Khulna,2017,30.57,29.74,30.310238062142997,30.352052958784967,30.267252838599838,29.853188,30.256268365978865,30.65419522070761,30.214536460683274
2020-12-01,Khulna,2017,25.98,24.6,26.337797444202334,26.866478453134402,26.380672447974113,26.45889,26.303571056463152,26.53466483429114,26.06787080619931
2021-01-01,Khulna,2020,25.91,24.03,25.118718481604475,24.654058480330182,25.01790992552607,25.066723,25.086159325186628,24.800400399177786,24.890007906493093
2021-02-01,Khulna,2020,29.51,26.95,29.121346183464773,27.571837915023163,29.08090234332808,28.345133,29.104692636401303,27.652809566299272,28.977718334596364
2021-03-01,Khulna,2020,34.58,32.29,33.15863084207442,33.05098747014419,33.15379999750138,32.693783,33.201633674755364,32.90236887707801,33.10699663695036
2021-04-01,Khulna,2020,36.47,34.43,35.61302896036201,35.59565693915684,35.46145802131334,34.32675,35.60051781038188,35.161115854787774,35.61334121815542
2021-05-01,Khulna,2020,35.48,34.15,35.69792341921263,35.00099205252007,35.70052537874944,34.645573,35.698867934902836,35.5392670408408,35.82924747730521
2021-06-01,Khulna,2020,32.61,33.56,34.12953506334167,33.49617292920329,34.15553465014911,33.44067,34.082567147151046,34.06399090020374,34.500055526665285
2021-07-01,Khulna,2020,32.65,33.27,32.35008576880088,32.71756055058457,32.47578330237011,32.33879,32.373604845207836,32.300202327470636,32.28849784037749
2021-08-01,Khulna,2020,32.73,32.74,32.84996599080247,32.6918501170168,32.90047215742451,32.645554,32.867316817214906,33.12494454021525,33.017815255323946
2021-09-01,Khulna,2020,32.29,33.45,33.20217059282891,33.041730220565086,33.32877004901509,32.70537,33.2009239439883,33.08118936214205,33.224990589178326
2021-10-01,Khulna,2020,33.06,32.96,32.33306907994414,32.285629180957244,32.349641733720844,32.31274,32.353871771523,32.05617646824055,32.25003996503006
2021-11-01,Khulna,2020,29.98,30.57,30.44537766207751,30.037120970049763,30.325810923869938,30.47373,30.365309818878735,30.007494541633683,30.570296268571013
2021-12-01,Khulna,2020,25.86,25.98,26.19214305918501,26.564384264768055,26.371486938775977,26.400898,26.187100771663946,26.254970975639836,26.44747833180776
2022-01-01,Khulna,2020,24.29,25.91,25.20277709505138,25.92457776525503,25.37011244195742,25.183926,25.199387817555937,25.986981205582264,25.78626512683537
2022-02-01,Khulna,2020,27.29,29.51,28.736280984600867,29.447950572272173,28.790536118427262,28.872213,28.7057193884457,29.13034960708317,28.53077067106682
2022-03-01,Khulna,2020,33.62,34.58,32.64631500246609,32.88136362289235,32.67727399087581,33.0094,32.5514887511977,32.99223457421755,32.643813050876595
2022-04-01,Khulna,2020,35.19,36.47,35.3282691737918,34.74834697536719,35.40233178670904,35.13527,35.36126359685341,35.78533548656355,35.304845270848595
2022-05-01,Khulna,2020,34.88,35.48,35.20007337486456,34.99602529050632,35.21407565576468,35.5937,35.14598288988779,34.76912473051819,34.90205502563201
2022-06-01,Khulna,2020,34.06,32.61,33.669050606750986,33.03187333311438,33.69806239789859,33.139297,33.636050551050445,33.490611292683106,33.738476784430226
2022-07-01,Khulna,2020,33.78,32.65,32.64150918954384,32.580666653168365,32.75193463919041,32.377583,32.672265856800195,32.58213100788955,32.708692230779626
2022-08-01,Khulna,2020,33.42,32.73,33.080571391799765,32.85223536435377,33.11205181736422,32.54625,33.07342013641568,32.77946350915326,33.01964108332412
2022-09-01,Khulna,2020,33.33,32.29,33.281866977060254,33.23624993460244,33.44610489907325,32.49617,33.272345217945094,33.40515019984729,33.2552059800966
2022-10-01,Khulna,2020,32.58,33.06,32.697974650320816,32.7910330711329,32.65766017818084,32.46663,32.69478977577876,32.84477025998225,32.66061860178533
2022-11-01,Khulna,2020,30.66,29.98,30.303798540288668,30.528932954458543,30.373654035546362,30.272913,30.322993091100912,30.586845135042054,30.173904353992317
2022-12-01,Khulna,2020,27.48,25.86,26.368602550114836,26.27569362155095,26.33872655892369,26.317728,26.37360991583332,26.349555477927684,26.14336997412165
2023-01-01,Khulna,2020,25.35,24.29,25.60868980294875,25.20747959849439,25.514096606330636,25.59871,25.604772241104758,25.262435804732117,25.728632973762863
2023-02-01,Khulna,2020,29.45857,27.29,28.984171186778376,27.760187328375242,28.98879599698591,28.961746,28.965543541330526,27.968801759685476,28.777530712127138
2023-03-01,Khulna,2020,32.54,33.62,33.46542599214489,33.02515076791521,33.33251653258343,32.633564,33.479839179425184,32.8576579864346,33.338841620640316
2023-04-01,Khulna,2020,36.74,35.19,35.186693897400374,34.831546200506516,35.375783002311145,34.013435,35.21315061480212,34.78422020808677,35.19931404217525
2023-05-01,Khulna,2020,35.69,34.88,35.72008924383711,35.48207938405425,35.668087472645276,35.197887,35.707515254728904,35.721598634780705,35.91136461254624
2023-06-01,Khulna,2020,34.71,34.06,34.088662854019674,33.841836549657344,34.21043720483063,33.893856,34.11727818715957,34.52118196982498,34.09308666477606
2023-07-01,Khulna,2020,33.89,33.78,33.09671308653471,33.05707592886309,32.98555847502876,32.897057,33.06344900833485,33.15293725864102,33.04004016803821
2023-08-01,Khulna,2020,32.71,33.42,33.30803579511345,33.224498029800294,33.36281438620445,32.6194,33.34796118783057,33.42113909359368,33.674540187957696
2023-09-01,Khulna,2020,33.2,33.33,33.2335287788168,33.2475917013384,33.37086190679495,32.771427,33.186796025301554,33.002986370252366,33.282385184890416
2023-10-01,Khulna,2020,33.13,32.58,32.753442731279634,32.62964591223213,32.85572212465426,32.417408,32.75432440691044,32.67439022796615,33.09283476084289
2023-11-01,Khulna,2020,30.62,30.66,30.578867601293933,30.803191969235343,30.61024667426558,30.974855,30.604082426119458,30.769198620638672,30.237496937857983
2023-12-01,Khulna,2020,26.56,27.48,26.559413146409856,26.97755687965922,26.53709010976479,27.060324,26.59225732851373,26.904472098965652,26.31544547487767
2012-01-01,Rajshahi,2011,23.42,22.64,23.505389818621733,23.925097208292563,23.56112793286502,24.118933,23.511565511280605,23.880806103218752,23.30857635921737
2012-02-01,Rajshahi,2011,28.4,28.26,28.22515314823574,28.141729834569677,28.236386918177626,27.038101,28.218344802563998,27.652226988631853,27.854721051277327
2012-03-01,Rajshahi,2011,33.94,33.66,33.48727897220367,33.74753920292066,33.5836179470037,33.9824,33.44482813068741,33.90070956903159,33.61905050250122
2012-04-01,Rajshahi,2011,35.47,34.78,36.254096061737414,36.144749061015574,36.27791543250546,35.881363,36.21164522022116,36.26287469905773,36.19207869025197
2012-05-01,Rajshahi,2011,38.34,34.55,35.06288457959374,34.44267330322791,35.14451655762772,35.294983,35.069060272252614,35.08083424427524,35.177977608425586
2012-06-01,Rajshahi,2011,36.22,34.14,35.17451771146328,34.286149522394105,35.23020595451623,34.078995,35.16770936579154,35.048894954433756,35.778540346380275
2012-07-01,Rajshahi,2011,33.37,33.55,33.23962914597485,33.08347754048678,33.27863656053945,32.62094,33.225051930437424,32.873191992842195,33.16102330486035
2012-08-01,Rajshahi,2011,34.23,32.2,33.13350445501257,32.78823003951384,33.23812473488919,32.490383,33.13968014767144,33.4855774661299,33.78631724682181
2012-09-01,Rajshahi,2011,33.53,32.82,33.212723866770446,32.75790797345119,33.13776912979524,32.694042,33.177441146890104,33.77302873259364,33.5587309198696
2012-10-01,Rajshahi,2011,32.37,32.87,32.01713628546266,32.03165961479399,32.15336452640019,31.363548,31.98185356558232,32.16127125198425,31.8320671614695
2012-11-01,Rajshahi,2011,28.16,29.14,29.63174277879316,29.641202232467712,29.663920395675376,29.331938,29.621729222685282,29.451405537057123,29.57852660758575
2012-12-01,Rajshahi,2011,23.06,24.2,25.268379985924966,25.73943158372776,25.22546729371036,25.736275,25.253802770387537,24.666602654847964,25.01927304120791
2013-01-01,Rajshahi,2011,23.39,23.42,23.262036842374428,24.63473010868285,23.323816393674317,24.036613,23.2682125350333,23.017230715942105,23.272501173100316
2013-02-01,Rajshahi,2011,27.89,28.4,28.31365787062312,29.188659603350967,28.499695376700018,28.070618,28.271207029106865,28.60072444359747,28.84952707729023
2013-03-01,Rajshahi,2011,33.95,33.94,33.39082925989501,33.32748804133087,33.59817278557847,33.343708,33.367296673722784,34.147594072465964,33.716781733616784
2013-04-01,Rajshahi,2011,36.42,35.47,36.23277949373028,36.44819863814599,36.4306596008882,36.10658,36.21820227819285,37.81359721286054,36.64172344133905
2013-05-01,Rajshahi,2011,33.87,38.34,35.64618194998454,35.15441791752821,35.681942507917846,36.04157,35.63160473444711,36.90771732046696,36.025328557405345
2013-06-01,Rajshahi,2011,35.15,36.22,34.01553834538288,34.18292953910037,34.22514508035261,34.875748,34.00096112984545,34.739047809919334,34.43817977927526
2013-07-01,Rajshahi,2011,34.31,33.37,33.32049415105684,33.15712773546548,33.43415527409779,33.07784,33.30591693551941,33.155116119547614,33.48356430848444
2013-08-01,Rajshahi,2011,33.44,34.23,33.49416194697328,33.189443469645646,33.613612718286284,32.944572,33.50033763963215,33.95709521155091,33.66661727577591
2013-09-01,Rajshahi,2011,34.39,33.53,32.97824918676322,32.86738442314259,33.0991666443276,32.67339,32.96823563065534,33.65169076767226,32.83026507237598
2013-10-01,Rajshahi,2011,31.38,32.37,32.372511394771486,31.955558080732747,32.16828389427865,31.391247,32.33722867489114,32.128439939383846,32.03592256706372
2013-11-01,Rajshahi,2011,29.57,28.16,29.146644821671426,29.22355265583273,29.35723301239443,29.387375,29.152820514330298,28.97367637147399,29.492644189186347
2013-12-01,Rajshahi,2011,25.54,23.06,25.537420965987373,25.192767012496155,25.59282528028692,25.39249,25.494970124471116,24.931058867372176,25.696257026141335
2014-01-01,Rajshahi,2011,22.96,23.39,23.82908230273676,23.844698228991305,23.730173882839416,24.091377,23.814505087199333,23.829905031207936,23.739823835399818
2014-02-01,Rajshahi,2011,25.99,27.89,28.020979813814762,28.082622139140994,28.128788916452425,27.320295,28.027155506473633,27.435324836199868,27.71827266307954
2014-03-01,Rajshahi,2011,32.53,33.95,33.01599231409201,32.94118715578938,33.097058859508905,32.590946,33.00918396842027,33.311255110005725,33.14448892043539
2014-04-01,Rajshahi,2011,37.96,36.42,35.999444382830156,35.6384651978857,36.06152432525915,35.448483,35.98486716729273,35.982995685688,35.99061187609824
2014-05-01,Rajshahi,2011,37.11,33.87,35.969922639100915,36.33211980445813,36.22612015856948,35.62776,35.976098331759786,36.68477141063396,36.47643896949943
2014-06-01,Rajshahi,2011,34.89,35.15,34.88509397160558,34.214767510086475,34.865807798782825,34.65167,34.84264313008932,34.95852144038647,35.069607447302516
2014-07-01,Rajshahi,2011,33.97,34.31,33.15960369387373,33.1701479913267,33.1800265263365,33.10541,33.1657793865326,33.353872459472406,33.458008693322725
2014-08-01,Rajshahi,2011,33.82,33.44,33.48265045414758,33.13979770060818,33.47973824320101,32.90657,33.44736773426724,33.16197096300566,33.898890010133904
2014-09-01,Rajshahi,2011,34.08,34.39,33.23880399568326,32.9568557815339,33.41028080172188,32.967136,33.244979688342134,32.85438609993515,33.05784350715801
2014-10-01,Rajshahi,2011,32.51,31.38,32.1731514349878,32.4133114238649,32.28695416156625,31.70203,32.16313787887992,32.732195639025974,32.463558453501875
2014-11-01,Rajshahi,2011,30.15,29.57,29.53732435855784,30.142831175595106,29.52502970987401,29.531708,29.52731080244996,30.456087145353713,29.653031893652695
2014-12-01,Rajshahi,2011,24.57,25.54,25.615977484553184,26.20565545360502,25.57158530348085,26.053125,25.60916913888144,25.849170092873365,25.54451471919867
2015-01-01,Rajshahi,2014,23.72,22.96,23.430440789534984,23.459770600375034,23.43344561851084,24.133244,23.51458661116594,22.979850234937526,23.591379410257048
2015-02-01,Rajshahi,2014,28.51,25.99,28.123414429157467,27.05276720628438,28.155632539893872,27.117598,28.104963753625245,25.79551810810587,28.378664822748828
2015-03-01,Rajshahi,2014,33.04,32.53,33.610435682909674,33.66044382357688,33.791633821521685,32.80075,33.26607029475469,34.023687117240286,33.73060930897319
2015-04-01,Rajshahi,2014,33.89,37.96,36.21483676605095,35.99971239306925,36.19783006599548,35.877144,35.65284423999657,36.992921605222136,36.189586631213224
2015-05-01,Rajshahi,2014,36.0,37.11,35.039173985237184,34.401278590469616,35.00009966714596,35.5425,34.9514618314448,35.28804569271599,35.10710527089521
2015-06-01,Rajshahi,2014,34.55,34.89,34.96868064645586,34.65453357015532,35.188207720252194,34.90065,35.03149528447447,35.2543407242526,35.25856833889128
2015-07-01,Rajshahi,2014,33.48,33.97,33.21284383054347,33.38838783762033,33.472443290328854,33.190002,33.475376183944654,32.95595315579972,33.19538477240377
2015-08-01,Rajshahi,2014,33.83,33.82,33.46155210968962,33.24686516805687,33.449709601402425,33.195404,33.52292447921744,33.090790659501906,33.13557556090278
2015-09-01,Rajshahi,2014,34.34,34.08,33.43220595908908,33.05619554457327,33.47134146883748,33.249687,33.46359173474459,33.5152072961253,33.882937069476334
2015-10-01,Rajshahi,2014,32.93,32.51,32.30149444823981,32.16531679805366,32.450823257036745,31.855007,32.35735545938731,32.440073934534034,32.22190798347213
2015-11-01,Rajshahi,2014,30.54,30.15,29.71813632396693,29.563736273033264,29.673304769404,29.777775,29.967550216593693,29.238250073649045,29.200201315718903
2015-12-01,Rajshahi,2014,25.33,24.57,25.557964485360618,25.89761623416939,25.58341681070523,25.743769,25.646274563147063,26.34936130708177,25.885383938803994
2016-01-01,Rajshahi,2014,24.13,23.72,23.666035498722955,23.60518724833831,23.676228571955097,23.938473,23.71571669284956,23.61537231742541,23.53666411943363
2016-02-01,Rajshahi,2014,29.44,28.51,28.24267987974805,27.308933841473795,28.11481055182665,27.554516,28.185855624013367,26.056220989532857,28.14340608419628
2016-03-01,Rajshahi,2014,34.07,33.04,33.80181783116946,33.249986201936125,33.72281201484309,32.93427,33.50258236802706,32.7404998158048,34.07784075707454
2016-04-01,Rajshahi,2014,37.72,33.89,36.186505686502684,36.200327231489126,36.218155960266074,35.343708,36.13356891648077,35.850995678648204,36.47677956957868
2016-05-01,Rajshahi,2014,34.72,36.0,36.165012833815496,35.100253527254274,35.98707205336023,35.595043,35.92156827185718,35.70587317135403,36.54442713208311
2016-06-01,Rajshahi,2014,35.35,34.55,34.30126881461758,33.83943495449414,34.43876164543203,34.772625,34.1122960136475,34.47130405473117,34.50059670079114
2016-07-01,Rajshahi,2014,33.39,33.48,33.65581539717026,33.404724575389714,33.70306365358439,33.365993,33.523054291275216,33.15408094881444,33.87770979710294
2016-08-01,Rajshahi,2014,34.18,33.83,33.38150352018285,33.32919197979601,33.422864279745994,33.137444,33.45746311324048,33.015940339243556,33.097514830328684
2016-09-01,Rajshahi,2014,34.04,34.34,33.68366011363995,33.34321907826477,33.818880845043836,33.358967,33.910490491814734,33.2007960527239,33.43990829166001
2016-10-01,Rajshahi,2014,33.04,32.93,32.265631571916096,31.761131595168635,32.180274773609774,31.75166,32.287935618815176,31.89204497433408,32.06200389007282
2016-11-01,Rajshahi,2014,29.98,30.54,29.88908052950093,29.589221179546385,29.973836789152628,29.636368,30.014232744862525,28.91889351678724,29.93375899937208
2016-12-01,Rajshahi,2014,26.15,25.33,25.3731090116082,25.56090755833603,25.35849196785575,25.895302,25.30964205290659,25.64128959117497,25.469597454225262
2017-01-01,Rajshahi,2014,25.22,24.13,24.008592146320296,23.951434077874335,23.885154300090527,23.97437,23.872348951978637,23.28692632670481,23.710258588990158
2017-02-01,Rajshahi,2014,28.73,29.44,28.617916967780566,27.978851181414516,28.64904002909146,28.0292,28.58561168989656,27.669375516805083,28.7127881434144
2017-03-01,Rajshahi,2014,31.31,34.07,33.58611352483676,33.25243388338429,33.49476618751682,33.930565,33.71798604468749,33.115660298083164,33.80080030542673
2017-04-01,Rajshahi,2014,35.23,37.72,35.67873275472536,34.88685608939142,35.663575297192956,34.86384,35.55983188195839,35.39880334922807,35.59623409942584
2017-05-01,Rajshahi,2014,35.3,34.72,35.51768518006223,35.07658704962615,35.60056135937368,35.35061,35.41056332504171,35.66159967989577,35.82036867687105
2017-06-01,Rajshahi,2014,35.25,35.35,34.73340723211279,34.21049250974366,34.99335016937938,34.60603,34.736357110220546,34.73663689357871,34.6732598381935
2017-07-01,Rajshahi,2014,32.65,33.39,33.52904185545328,33.38791600048806,33.58217806334804,33.38648,33.61247593057039,33.1369066469976,33.47684492822748
2017-08-01,Rajshahi,2014,34.14,34.18,33.310894753874095,32.8275422611595,33.372469924231034,33.523926,33.274977501571925,32.625309941653974,33.358238170559
2017-09-01,Rajshahi,2014,33.93,34.04,33.77548296288458,33.08412799035388,33.96232423165682,33.173035,33.65620065764395,32.97353849653254,34.10648565285766
2017-10-01,Rajshahi,2014,31.81,33.04,32.326094811833094,32.18564685025818,32.418165029794835,31.868923,32.47190209296961,31.560542824057777,32.115065692367295
2017-11-01,Rajshahi,2014,29.36,29.98,29.583157147964187,29.61410164712262,29.75031705576994,29.757128,29.738353084524817,29.255871589416515,29.44492027929399
2017-12-01,Rajshahi,2014,26.18,26.15,25.394358130308326,25.83668749360541,25.45476723487488,25.581053,25.08988237580889,26.194056544078855,25.010144639488818
2018-01-01,Rajshahi,2017,22.55,25.22,24.207927710589757,24.190639100431856,24.148781866934254,24.629004,24.145860511091342,23.92207976695697,23.893427591220146
2018-02-01,Rajshahi,2017,28.9,28.73,27.915053977611695,27.175817075648414,28.058605158204006,27.910433,28.025098762455617,27.502196176702995,28.0547151869246
2018-03-01,Rajshahi,2017,34.12,31.31,33.62202063113426,33.34624608009872,33.56475439608354,33.527195,33.53586855441307,33.39840092954986,33.25263614720585
2018-04-01,Rajshahi,2017,34.06,35.23,36.36726287385643,36.83005711741145,36.56847585914845,36.027573,36.488286133913405,36.33071666794301,36.22673626128949
2018-05-01,Rajshahi,2017,33.45,35.3,35.006413532658435,34.701541560495016,35.10463890643291,34.528427,34.98925512680314,34.99060747213381,35.292871814198854
2018-06-01,Rajshahi,2017,35.67,35.25,34.436520623069825,33.80766130012285,34.33308134644768,34.05848,34.591074736815514,33.90071291630225,34.25767565218199
2018-07-01,Rajshahi,2017,33.93,32.65,33.66579472049282,33.22624343197925,33.87825190412449,33.22123,33.77235034628914,33.39328587794644,34.170856713787394
2018-08-01,Rajshahi,2017,34.65,34.14,33.71353952282477,32.91902145604965,33.846323234411905,33.2104,33.936963748870376,33.06470336829416,33.589207898951784
2018-09-01,Rajshahi,2017,34.32,33.93,33.85669455075622,33.01022598613349,33.734034052862214,32.951008,33.71660818302989,33.07106878724959,33.16055000761633
2018-10-01,Rajshahi,2017,32.11,31.81,32.3865841503069,32.210350987142384,32.577525314628126,31.401173,32.44337928917261,32.62605882638635,32.562912624830126
2018-11-01,Rajshahi,2017,30.01,29.36,29.648314237480655,29.85171969503193,29.746510888735205,29.459953,29.44755433488418,29.456720037313506,29.867834295558698
2018-12-01,Rajshahi,2017,25.26,26.18,25.69018512434822,25.949331345143143,25.668995071146835,25.414932,25.717832407276447,25.942991661996167,25.572642465232843
2019-01-01,Rajshahi,2017,25.46,22.55,23.751990160796304,23.879230397437894,23.88520713052941,23.503355,23.790667003843446,23.091815237932387,24.031308886679412
2019-02-01,Rajshahi,2017,27.62,28.9,28.91115440281894,28.688118090505622,28.89345066399868,28.383022,28.936248755481504,28.19229601349597,28.65904271496443
2019-03-01,Rajshahi,2017,32.08,34.12,33.1027322756997,32.63590976509914,33.18545194403208,32.985386,32.8977093296996,32.54030049073471,32.985150755498175
2019-04-01,Rajshahi,2017,34.53,34.06,35.74118804772922,35.645561070772295,35.832881358873934,35.156384,35.76535031972059,35.00801801507329,35.8065653213351
2019-05-01,Rajshahi,2017,36.14,33.45,35.093168169042926,35.19545816642741,35.24309770152375,33.901787,34.99858497806535,35.73916265046239,35.499988808613615
2019-06-01,Rajshahi,2017,35.81,35.67,35.25382232312464,34.90384282531993,35.45159936492162,34.510826,35.10672127846979,35.06044362079816,35.51126610684073
2019-07-01,Rajshahi,2017,34.5,33.93,33.565331625771535,33.66658379935829,33.68421239073849,33.42202,33.628002236616624,33.519170928522456,33.640648417936326
2019-08-01,Rajshahi,2017,34.52,34.65,34.02446766929256,33.53368506452959,33.99583010468203,33.263172,34.09934440241682,33.85008074653147,33.926842636272035
2019-09-01,Rajshahi,2017,33.45,34.32,33.83333788983531,33.548535688138195,33.98790183605073,33.125244,34.031540544554666,33.40861450062475,33.98847424751404
2019-10-01,Rajshahi,2017,31.39,32.11,32.15987306157686,32.369825421703034,32.244363074926305,31.912893,32.13605682435073,32.01747691505419,31.89931249734215
2019-11-01,Rajshahi,2017,29.99,30.01,29.564553250008963,29.738124744186926,29.735591621916047,29.523052,29.537830025339268,29.66708349213056,29.752017732267504
2019-12-01,Rajshahi,2017,24.42,25.26,25.69271103420233,25.612823083240364,25.694955895078557,25.682186,25.390496322297803,25.809791846395054,25.536559556437854
2020-01-01,Rajshahi,2017,23.33,25.46,23.711842905379743,23.7046795846281,23.70511408711233,24.3485,23.288508932687254,23.391497582536445,23.526199973257164
2020-02-01,Rajshahi,2017,26.72,27.62,28.273141150357592,27.69792762077171,28.1740378300445,27.970304,28.236121200951207,27.187470319298413,27.849247372653135
2020-03-01,Rajshahi,2017,31.61,32.08,32.905123186281195,32.78781722105765,33.14846759109102,32.575165,32.78592809008645,32.99649446425656,33.175351872392774
2020-04-01,Rajshahi,2017,34.53,34.53,35.52846871288755,36.04445205578538,35.70876700022267,35.25066,35.55541677000263,36.18720382251493,35.940525757134374
2020-05-01,Rajshahi,2017,33.8,36.14,35.24796795591287,35.60620672631502,35.37061036153416,35.318863,35.64819758876733,36.130752160200366,35.689044855608294
2020-06-01,Rajshahi,2017,34.73,35.81,34.68282422692907,34.51489811670731,34.80609512569289,35.114227,34.782705011679056,34.893201080619214,34.79828716344852
2020-07-01,Rajshahi,2017,33.87,34.5,33.56254420311864,33.652240428931776,33.67702747790979,33.644196,33.75925717385228,33.5505716936438,33.723540657359514
2020-08-01,Rajshahi,2017,34.48,34.52,33.953632231658105,32.98128821327179,34.02749087518789,33.16247,34.097336690729264,32.932774419601195,33.73665438839403
2020-09-01,Rajshahi,2017,34.09,33.45,33.83575931574249,33.10529153884403,34.052394253831494,32.84685,33.84999129931474,33.55806309732814,33.826990621619544
2020-10-01,Rajshahi,2017,33.63,31.39,32.261204685997974,32.176037763524945,32.270672173708114,31.710558,32.209507547301065,32.633742963638966,31.754608704967143
2020-11-01,Rajshahi,2017,30.23,29.99,30.191809942384456,30.594529965607652,30.23032320216181,29.642506,30.20943650547156,30.674764843027376,30.103247231033354
2020-12-01,Rajshahi,2017,25.17,24.42,25.484198481928093,25.99639031552496,25.58488065480197,25.162773,25.438324534486515,26.19670914875321,25.453843772886774
2021-01-01,Rajshahi,2020,23.77,23.33,23.893798397692315,23.45630453502964,23.84386888687994,23.922983,23.997644508095853,23.278143503099713,23.621384996943284
2021-02-01,Rajshahi,2020,29.09,26.72,28.152932599303128,26.740495523597232,28.14087184922302,27.634102,28.11224451672733,26.86265345661317,28.09560971932882
2021-03-01,Rajshahi,2020,34.56,31.61,33.372690008927364,33.17455183760687,33.35792548097007,33.07985,33.36281552163162,33.440816313529425,33.095996125730906
2021-04-01,Rajshahi,2020,37.5,34.53,36.02462155620967,36.1605266956246,36.02585165880113,35.597725,35.98393347363387,36.23765794594243,36.17467500464297
2021-05-01,Rajshahi,2020,34.65,33.8,35.72818130643,35.065097993572316,35.67709053143552,35.11232,35.720798650448074,35.48594933495882,35.62486428421896
2021-06-01,Rajshahi,2020,34.13,34.73,34.777700474286384,34.44726672625423,34.92862540851564,34.01858,34.75819059441418,34.85367585922827,35.077221843085574
2021-07-01,Rajshahi,2020,34.16,33.87,33.43573283193269,33.29493865232969,33.41977079309124,33.626072,33.44745143664637,33.46721786879397,33.522827232951556
2021-08-01,Rajshahi,2020,34.17,34.48,34.176406165115075,33.84606333652015,34.36049289174168,33.72552,34.17470737371641,34.662716334736466,34.47566325118174
2021-09-01,Rajshahi,2020,34.15,34.09,33.76945075102798,33.701037908302126,33.930840773406615,33.497787,33.76345830213926,33.861768483708055,33.70948072502313
2021-10-01,Rajshahi,2020,33.2,33.63,32.46682061244262,32.2178136587083,32.4097162582468,32.454758,32.4608281635539,32.06655023649245,32.00408275171248
2021-11-01,Rajshahi,2020,29.43,30.23,30.075372187771773,29.594876878432444,30.045094838012595,29.611313,30.076022886207266,29.472727733795214,29.965100140259647
2021-12-01,Rajshahi,2020,26.34,25.17,25.233959265395676,25.153938706828058,25.445012665818563,25.492704,25.23979382670266,25.272031529696058,25.37026724515829
2022-01-01,Rajshahi,2020,23.41,23.77,24.269456051559825,24.40526031988776,24.245029249529377,24.148447,24.230398647756953,24.43586558764428,24.234128218767566
2022-02-01,Rajshahi,2020,26.01,29.09,28.072091083635172,27.738183028999902,28.168998752542784,27.783144,28.109275500882944,27.30633358192859,27.628457788160077
2022-03-01,Rajshahi,2020,34.83,34.56,32.72746915119621,32.59020325483593,32.641440365975974,32.820442,32.80053250241014,32.43549103739843,32.29871035395827
2022-04-01,Rajshahi,2020,36.77,37.5,36.50605276795315,36.13617010549483,36.383546723533264,36.181667,36.46536468537735,37.12290478141763,36.10298264666541
2022-05-01,Rajshahi,2020,34.76,34.65,35.333120876380754,35.35806431384181,35.597225522517185,35.822487,35.325738220398826,35.68936472788291,35.35298568540723
2022-06-01,Rajshahi,2020,34.96,34.13,34.82632726767178,34.354811979297445,34.910498006815395,34.864857,34.83804587238546,34.21950627066358,34.87054568023477
2022-07-01,Rajshahi,2020,36.41,34.16,33.73393375241053,33.61706535332133,33.63416396722085,33.96919,33.7265510964286,33.77953608519235,33.65800039060629
2022-08-01,Rajshahi,2020,34.71,34.17,34.75845517477864,33.837592518839394,34.9967774022425,33.98068,34.793989053730904,34.75046861869423,35.262820006406045
2022-09-01,Rajshahi,2020,34.07,34.15,33.820126599603654,33.996867626188454,33.93180707168884,33.21879,33.82596116091064,33.664628848871196,33.93858336453527
2022-10-01,Rajshahi,2020,33.06,33.2,32.54626896823259,32.484896748077446,32.574156458263936,31.85109,32.53888631225066,32.26851093786322,33.091083717806335
2022-11-01,Rajshahi,2020,30.33,29.43,29.981656065338136,30.22291445990776,30.091301605687143,29.825165,29.940967982762338,30.316243850041676,29.84749046116643
2022-12-01,Rajshahi,2020,26.78,26.34,25.63538381446251,25.69909368871054,25.741460765637093,25.637344,25.68582753826031,25.571031030770968,25.699935197035376
2023-01-01,Rajshahi,2020,24.24,23.41,24.234431340671257,24.389743509002617,24.1930336328922,24.297472,24.214921460799054,24.410024082920497,24.648833872697335
2023-02-01,Rajshahi,2020,29.49,26.01,28.063495860986915,27.267163884673167,28.08259552675379,26.84906,28.056113205004987,26.99270705403646,27.71186255306066
2023-03-01,Rajshahi,2020,32.76,34.83,33.890579349874244,33.226629302583085,33.89501294785705,33.360603,33.90851184125124,33.506000492104896,33.84222657709125
2023-04-01,Rajshahi,2020,37.48,36.77,35.72635109608545,35.04157352438271,35.78553829936258,34.99326,35.685663013509654,35.7661994799311,35.729888918863075
2023-05-01,Rajshahi,2020,36.27,34.76,35.70652892039671,35.950086740527894,35.83178974249961,35.23947,35.69914626441478,36.24034033863033,36.15006432424237
2023-06-01,Rajshahi,2020,37.26,34.96,35.15690383302485,34.61987509114766,35.249521595342486,34.326984,35.11621575044905,35.25115866867483,35.29275763728944
2023-07-01,Rajshahi,2020,35.75,36.41,34.6130068192627,34.09207696985245,34.627536345131816,34.14341,34.676530871763426,34.93210098169275,35.00106142245833
2023-08-01,Rajshahi,2020,34.04,34.71,34.43060364729175,33.99934719452523,34.44472952792189,33.8859,34.461054123625246,34.840853692304066,34.57157812532596
2023-09-01,Rajshahi,2020,34.33,34.07,33.771096374521946,33.889734605770755,33.850439668704574,33.372425,33.805052503625845,33.53763146411639,34.20341246735489
2023-10-01,Rajshahi,2020,32.38,33.06,32.7179632089185,32.393059337904596,32.78206198628408,32.279697,32.71038037446238,32.28617958487596,32.98954708251695
2023-11-01,Rajshahi,2020,30.42,30.33,29.820861440238136,29.66765373719554,29.741662723909293,30.010288,29.78017335766234,29.4935042144528,29.192046351897606
2023-12-01,Rajshahi,2020,26.25,26.78,25.867273284269086,25.950352049765392,25.97255014612035,25.60546,25.904457701516858,26.102810428119675,25.630139436906934
2012-01-01,Rangamati,2011,26.43,25.79,26.431583474932896,25.734918207401282,26.283090887154103,25.94218,26.348832126318204,26.021824380205423,26.11303265879465
2012-02-01,Rangamati,2011,30.49,30.03,29.4724567566325,29.60236248988924,29.332625566160115,30.255774,29.346228394310646,28.919200948000807,29.109481005910943
2012-03-01,Rangamati,2011,33.16,32.94,33.34282867620554,33.35232364031239,33.33675213918767,33.26932,33.26007732759085,33.471485246597226,33.09560089112001
2012-04-01,Rangamati,2011,32.86,33.74,34.27230429272633,34.4487766523432,34.2813197812401,34.021477,34.18955294411164,34.29571159707776,34.2119176743948
2012-05-01,Rangamati,2011,33.95,33.43,33.29991979904197,32.85010038662728,33.34129620348476,33.132492,33.21716845042728,32.86123481774279,33.138883304125144
2012-06-01,Rangamati,2011,32.17,32.16,32.26961156138162,32.09498491916526,32.42416585381124,32.180378,32.22670254641156,32.40893051008855,32.20286177680276
2012-07-01,Rangamati,2011,31.03,32.16,31.652654054968448,31.654167019506723,31.956186477122593,31.520128,31.584414120225997,31.617093961512676,31.272026108633632
2012-08-01,Rangamati,2011,32.63,31.66,31.94643996297396,31.907369652558714,32.132989963907995,32.064472,31.87820002823151,31.997709918529257,31.69287812227748
2012-09-01,Rangamati,2011,33.12,32.37,32.62281680840235,32.23299404584244,32.50898144349782,32.225967,32.536613158762265,32.4228722908273,32.60247432743227
2012-10-01,Rangamati,2011,31.89,32.24,32.54979146679842,32.137809152464676,32.62396830645553,32.176292,32.476805623974435,32.02814471514048,32.19619434919739
2012-11-01,Rangamati,2011,28.99,29.79,30.01043824324749,29.800511645562683,30.03531007786659,29.67317,29.937452400423506,29.255381048295266,29.795347998210527
2012-12-01,Rangamati,2011,26.21,26.7,26.85537558861923,26.72399599259965,26.72065130311464,27.03069,26.769171938979145,26.435793330483875,26.618945959690883
2013-01-01,Rangamati,2011,25.8,26.43,26.198807109357322,25.94724706278482,26.08536170424723,26.255188,26.072578747035468,26.248103689811906,25.72963251807263
2013-02-01,Rangamati,2011,30.85,30.49,29.22844800529219,29.993592285742935,29.191232957662127,30.226892,29.145696656677497,29.755888273614183,29.019022038091194
2013-03-01,Rangamati,2011,34.81,33.16,33.378519470918896,33.26909408886362,33.23927343451396,32.910378,33.2957681223042,33.88142006275679,33.415137415110436
2013-04-01,Rangamati,2011,35.35,32.86,34.804573488261376,34.26608268064267,34.72208156539603,34.49141,34.72959801259247,35.14983555320595,35.31038577202422
2013-05-01,Rangamati,2011,31.49,33.95,34.347838306589985,32.87299415203569,34.31769657228258,32.749138,34.27286283092108,33.47284418128957,34.67011150948263
2013-06-01,Rangamati,2011,33.34,32.17,31.806017851103007,31.566137739773026,31.742064540110317,31.420025,31.737777916360557,31.38898023570781,31.79774407299163
2013-07-01,Rangamati,2011,32.63,31.03,31.881882556493455,31.75994258580757,31.90949438358839,31.701006,31.8826037875964,32.718290060547154,32.310264588679466
2013-08-01,Rangamati,2011,31.75,32.63,32.59179534681462,32.5220463498917,32.676068698219254,32.301014,32.52355541207217,32.78200640246074,32.57758614894409
2013-09-01,Rangamati,2011,32.62,33.12,32.566243986941664,32.47479858078121,32.57649198860148,32.32924,32.48004033730158,32.400246383278805,32.29747452479192
2013-10-01,Rangamati,2011,31.36,31.89,32.353850411619085,31.75756824318621,32.22469895422303,31.95709,32.267646761979,31.872024003878796,32.23312879745756
2013-11-01,Rangamati,2011,29.95,28.99,29.758907240555356,28.87153756010568,29.681337733436962,29.312122,29.685921397731374,28.662828950527004,29.501685575176474
2013-12-01,Rangamati,2011,26.76,26.21,27.093767596616548,27.201871016939627,27.06775094839619,26.883282,27.020781753792566,27.07904460305693,27.535284661031625
2014-01-01,Rangamati,2011,26.98,25.8,26.468060073386326,26.852623266040226,26.3586471748008,26.28402,26.418054328243628,26.6747929223308,26.491349080905373
2014-02-01,Rangamati,2011,28.94,30.85,29.772196484000926,30.25407703763434,29.634355314026184,30.131426,29.645968121679072,29.140767003222134,29.761561515636423
2014-03-01,Rangamati,2011,33.75,34.81,32.96432454443121,32.57811547798218,32.854075544366566,32.444366,32.797659705640314,32.90343077241647,33.02587714538974
2014-04-01,Rangamati,2011,37.32,35.35,34.32999662528248,33.61281103333177,34.19132071063332,33.60885,34.20376826296063,34.292722245576954,34.27171547100014
2014-05-01,Rangamati,2011,34.52,31.49,34.768759753268256,33.72620186987152,34.729206317502516,33.505985,34.68600840465356,35.14763545732007,35.884319087265325
2014-06-01,Rangamati,2011,32.46,33.34,33.03450686462911,32.06982289452581,33.03210232334796,32.224396,32.96626692988666,32.74740049334589,33.37351768440347
2014-07-01,Rangamati,2011,33.22,32.63,32.018226739475075,32.04203200122737,31.994035290558834,31.89727,31.894170199045483,32.11675097998719,31.967078028677467
2014-08-01,Rangamati,2011,31.89,31.75,32.81419256568991,32.10838023609452,32.784808077403135,32.265354,32.77128355071984,32.89006209952451,33.221017837390974
2014-09-01,Rangamati,2011,32.27,32.62,32.70886523143194,32.80091996555384,32.89571067156519,31.949703,32.62266158179186,32.37211968061119,32.244768578857034
2014-10-01,Rangamati,2011,32.51,31.36,32.26892598890752,31.928234964632775,32.199317781587865,31.585495,32.19594014608354,32.08654837202299,32.178843260733835
2014-11-01,Rangamati,2011,30.49,29.95,30.13954357573165,30.187675843430902,30.0002329788871,30.2104,30.053339926091567,31.017017349643563,30.03266673718759
2014-12-01,Rangamati,2011,27.49,26.76,27.400673364918383,27.588924699617653,27.338618775944088,27.606176,27.3276875220944,27.660471304674395,27.389068570280884
2015-01-01,Rangamati,2014,26.16,26.98,26.8047141255011,27.067977107035002,26.675373463310994,26.85061,26.74197023819584,27.64032714970583,26.874219157350726
2015-02-01,Rangamati,2014,29.3,28.94,29.69095339780572,29.157440083029307,29.53366321927597,28.60489,29.60065880572322,29.282943253989178,29.71291017522486
2015-03-01,Rangamati,2014,33.7,33.75,33.1332910936445,32.42994847969979,33.044429678531294,32.86565,33.081987889495494,33.57092747459517,33.17694920588242
2015-04-01,Rangamati,2014,32.24,37.32,34.50400458621272,33.51025107715082,34.41584405903289,34.414776,34.44126069890746,35.267294797926795,34.41259776808859
2015-05-01,Rangamati,2014,33.59,34.52,33.07188878315774,33.278285343044786,33.111676975406716,32.720154,33.00914489585248,33.09182206907453,32.954588784262384
2015-06-01,Rangamati,2014,32.23,32.46,32.24574495611155,32.27430066342445,32.37806373720678,32.159134,32.18300106880629,32.612981752536484,32.11893834636985
2015-07-01,Rangamati,2014,30.53,33.22,31.782341749829968,31.44513617508149,31.78270545541024,31.727903,31.717096620661934,31.664559787115987,31.613528597278766
2015-08-01,Rangamati,2014,31.46,31.89,31.826448165132028,31.992971042981466,32.04882254220381,31.861488,31.761203035963995,31.309492810258803,31.940246135947667
2015-09-01,Rangamati,2014,32.41,32.27,32.266149304964024,31.71531189168059,32.191467706242456,31.798513,32.203405417658765,32.05490889427183,32.27290640684761
2015-10-01,Rangamati,2014,31.58,32.51,32.158126611324626,31.904209590913663,32.08442280246459,32.098408,32.09288148215659,31.999684009809947,31.989102614241407
2015-11-01,Rangamati,2014,29.61,30.49,29.84670537343515,29.529640897539426,29.860942688841188,29.673838,29.78396148612989,29.269233177044015,29.720809473398692
2015-12-01,Rangamati,2014,25.37,27.49,27.036841093043243,26.854006812712974,26.8831696198855,27.054451,26.974097205737984,26.89437263092156,26.45975553870071
2016-01-01,Rangamati,2014,25.35,26.16,26.004389118669277,25.60791346159355,25.798406913801674,25.804089,25.914094526586776,25.651582714992436,26.02355620893293
2016-02-01,Rangamati,2014,29.77,29.3,29.184872827034393,29.280903778445033,29.162115681595267,28.60164,29.094578234951893,28.836556085736348,28.987242289699818
2016-03-01,Rangamati,2014,32.85,33.7,33.16501485359366,32.74282543965279,33.071568145069776,32.011,33.1022709662884,33.276814606940064,33.140641849130525
2016-04-01,Rangamati,2014,33.71,32.24,34.150258290178016,33.90387976866403,34.10698993150034,33.888332,34.059963698095515,34.02600595791411,34.20428313732384
2016-05-01,Rangamati,2014,33.57,33.59,33.49296821602618,32.691787539120035,33.490835526575516,32.795315,33.43022432872092,33.08175742789399,33.26197923772568
2016-06-01,Rangamati,2014,32.66,32.23,32.37993695500622,31.77768807305937,32.40309026726566,31.671242,32.31469182583819,31.991591281949212,32.34403248088181
2016-07-01,Rangamati,2014,31.5,30.53,31.919457157110163,31.420152818459577,32.0636232129006,31.345762,31.85421202794213,31.307771049451105,31.697517528298004
2016-08-01,Rangamati,2014,32.13,31.46,32.19242207167399,31.99780631561258,32.20989232831913,31.879614,32.12967818436873,31.967118378532607,32.063789378252906
2016-09-01,Rangamati,2014,32.74,32.41,32.62059803152818,32.33228235748674,32.62612882032102,32.153442,32.55535290236015,32.68660775981335,32.49842100877849
2016-10-01,Rangamati,2014,32.37,31.58,32.3618877710225,32.00877527178884,32.332010172019245,32.14366,32.29664264185447,32.08785358142417,31.9401952983864
2016-11-01,Rangamati,2014,29.07,29.61,30.173272246977284,29.92613155570283,30.10878192936081,29.851227,30.110528359672024,29.352110386915005,29.823352330705013
2016-12-01,Rangamati,2014,28.21,25.37,26.91352060279511,26.487507140145016,26.778788092041555,26.502937,26.85077671548985,26.153959399987937,26.742098270168416
2017-01-01,Rangamati,2014,27.83,25.35,26.871307118313826,26.352441340102594,26.714861733888277,26.547668,26.781012526231326,26.250206356749892,26.49052859421821
2017-02-01,Rangamati,2014,30.6,29.77,30.29525761661669,30.513463821428154,30.265220252237718,30.69305,30.23251372931143,30.146298104923353,30.177121870665662
2017-03-01,Rangamati,2014,30.64,32.85,33.77395987745616,33.88512744404473,33.714245586617544,33.18514,33.7112159901509,33.054522597216845,33.722990503666715
2017-04-01,Rangamati,2014,31.92,33.71,33.64524524569322,33.41360187373469,33.573860941788546,33.27059,33.61373069420267,32.884623869596226,33.86604789644662
2017-05-01,Rangamati,2014,34.0,33.57,32.78946089714804,32.76529715608327,32.92279468600647,32.480133,32.69916630506554,32.80925080270074,32.729760309734466
2017-06-01,Rangamati,2014,31.66,32.66,32.31638020523131,32.49372858673605,32.400033838601075,32.444454,32.25363631792605,32.46286792384251,32.6352976498872
2017-07-01,Rangamati,2014,31.4,31.5,31.574416371824935,31.5376019265807,31.62304605861294,31.853956,31.511672484519675,31.16644509693872,31.717942886706282
2017-08-01,Rangamati,2014,32.68,32.13,32.06773241664314,31.982834233263024,32.09103376530141,31.866112,32.00498852933788,31.74019992758224,31.596852185785902
2017-09-01,Rangamati,2014,32.48,32.74,32.77480884398521,32.227574794226456,32.698521286199735,32.194527,32.70956371481718,31.759531011508553,33.009244030821264
2017-10-01,Rangamati,2014,31.59,32.37,32.34166787102228,31.793649417408766,32.30899185626063,32.215828,32.27642274185425,30.902579936127463,31.998088224182002
2017-11-01,Rangamati,2014,30.31,29.07,29.885043138228614,29.724650452691932,29.785818178444572,29.38941,29.822299250923354,29.13295532202193,30.138627113961977
2017-12-01,Rangamati,2014,27.58,28.21,27.30073039475792,27.690584907597255,27.1445416712023,28.554134,27.235485265589887,28.11817965277216,27.012181894004655
2018-01-01,Rangamati,2017,24.97,27.83,26.84400721622938,26.94133942229963,26.762292555168006,27.464664,26.406331710352838,27.010184980233074,26.62646972874115
2018-02-01,Rangamati,2017,29.58,30.6,29.259003982951974,29.18523316622352,29.120282913440516,29.77239,29.251797233780955,29.24686089340424,29.10921962206033
2018-03-01,Rangamati,2017,33.11,30.64,33.00585167276631,32.29485785705502,32.95146285596111,32.04756,32.861223088381394,32.71617683989832,33.164062728570265
2018-04-01,Rangamati,2017,33.7,31.92,34.152678739405715,34.053509924460954,34.13177932006966,33.621635,34.03120083747014,33.94859252633884,33.89703766786284
2018-05-01,Rangamati,2017,32.17,34.0,33.609978302040695,33.24070945442865,33.66001008091505,32.945923,33.53997053078711,33.227157222367,33.41051969398385
2018-06-01,Rangamati,2017,31.79,31.66,31.880308912669374,31.950492108748023,31.91457313952753,31.914959,32.01438470331307,31.948665277396167,31.807401599144747
2018-07-01,Rangamati,2017,31.91,31.4,31.450816968096664,31.484555255542293,31.57477884649786,31.66123,31.400300738973787,31.486718826104028,31.360967027637326
2018-08-01,Rangamati,2017,32.96,32.68,32.20776711529845,32.15209933593872,32.33747143717697,32.044422,32.29946719235534,31.93044269689144,32.02365275926463
2018-09-01,Rangamati,2017,33.2,32.48,32.87627974202085,32.42486460499573,32.79886646483681,32.1706,32.84308715959239,32.81428738578121,32.94425962445097
2018-10-01,Rangamati,2017,30.23,31.59,32.64175645409982,32.2905594550754,32.513828559232444,32.210045,32.460700774182484,32.232290023371036,32.37258444111092
2018-11-01,Rangamati,2017,29.43,30.31,29.567591649213508,29.278266878220442,29.535965213800775,29.51644,29.360747095862106,28.82152062058046,29.597326554449598
2018-12-01,Rangamati,2017,26.45,27.58,26.91197958647862,26.617293230219417,26.812261538134326,26.846869,27.236940652724652,26.859024808710018,26.893810984970763
2019-01-01,Rangamati,2017,27.25,24.97,26.3452471063631,26.39422902629923,26.279352575080235,25.947285,26.209330336858553,26.51329110377548,26.553855955691777
2019-02-01,Rangamati,2017,29.09,29.58,29.846052053477298,30.637767882613478,29.766393069201392,30.203985,29.763095635082255,30.091096817109577,29.426807935569293
2019-03-01,Rangamati,2017,32.0,33.11,33.05325176966656,32.516217035900986,32.894972131344616,32.816444,32.92086141956318,32.721022317589835,32.792861740673516
2019-04-01,Rangamati,2017,34.72,33.7,33.82248558278494,33.14802357330728,33.80769114690637,33.257538,33.71223843272143,32.76500911517493,33.69146125491145
2019-05-01,Rangamati,2017,34.64,32.17,33.80846792602904,33.455052529759975,33.89901001608494,33.166447,33.94300827527411,33.50651441562685,33.98609068401937
2019-06-01,Rangamati,2017,33.58,31.79,32.73829581743336,32.521952977565164,32.745749139186415,32.50913,32.74754207363582,32.68416235355149,32.88854830992337
2019-07-01,Rangamati,2017,31.35,31.91,32.309632900118885,32.43243452677967,32.3029507566944,32.166466,32.24478052830702,32.591503246434215,32.33304053527145
2019-08-01,Rangamati,2017,32.98,32.96,32.333349701821234,32.145129177266845,32.31134401570998,31.869255,31.99429347819033,31.758466800925472,32.15749098878699
2019-09-01,Rangamati,2017,33.12,33.2,32.937334940152276,32.83405810857425,32.97525732237109,32.371403,32.95011990176331,32.55104554540621,32.78246808222824
2019-10-01,Rangamati,2017,32.36,30.23,32.594698453723595,32.26399340581537,32.58045769033643,31.752403,32.42367155331294,31.64651518648026,32.44315402414813
2019-11-01,Rangamati,2017,30.46,29.43,30.246100394491243,30.36845670753514,30.240031111955034,30.03867,30.065623863104868,30.358803698141116,30.121908095070026
2019-12-01,Rangamati,2017,26.1,26.45,27.455648025549532,27.80952298469771,27.33063720345915,27.31553,27.26810232368815,27.55483324188025,27.09409136599873
2020-01-01,Rangamati,2017,25.25,27.25,26.44510346768172,26.066527346821406,26.386016441778974,26.651102,26.28716847417624,25.895333036755375,26.418169158462053
2020-02-01,Rangamati,2017,27.98,29.09,29.2422399375419,29.04288923437388,29.141538390481433,28.777174,29.17466878181499,29.305652812469056,29.490943222625273
2020-03-01,Rangamati,2017,33.0,32.0,32.50777115392447,32.199785678482826,32.5165200002803,32.05415,32.438041959879406,32.662882697057505,32.54822006667013
2020-04-01,Rangamati,2017,34.56,34.72,33.99985174469084,33.21115023613032,33.95818125080114,33.091187,33.90477461747259,33.97131663507117,33.77122096142859
2020-05-01,Rangamati,2017,33.55,34.64,33.839471945413685,33.52488671479032,33.82199295553674,33.456165,33.68559239233408,34.199501876415255,33.7185155679049
2020-06-01,Rangamati,2017,32.76,33.58,32.43179926637589,32.321316594894355,32.43672148278141,32.700054,32.41967631865322,32.413071598719284,32.432143933283214
2020-07-01,Rangamati,2017,32.11,31.35,31.94139410814658,31.94082356925298,31.94739286890607,31.554358,31.952404512822778,31.861826169525244,31.998981753225387
2020-08-01,Rangamati,2017,32.43,32.98,32.486407881511994,32.239395882077666,32.490095042595506,31.98674,32.499101841731616,32.43350822309293,32.157542102838704
2020-09-01,Rangamati,2017,33.03,33.12,32.8264088512802,32.571903874110596,32.874074943335536,32.279995,32.78871094746827,32.83703860840654,32.87785830886629
2020-10-01,Rangamati,2017,33.67,32.36,32.5376133819642,32.48555218080128,32.45976437799315,32.235588,32.41859323285245,32.44636981048853,32.4133488103052
2020-11-01,Rangamati,2017,30.27,30.46,30.65709842842148,30.749561220154998,30.57392127978124,30.75468,30.629088872187598,30.78438645374504,30.38454637343279
2020-12-01,Rangamati,2017,26.83,26.1,27.510615177044595,27.79473863769027,27.404838531803062,27.16088,27.327067948469843,27.318638814168892,27.291549826539374
2021-01-01,Rangamati,2020,27.89,25.25,26.63546858654121,26.104505336444063,26.515052107008188,26.548399,26.615161058686173,25.86552744887349,26.46406130757476
2021-02-01,Rangamati,2020,30.12,27.98,30.127095629215187,30.12535574443438,30.117143862579297,30.166836,30.239874203443474,30.12161863507331,29.868357028986427
2021-03-01,Rangamati,2020,34.94,33.0,33.46092496618453,33.728361104715276,33.47476516389505,33.143837,33.42565026312891,33.51356128518454,33.512993996469504
2021-04-01,Rangamati,2020,36.36,34.56,34.91627760081158,34.211381943451194,34.867825637986066,35.363213,34.837603306757075,34.960371840731234,35.027608329491386
2021-05-01,Rangamati,2020,35.69,33.55,34.660654569037355,33.43158120587251,34.620763529968215,33.0908,34.740486422546304,34.37723334361458,34.599746157915504
2021-06-01,Rangamati,2020,31.47,32.76,33.37031905586462,32.13621755703375,33.42782920663351,32.537746,33.45699100429754,33.435462324508215,33.453454924676016
2021-07-01,Rangamati,2020,32.02,32.11,31.813667663086292,31.50967131076968,31.864856431815713,32.00388,31.926161640036938,31.85381709336849,31.67412834711777
2021-08-01,Rangamati,2020,31.47,32.43,32.41752370682737,32.030124573057726,32.59354920064021,32.34781,32.490549916897024,33.64544038807349,32.88866949017849
2021-09-01,Rangamati,2020,33.54,33.03,32.5011605309246,31.909562280500925,32.54277097934712,31.941788,32.64020448791961,32.34969402558044,32.47029749497808
2021-10-01,Rangamati,2020,33.05,33.67,32.59645407557765,32.11461558249505,32.59138926302934,32.25342,32.594737331422955,32.6018710150184,32.53228557219915
2021-11-01,Rangamati,2020,30.33,30.27,30.459620848226667,30.30701763262763,30.313705533564605,30.450006,30.3286545573951,30.35320377459404,30.30601491170007
2021-12-01,Rangamati,2020,26.79,26.83,27.435187416944892,27.596189889123377,27.360180222463374,27.512423,27.330870154176147,27.248368768092412,27.32747230938921
2022-01-01,Rangamati,2020,25.93,27.89,26.661915072994066,26.619573665956814,26.544969404074532,27.823257,26.77799447794421,27.04482357924105,26.69429250527511
2022-02-01,Rangamati,2020,28.52,30.12,29.521354511759796,30.08893817781302,29.555843001630205,29.499006,29.47395259552411,29.668611775192424,29.410486543979502
2022-03-01,Rangamati,2020,34.45,34.94,32.826273499210785,32.312266268741254,32.801876451083594,32.423973,32.87083587252111,33.242939611053416,32.88538302506598
2022-04-01,Rangamati,2020,34.82,36.36,34.61068629908018,33.30686861163197,34.5673639976796,34.59767,34.46810330140047,35.21695997416348,34.46153094353831
2022-05-01,Rangamati,2020,32.6,35.69,34.112490871123285,33.0196803988296,34.018442349981946,33.64971,33.97185767548463,33.81531006681245,34.0519005079188
2022-06-01,Rangamati,2020,31.79,31.47,32.19320131294423,31.905087373242498,32.24604436861583,32.023727,32.291388327404796,31.656055744746062,32.20155170461159
2022-07-01,Rangamati,2020,33.68,32.02,31.59602089831246,31.73266623496461,31.713456430058002,32.05485,31.64467788720144,31.79923225229567,31.889865829780593
2022-08-01,Rangamati,2020,33.55,31.47,32.863211280634346,32.32594040639888,32.9470057430154,32.436695,32.92601065986389,33.4946073311275,32.889882251730505
2022-09-01,Rangamati,2020,32.9,33.54,33.33352502482881,32.91006685118607,33.32650568640677,32.35736,33.4098675479268,33.00928998709167,33.37642475077269
2022-10-01,Rangamati,2020,32.85,33.05,32.65877559884585,32.45694214244828,32.704995827726286,32.10231,32.52042734726466,32.18430172354305,32.484260270768644
2022-11-01,Rangamati,2020,31.37,30.33,30.421431517639046,30.12521107991425,30.312357099571827,30.313354,30.37242882553566,30.457674520259037,30.430043704740008
2022-12-01,Rangamati,2020,28.21,26.79,27.74901376912209,27.958700772412815,27.76270898847023,27.9402,27.85828440138909,27.320600407733036,27.57068357376955
2023-01-01,Rangamati,2020,27.56,25.93,27.20166917956345,27.23623400713722,27.191602824568214,27.030178,27.050956004028247,27.56603896369275,27.662198913211647
2023-02-01,Rangamati,2020,30.7,28.52,30.188585776995854,30.206208316192914,30.11473360597238,29.846994,30.03746791572495,29.864383260499178,30.09473798914959
2023-03-01,Rangamati,2020,32.84,34.45,33.770150154154116,33.16574770306886,33.6891307344229,32.971943,33.778375643561894,33.042830596530976,33.80733324994751
2023-04-01,Rangamati,2020,35.75,34.82,34.39063262364406,33.377819958321254,34.35044797625379,32.974754,34.38596365025777,33.98719896630405,34.27956377346816
2023-05-01,Rangamati,2020,34.84,32.6,34.31425845831239,33.8261893869062,34.420447374997515,33.933086,34.615699591334696,34.0371383720287,34.83024794072257
2023-06-01,Rangamati,2020,33.19,31.79,32.97206397758243,32.505949358318986,32.990231086053285,32.2921,32.871194277269815,33.573812526885064,32.842548093958634
2023-07-01,Rangamati,2020,33.89,33.68,32.334425636859,32.171515694029566,32.43147260045065,32.11067,32.2665220958305,32.50111478882062,32.48763634185444
2023-08-01,Rangamati,2020,30.62,33.55,33.163177643793205,32.15055116806601,33.08701767108832,33.010777,33.286447678583244,33.486656001485656,33.477823702693065
2023-09-01,Rangamati,2020,33.62,32.9,32.49767926279603,31.961062087787273,32.54938330404902,31.899857,32.35191865209637,32.105296237866426,32.609375860711005
2023-10-01,Rangamati,2020,31.98,32.85,32.6572948694896,32.464279375421135,32.7430895048081,32.48517,32.815400362081455,32.7109210866299,33.3314517912354
2023-11-01,Rangamati,2020,30.44,31.37,30.1814424449179,30.694890116191267,30.170868228477993,30.470459,30.265063291189414,30.781167411181734,29.891916090610785
2023-12-01,Rangamati,2020,27.45,28.21,27.401916897544663,27.787176739132832,27.368879009406896,28.417604,27.345288547376196,27.67359757099308,27.107597360252413
2012-01-01,Rangpur,2011,21.97,20.98,22.31907151836666,22.700702018182152,22.5032540619778,24.161777,22.340692615245903,21.41479934923364,22.146399633765803
2012-02-01,Rangpur,2011,26.5,26.8,25.98643472898306,26.072170801363406,26.017822454295025,26.066486,25.93031807351412,25.254826777099932,25.709964473021387
2012-03-01,Rangpur,2011,30.79,29.88,30.311406970198952,30.79733679497684,30.615669206206277,30.70302,30.30815416033169,30.715590764713458,30.481934886632622
2012-04-01,Rangpur,2011,31.38,31.58,31.577571750459803,31.989037912252396,31.780474113168847,31.6105,31.577510791672005,32.554931242857315,31.53538651362685
2012-05-01,Rangpur,2011,33.27,31.73,31.975665550861617,31.89171652262055,32.03169464933964,31.40663,31.926778230998774,32.211082189951895,31.832200383490097
2012-06-01,Rangpur,2011,31.91,32.76,32.277054601912056,31.971844953052162,32.161802616028055,31.735067,32.20766664445833,32.65958961916848,32.37906068165796
2012-07-01,Rangpur,2011,31.69,32.25,31.981267627602843,31.76592517271652,31.834085968573124,31.842018,31.949186113005904,31.95489584551537,31.342123846795772
2012-08-01,Rangpur,2011,32.76,32.21,32.21578235037311,32.249195739686996,32.473675325997206,31.63535,32.22299583486899,32.998993931899996,32.52160565952337
2012-09-01,Rangpur,2011,31.98,32.57,32.02734398606822,31.79456184950026,32.05546384869101,31.22125,31.986704019341914,32.2480654126269,32.03996033101603
2012-10-01,Rangpur,2011,31.24,32.24,30.750959973277777,30.847705143706023,30.85355123095086,30.429714,30.73634371017876,31.02285067775359,30.62259752392621
2012-11-01,Rangpur,2011,28.38,28.04,28.80368473234949,28.17637553214902,28.628291113512514,28.520523,28.71895271393833,28.146205575025732,28.775153051021608
2012-12-01,Rangpur,2011,22.73,23.29,25.166298199055944,24.6844743073922,24.990107693402052,25.29459,25.067094344256674,24.297624057048715,25.052076367889967
2013-01-01,Rangpur,2011,22.52,21.97,21.841891875234886,22.74094921249054,22.16298300313835,23.709633,21.849105359730764,22.130050593678863,21.995862724934955
2013-02-01,Rangpur,2011,27.27,26.5,26.26170544690574,26.979979338342137,26.424520805595137,26.12337,26.221065480179437,26.23061049891126,25.95661674528424
2013-03-01,Rangpur,2011,31.59,30.79,30.4816678597567,30.517599991029616,30.654610805370233,30.419155,30.467051596657686,30.374708614897074,30.214418299806884
2013-04-01,Rangpur,2011,31.23,31.38,31.904814470435277,32.04274391039688,32.02772556933278,32.232414,31.92785947012414,32.78240972202656,31.81879697335369
2013-05-01,Rangpur,2011,31.08,33.27,31.862203193850043,31.868529997176015,31.60148632364575,31.817327,31.66813696736765,31.76121830628752,31.918628425004943
2013-06-01,Rangpur,2011,33.37,31.91,31.60991015508532,31.98810601758468,31.6608861984228,31.815588,31.57782864048838,32.268215880637165,31.699281170690455
2013-07-01,Rangpur,2011,32.8,31.69,32.471603104308244,32.00609026725665,32.12999742474383,31.682383,32.43096313758194,32.48241084954459,32.162129344894375
2013-08-01,Rangpur,2011,32.18,32.76,32.57743568483931,32.251441452568244,32.709080196555405,31.68179,32.55107691463274,33.10960657872265,32.62907623756068
2013-09-01,Rangpur,2011,32.94,31.98,31.924311281394882,31.59362883467852,32.11786656419293,31.27123,31.942888220053835,32.32588625765945,31.880658714079935
2013-10-01,Rangpur,2011,30.05,31.24,31.252449335512505,30.48197703471396,31.109697815469964,30.716103,31.174950057622777,31.09426309415403,31.457659882583958
2013-11-01,Rangpur,2011,28.63,28.38,28.263518422483315,28.064177409859997,28.368920473092615,28.568369,28.186019144593587,27.69021392897585,28.232882817907818
2013-12-01,Rangpur,2011,24.36,22.73,25.09233161219687,24.763255226250113,24.879364853154602,25.120358,25.00759959378571,24.0620510503592,25.391501483122283
2014-01-01,Rangpur,2011,22.22,22.52,22.416221593218264,22.5738156023161,22.572115202695365,23.206442,22.39741137688082,22.33839120282017,22.356793102918793
2014-02-01,Rangpur,2011,24.36,27.27,26.221363025412106,27.24856971540427,26.81415621845465,25.86468,26.18383915971234,25.412116609590413,26.266499400749147
2014-03-01,Rangpur,2011,30.44,31.59,29.482980924799428,29.818221208539274,30.00179291198981,30.352097,29.426864269330487,30.249713753902437,29.82793212485016
2014-04-01,Rangpur,2011,34.29,31.23,31.41824357537368,32.08015569804167,31.65827609897381,31.864683,31.409126054028064,32.18401861755674,31.42796160751706
2014-05-01,Rangpur,2011,33.28,31.08,33.10077261676292,31.889276385755778,32.71508757552714,31.903835,32.99345773210029,32.8308183155639,32.9434670503099
2014-06-01,Rangpur,2011,32.64,33.37,32.33307269758092,31.778930018452428,32.48480113745337,31.696808,32.364676149399145,32.5336336885501,32.46989234061144
2014-07-01,Rangpur,2011,33.2,32.8,32.230635245688056,31.55350587069787,31.979928687612876,31.483253,32.18999527896175,32.588387066442685,32.2928650186666
2014-08-01,Rangpur,2011,32.04,32.18,32.85274620129656,32.24951090433998,32.80997635021009,31.579485,32.82066468669962,33.35010388441417,32.748544747997826
2014-09-01,Rangpur,2011,31.44,32.94,31.886372363247766,31.598070590426893,32.12923682334781,31.299536,31.830255707778825,31.714109829372504,31.676912308896828
2014-10-01,Rangpur,2011,31.49,30.05,30.815250192681937,30.78888427757287,30.737371302665203,30.609367,30.792922035704045,31.08137115524136,30.762089908949235
2014-11-01,Rangpur,2011,29.36,28.63,28.75283012570455,28.41934620440695,28.86544977057311,28.564209,28.728631194993994,28.935783972419152,28.71164249608429
2014-12-01,Rangpur,2011,24.14,24.36,25.143610802084627,25.382722448759992,25.130481603184624,26.098822,25.095842090040865,25.068850722545147,25.654951031733574
2015-01-01,Rangpur,2014,22.4,22.22,22.506623577899106,23.155466980592397,22.494852432224015,23.532694,22.765280824727185,22.899499020941153,23.446993219175134
2015-02-01,Rangpur,2014,26.49,24.36,26.45287038024263,26.27497866433937,26.44448789407264,25.912113,26.355535205562873,25.138474133970487,26.851208206112396
2015-03-01,Rangpur,2014,30.19,30.44,30.43455471559734,30.995905842499248,30.476142111226746,31.246346,30.25327757462234,30.959127368843887,30.600913193812026
2015-04-01,Rangpur,2014,30.24,34.29,31.341898022757466,32.16982928552399,31.628369171539948,32.217712,30.28817814456075,33.07340499917688,31.217331224886365
2015-05-01,Rangpur,2014,32.04,33.28,31.577891800226027,31.89742811881863,31.767575504740105,31.60339,31.80247062784558,31.665563122526645,31.645198942600906
2015-06-01,Rangpur,2014,31.62,32.64,32.067096725040976,32.17859293958067,32.10991145374109,31.91322,32.20197887712151,32.48977761862734,32.449616686956986
2015-07-01,Rangpur,2014,32.99,33.2,31.822994443992368,31.956031304407286,31.901292650923846,31.803923,31.968928817132703,31.473842436175044,32.12765606201653
2015-08-01,Rangpur,2014,31.92,32.04,32.639775973396546,32.50601004135126,32.48229848756456,32.114807,32.538366746740586,32.0584357213541,32.612568260458666
2015-09-01,Rangpur,2014,32.24,31.44,31.873397585641708,31.93663962727129,31.89059626029205,31.611687,31.84895357180771,31.94408736785918,31.66270855552102
2015-10-01,Rangpur,2014,32.26,31.49,30.87708505208119,30.908117103600496,30.894535310922457,30.913078,31.04308661038502,31.32094454376098,30.714752609360215
2015-11-01,Rangpur,2014,29.25,29.36,29.018388096444163,28.80159324139179,28.752152907557665,28.937685,28.985162776164564,28.46312459522872,28.455782480137508
2015-12-01,Rangpur,2014,24.41,24.14,25.054136482644957,25.318377353630325,25.00701320140016,26.048325,24.637258736062925,25.75619131156094,24.888787330211773
2016-01-01,Rangpur,2014,23.13,22.4,22.544152687701235,22.471896881589903,22.62853047868552,23.697617,22.470696310910235,23.041521133506926,22.501352219829577
2016-02-01,Rangpur,2014,27.88,26.49,26.487081090852787,25.874047610501293,26.46817030820129,26.059141,26.455518319204618,24.451977741886996,26.1417393038322
2016-03-01,Rangpur,2014,31.2,30.19,31.02003332853242,30.848467056992853,31.031358800223394,30.55149,30.90150067090913,29.997633581653382,30.893240688920468
2016-04-01,Rangpur,2014,32.88,30.24,32.059277730523775,31.990769744551297,31.89563816738756,31.73413,31.76215391093416,31.810554902756525,31.771414375440727
2016-05-01,Rangpur,2014,31.26,32.04,32.60751064847402,31.93242360219928,32.60637696260568,31.634357,32.58554773758344,31.43321707887245,32.74635452049982
2016-06-01,Rangpur,2014,33.03,31.62,31.919479490030508,31.947115964494824,31.93594587378813,31.590363,32.0074089027531,32.44005892108494,32.61311820704185
2016-07-01,Rangpur,2014,31.93,32.99,32.50136093263295,32.15289796657457,32.55160736308614,31.877853,32.297647500678565,31.805831979924207,32.38553812325393
2016-08-01,Rangpur,2014,33.94,31.92,32.307442754448026,32.20567377743817,32.23848163285769,31.937315,32.17765681439695,32.52087654043342,32.49406314177013
2016-09-01,Rangpur,2014,32.32,32.24,32.61763993901152,32.00513514691542,32.661049309769815,31.520966,32.76174620789427,32.812876393460364,32.6766257294932
2016-10-01,Rangpur,2014,32.09,32.26,31.09976668802623,30.882239607569623,31.008285083353037,30.989517,30.845508651412764,31.035959891483685,31.057869010899783
2016-11-01,Rangpur,2014,29.85,29.25,29.132925896864123,28.42158872808549,29.116051176199377,28.534876,29.425957470159716,28.017954722882635,29.013413103064014
2016-12-01,Rangpur,2014,27.01,24.41,25.282070029029814,25.01042745063604,24.94522866610644,26.09905,25.284746311107842,25.426110893672146,24.675362019096188
2017-01-01,Rangpur,2014,25.27,23.13,23.57443618638088,23.71371812049112,23.548536703857856,23.86939,23.648412732906834,23.509896503915435,23.419426263747006
2017-02-01,Rangpur,2014,27.64,27.88,27.43059785025752,26.268855296314676,27.34683940947221,26.307632,27.088147648746137,25.84691115460308,27.34405999254112
2017-03-01,Rangpur,2014,27.99,31.2,31.106545661068587,30.966950703920467,31.095175233438038,29.37258,30.982583959079413,29.2558770392611,31.666048604360668
2017-04-01,Rangpur,2014,30.37,32.88,30.938656923271115,31.211656201520142,31.037742773371257,30.668056,31.006679308510716,30.63631894074509,30.517161847167152
2017-05-01,Rangpur,2014,32.35,31.26,31.86929629072883,32.320794350504976,31.910882856593023,31.577503,31.904326882961772,31.693158741021854,32.106708013182384
2017-06-01,Rangpur,2014,33.42,33.03,32.27773143435583,32.15577228292443,32.49323461112354,31.799301,32.192465008150194,32.383593914326966,32.553999921082585
2017-07-01,Rangpur,2014,32.37,31.93,32.81646191334044,31.984148575905934,32.78214580824739,32.171185,32.81470135604655,31.75462536438563,32.516218701805165
2017-08-01,Rangpur,2014,32.75,33.94,32.43609347508246,31.981679301473477,32.49773174875552,31.761883,32.32538398669058,31.699372020859677,32.970458125984834
2017-09-01,Rangpur,2014,32.91,32.32,32.3065900003613,32.04511305472415,32.354435253696856,31.549543,32.21520892736325,32.41135349809488,33.15265041379995
2017-10-01,Rangpur,2014,31.36,32.09,31.468616547054822,31.167878283987356,31.33179684640715,30.942226,31.43281809426027,31.098301856308424,30.88810643679375
2017-11-01,Rangpur,2014,29.18,29.85,28.925170630136993,29.0621735936931,28.932013275871554,29.083069,28.87624434373763,28.4080790309755,28.932803641397157
2017-12-01,Rangpur,2014,26.69,27.01,24.985784282932478,26.036604508996696,25.18260726712733,26.117462,24.49400120044728,26.609019046314856,25.582898054312185
2018-01-01,Rangpur,2017,21.41,25.27,23.578752397154872,24.04128778155575,23.570899148747714,23.986515,23.520539036547248,24.00204146995191,23.79610279125682
2018-02-01,Rangpur,2017,26.75,27.64,26.238511692679175,25.482915201575096,26.21748470149983,26.053581,26.30051710823799,24.30881885143785,26.40289556935293
2018-03-01,Rangpur,2017,30.99,27.99,30.84623838011835,30.388620030424022,30.749896306009735,29.220743,30.6957887167177,29.37698800404314,30.483881842351916
2018-04-01,Rangpur,2017,30.6,30.37,32.09143849136094,31.814628237545865,32.04500744494692,31.465958,31.975215111391343,31.859391791772936,31.628863091937017
2018-05-01,Rangpur,2017,31.1,32.35,31.822739766660185,31.84960159043935,32.38005249847101,32.097935,32.01404090386912,32.09527719009186,32.32469722251207
2018-06-01,Rangpur,2017,33.35,33.42,31.963056869831885,31.914039385939066,31.986662204399273,32.049183,31.8653798401626,31.89820828251712,31.987838474269648
2018-07-01,Rangpur,2017,33.32,32.37,32.73540211428876,32.30546887504311,33.025584772280766,31.88357,32.73428557307447,32.65473094782649,33.505932734246805
2018-08-01,Rangpur,2017,33.59,32.75,32.968609715003986,32.623093448266815,33.03723129907158,31.855534,33.04923946609022,32.68069744207916,32.861926968413606
2018-09-01,Rangpur,2017,32.99,32.91,32.59627294249629,31.8359768685314,32.34546212616381,31.641338,32.68508721597289,32.29396329023303,32.20771695392116
2018-10-01,Rangpur,2017,30.82,31.36,31.65316229138957,31.445593469689292,32.001470064905774,31.235756,31.63330114830719,32.0217646725077,31.827414460967482
2018-11-01,Rangpur,2017,29.25,29.18,28.864686875614726,28.860790937747524,29.048659615912996,28.760496,28.823206811222637,28.570207404559252,29.10552821073458
2018-12-01,Rangpur,2017,25.68,26.69,25.233561648031035,25.6696319190834,25.349579811665773,26.050232,24.989815963407317,25.178386742414528,24.674095881159726
2019-01-01,Rangpur,2017,25.71,21.41,23.424615071172695,22.940548259315364,23.357773944549763,22.91172,23.190937177295666,23.30805451724091,23.903303049196154
2019-02-01,Rangpur,2017,26.35,26.75,27.757959658235524,27.382952449668323,27.816513091665243,26.950752,27.85356085929296,25.779754026082063,27.850053907565268
2019-03-01,Rangpur,2017,30.14,30.99,30.4247641946311,30.16875752630145,30.334947755999988,30.007542,30.48423964633894,29.617692185441957,30.70130725563681
2019-04-01,Rangpur,2017,31.08,30.6,31.800109644756745,32.092472028266094,31.785556002188194,31.018082,31.75067733727498,31.147623073485487,31.722270830953818
2019-05-01,Rangpur,2017,32.06,31.1,32.11626283506412,32.18553544209382,32.12633891262343,32.156,32.143909311467,32.46821012633427,32.18989181549907
2019-06-01,Rangpur,2017,33.74,33.35,32.4402214066535,32.25056689787026,32.7104362689931,32.106323,32.514817781880474,32.30818493691867,32.70994807261575
2019-07-01,Rangpur,2017,32.82,33.32,32.8898750306068,32.35932438696608,32.51200101961919,32.048416,32.973022183865126,32.563308097339416,33.162459627355375
2019-08-01,Rangpur,2017,34.17,33.59,32.86150755232251,32.520971767136814,33.076372438682405,31.694695,32.93333838379061,32.55290933946717,33.12745375977915
2019-09-01,Rangpur,2017,31.59,32.99,32.92493581922875,32.15246165798271,32.95201609485921,31.714972,33.00240787269698,32.41341993881773,32.892194038440536
2019-10-01,Rangpur,2017,30.69,30.82,31.20718065600254,31.026405479835763,31.22239126315637,31.096704,31.322314485417383,30.529722794800094,30.927411635870794
2019-11-01,Rangpur,2017,29.94,29.25,28.85572228907498,28.86066579145803,29.331438998620342,28.953905,28.945360566963277,28.57083279448665,29.22099814794896
2019-12-01,Rangpur,2017,23.55,25.68,25.66189099392497,25.67711231698793,25.491452620053284,25.635017,25.561537179263468,25.94832202779668,26.081469648786914
2020-01-01,Rangpur,2017,22.5,25.71,22.388743920597058,23.221687779188738,22.782341215936594,23.640131,22.533720611008626,22.70923666018986,22.05804386373567
2020-02-01,Rangpur,2017,26.05,26.35,26.66501778035142,26.75052317263609,26.74625215250739,26.194645,26.549616214322825,24.99796439838218,26.743406383954852
2020-03-01,Rangpur,2017,29.87,30.14,30.280017981357958,30.21301402434235,30.447901737745237,30.380562,30.379045018978502,30.250942383233525,30.201624607500644
2020-04-01,Rangpur,2017,31.39,31.08,31.462000440236793,31.85190939509802,31.750884446046854,30.891346,31.473080291774735,32.09973585277411,31.838451005174164
2020-05-01,Rangpur,2017,31.58,32.06,32.042585384455364,32.1460441101013,31.938057123903356,32.160328,32.03426832089279,32.93540706174838,32.55380185893364
2020-06-01,Rangpur,2017,32.94,33.74,32.29373201659904,32.18676192290864,32.72415131565013,31.809616,32.33690204403386,32.68474249076519,32.51906782112157
2020-07-01,Rangpur,2017,32.0,32.82,32.57603494707384,32.06192826697176,32.530026786858194,31.917034,32.63435418788233,32.554914216987775,32.71203045410956
2020-08-01,Rangpur,2017,34.12,34.17,32.49399474617167,32.221522959962044,32.69875784706584,31.787651,32.43410613741799,31.896880540548572,32.28102039838772
2020-09-01,Rangpur,2017,31.49,31.59,32.84548717443414,32.108282804365224,33.082700252450806,31.810553,32.79680704031654,32.546379215481984,33.081014128245094
2020-10-01,Rangpur,2017,33.1,30.69,30.972268625516325,31.119217492850176,31.185128035935875,30.895838,31.037943615931898,31.255481745835894,30.82161538417356
2020-11-01,Rangpur,2017,29.48,29.94,29.632536745781323,29.225454987998734,29.991612649235186,29.023396,29.738660148496052,29.420029848607363,29.40969559406268
2020-12-01,Rangpur,2017,25.14,23.55,25.523324147343224,25.182069796960864,25.08719369038754,25.117,25.275983766197747,25.95209292935403,24.578608427782065
2021-01-01,Rangpur,2020,22.67,22.5,23.184371469681825,23.229966534272897,23.483186667173303,23.52623,23.21965558654603,22.785574429862358,23.118882608252548
2021-02-01,Rangpur,2020,28.12,26.05,26.574757621876586,25.509357951061524,26.49683815490606,26.269236,26.56977330173521,25.308587099524047,26.373602247702852
2021-03-01,Rangpur,2020,31.26,29.87,30.949534430048555,30.663208047339953,31.104006759326523,30.141289,30.95514180219838,30.33673615691299,30.93548677991716
2021-04-01,Rangpur,2020,33.34,31.39,31.91541485274324,31.634753598565997,31.86492512620824,31.634579,31.834673380200954,31.91102300989454,31.988753803735595
2021-05-01,Rangpur,2020,31.82,31.58,32.800765182203975,31.6995378778183,32.684046816803175,31.326471,32.8381812007496,32.13816350214168,32.81708941408606
2021-06-01,Rangpur,2020,32.7,32.94,32.64410111584908,31.98800324096991,32.618665459475366,32.10195,32.61458537631876,32.65363814636373,32.48501849115188
2021-07-01,Rangpur,2020,33.23,32.0,32.61101119028975,31.586531686118246,32.66316524061219,31.963545,32.49289130228211,32.22966932963586,33.02126864648239
2021-08-01,Rangpur,2020,33.01,34.12,33.15277142735965,32.30398187278691,33.267988248706594,32.280586,33.10186319711454,33.50767338397394,33.36297603307848
2021-09-01,Rangpur,2020,33.73,31.49,32.44801597757722,31.879209748041,32.557476652888575,31.879303,32.379698325828564,32.748508212394626,32.95284553128082
2021-10-01,Rangpur,2020,32.38,33.1,31.76947274005347,31.183627581760415,31.72872659544105,31.092796,31.689363821803862,31.593847815986884,31.442447646040257
2021-11-01,Rangpur,2020,29.56,29.48,29.62162951514996,28.981528609153106,29.49967460035695,28.593796,29.60460706935204,29.07348318624173,29.72517957670514
2021-12-01,Rangpur,2020,26.97,25.14,25.4206580833461,25.476934353005568,25.384929194137147,25.544855,25.449112903040263,25.50549704670096,25.277343086497595
2022-01-01,Rangpur,2020,23.49,22.67,23.918947205520386,23.85132631095756,23.73147563392588,23.58915,23.928700687936658,24.443550204103936,23.71691243595787
2022-02-01,Rangpur,2020,24.51,28.12,26.94071771256987,26.437326302973553,27.023218974589938,25.908827,26.92558324389521,25.537795259767947,26.699691704856487
2022-03-01,Rangpur,2020,32.22,31.26,29.843503578596803,30.06211838562625,30.107971879862017,30.069405,29.906623206132146,29.480827771258806,30.1035258966333
2022-04-01,Rangpur,2020,30.58,33.34,32.29172014025659,32.26955871678191,32.3627066161388,31.577208,32.24754822579831,32.59248347074839,31.859921773690623
2022-05-01,Rangpur,2020,32.09,31.82,31.913819714275412,31.40585423616971,31.96097511444077,31.464745,31.95076604822021,32.07867389329468,31.444012712752343
2022-06-01,Rangpur,2020,31.83,32.7,32.80573337947627,32.070605799482706,32.84599183557106,32.397705,32.8072123998185,32.01932972373539,32.86930766938442
2022-07-01,Rangpur,2020,34.75,33.23,32.2636761994888,31.9480171349674,32.3494303437141,31.954912,32.23905369209544,32.371077843051,32.79977889811344
2022-08-01,Rangpur,2020,34.07,33.01,33.83517392173631,32.67965729141438,33.964276303357096,32.1607,33.89091286257131,33.475874062518606,34.31351555788772
2022-09-01,Rangpur,2020,32.82,33.73,32.69731027981222,31.887961343042434,32.73749492096894,31.672873,32.55921752354086,32.567612953823556,32.59901591325687
2022-10-01,Rangpur,2020,32.04,32.38,31.748897338686337,31.2918658756049,31.956866756152998,30.766376,31.76257006118988,32.037774661551154,32.810863107081055
2022-11-01,Rangpur,2020,30.09,29.56,29.516676360499293,29.67850735180235,29.61915386440075,28.939756,29.58125887228194,29.936009828056218,29.44965413352219
2022-12-01,Rangpur,2020,26.55,26.97,25.587876134457368,26.449160254957025,25.724616097948065,26.08364,25.541441955508965,25.47324999864925,25.30684035730767
2023-01-01,Rangpur,2020,23.94,23.49,23.76516361769642,23.888857539764565,23.866337714844896,23.48515,23.57180986043419,23.832250621280547,24.218586083365594
2023-02-01,Rangpur,2020,27.68,24.51,27.3337888183895,25.78500572062694,27.256429291916703,26.180061,27.25034890946778,25.794256255718786,27.234928021561416
2023-03-01,Rangpur,2020,30.71,32.22,30.962149671390947,30.3732138483683,30.875435726122873,29.961685,30.884814261570867,29.594423247502696,30.33577613230519
2023-04-01,Rangpur,2020,34.08,30.58,32.074494194113285,31.716769050934285,31.986672212970255,30.908705,32.04284997271803,32.29437794625016,32.02368459112399
2023-05-01,Rangpur,2020,34.01,32.09,33.0750345160489,31.981392020721085,33.132543114682406,31.980322,33.06027433194714,32.8014214489043,33.18001873182215
2023-06-01,Rangpur,2020,33.66,31.83,33.63478980939589,31.88613140503324,33.37692809244005,32.036793,33.6094693353375,33.046956873091915,33.31026160596094
2023-07-01,Rangpur,2020,33.99,34.75,33.12139801076117,31.92850339263603,33.166956545388196,31.96823,33.14985283045533,32.9497855686582,33.37202875115983
2023-08-01,Rangpur,2020,33.4,34.07,33.772302261489784,32.1006039253854,33.609550509220504,31.918797,33.757542077388024,33.50643256410161,33.93936948503217
2023-09-01,Rangpur,2020,33.86,32.82,32.822734835676165,31.779212878571563,33.008062118293225,31.711767,32.81775051553479,33.10046866109974,32.77360514734761
2023-10-01,Rangpur,2020,31.83,32.04,32.31441142113013,31.08505266698363,32.306940185799846,31.073423,32.27573616505666,31.980030591055634,32.467031791464315
2023-11-01,Rangpur,2020,30.98,30.09,29.62210227621747,29.18844973124661,29.65288577113935,28.794739,29.64163162445677,29.287258364760028,29.665853954437193
2023-12-01,Rangpur,2020,26.7,26.55,26.223182590770207,26.400914902805585,26.263538492374238,26.029985,26.2282531765277,26.553895021494693,26.105254411138706
2012-01-01,Sylhet,2011,24.79,24.08,26.32535251402299,27.14193860747124,26.122408053797663,27.242819,26.217840568954152,27.161456684427918,26.176399850612672
2012-02-01,Sylhet,2011,29.29,29.25,28.10925806315646,28.703139156367982,28.11032210529594,28.33835,28.26917677374587,28.295793721804763,28.256700148736343
2012-03-01,Sylhet,2011,32.35,31.37,31.45733147885289,32.2313143116164,31.406590229498562,31.140945,31.566315129656456,31.806510047230525,31.386227783217453
2012-04-01,Sylhet,2011,30.3,33.23,32.10483756854978,31.789675350866318,32.0636999695762,31.579008,32.042008074073465,32.25609974313463,32.06990326863475
2012-05-01,Sylhet,2011,32.95,31.75,31.776114098308085,31.410120486928278,31.906537410175947,31.1857,31.855275563476084,31.511911194414353,31.673264728285513
2012-06-01,Sylhet,2011,30.88,32.55,31.97171711070911,30.80048702174228,31.890066851258343,32.031757,32.06893466307298,31.55901964219275,32.17832623717512
2012-07-01,Sylhet,2011,33.12,32.49,32.08949706472801,31.705530550699887,32.282061615465906,31.524784,32.01295262344526,31.90172798498445,32.19766804971284
2012-08-01,Sylhet,2011,32.95,32.56,32.92531717290188,32.40891718001168,32.84971862808746,33.020786,32.93041273114289,32.76892144994731,33.110568641173415
2012-09-01,Sylhet,2011,32.55,33.64,32.5368373198592,31.83115050125055,32.262396835802264,31.736673,32.060328523644145,32.40599758431037,32.2223655187316
2012-10-01,Sylhet,2011,31.84,33.49,31.913964815518156,32.1614530040301,31.944761361597013,31.613403,32.08652973928143,32.66448023337071,31.866434599971814
2012-11-01,Sylhet,2011,29.15,29.82,30.295146508314026,29.425408506201304,29.908048512965806,29.580667,30.022359384395493,29.503882595075083,30.27355256486582
2012-12-01,Sylhet,2011,24.7,27.71,27.255227496777668,26.758350441124968,27.265789275052892,27.176708,27.307285105739727,26.40575946092275,27.103633953572672
2013-01-01,Sylhet,2011,25.6,24.79,25.930725126896565,25.441309014299037,25.665799394420944,25.190788,26.008703715537255,25.355351445242512,26.180018844481722
2013-02-01,Sylhet,2011,31.24,29.29,28.123666209927947,29.862323451322187,27.97026901423504,28.632067,27.74079970811978,29.02417320514586,27.598304057493714
2013-03-01,Sylhet,2011,34.21,32.35,32.09388438282042,32.03336020382465,32.1080519918443,31.7589,32.033723246729664,31.79159846531956,32.18909654501506
2013-04-01,Sylhet,2011,32.98,30.3,32.8055618593805,31.719942227940344,32.66590873611822,30.922365,32.97222741342713,32.009548809967555,32.57877660599924
2013-05-01,Sylhet,2011,30.45,32.95,32.13963602587737,31.264757077396762,32.10275030453463,32.045494,31.766861782522575,31.857740033323502,32.30817745796271
2013-06-01,Sylhet,2011,34.06,30.88,31.744947294346762,31.74838694908724,31.684709472484272,31.115383,31.68939231579728,32.490972252283434,32.24667674765063
2013-07-01,Sylhet,2011,33.21,33.12,32.42751166396416,31.976721849829993,32.47461006380387,32.270164,32.25161695652283,32.8218065863937,33.122198583822275
2013-08-01,Sylhet,2011,32.58,32.95,33.338660928602394,32.45057342808179,33.316971554008845,32.357643,33.45098601579207,33.901619813207915,33.80102877877326
2013-09-01,Sylhet,2011,32.83,32.55,32.42698594960959,31.48779497777899,32.34552793972371,31.918905,32.17506670985014,32.787413224727274,32.304165203132456
2013-10-01,Sylhet,2011,31.47,31.84,32.15905680445678,30.581534482173115,32.00049169372903,31.16997,31.93565263537414,31.374205229093327,32.25127754146032
2013-11-01,Sylhet,2011,30.1,29.15,30.403943934328602,28.8508583918415,30.39643521614978,29.29768,30.36949775073652,28.928701691042093,30.585136818772558
2013-12-01,Sylhet,2011,26.2,24.7,27.696111387771378,27.338626058100886,27.594749641262467,27.605751,27.699782836449156,26.845403049420266,28.548804681303544
2014-01-01,Sylhet,2011,27.15,25.6,26.048323138812414,27.21060678268359,25.917469205811777,26.366663,25.96952821240746,26.19225232530329,25.77178681701026
2014-02-01,Sylhet,2011,27.37,31.24,28.389939691701787,29.90823027304681,28.36109283537512,28.934502,28.419599102640408,28.246624099194044,28.443451543677682
2014-03-01,Sylhet,2011,32.41,34.21,31.236923623390194,30.632492433798596,31.05718664662999,30.75064,31.06993788809299,30.808694871581952,31.44423653155591
2014-04-01,Sylhet,2011,34.95,32.98,32.038093913004815,30.73817284830854,32.01119697777824,31.15832,32.040680044920265,31.447522718366702,32.14288819087737
2014-05-01,Sylhet,2011,32.37,30.45,32.8527401397899,31.81311631661325,32.77358737108719,31.71522,32.95007608933004,32.942460784791564,33.519478984686735
2014-06-01,Sylhet,2011,32.08,34.06,32.104893817848634,31.825810065469973,32.158092143518175,31.63214,32.08212514901824,32.751923282966054,32.39812384256436
2014-07-01,Sylhet,2011,34.19,33.21,32.14912894915558,31.889684173987234,31.987534901926413,31.7765,32.13975242513932,31.863534859787926,32.08352914019672
2014-08-01,Sylhet,2011,32.47,32.58,33.35647333345347,32.90262270539197,33.39469963850343,32.914654,33.389590858732994,34.03965689241301,34.1956878580065
2014-09-01,Sylhet,2011,32.23,32.83,32.69396259876687,32.251037540368124,32.7717037365386,31.570019,32.80890660973985,32.698279959707726,32.50812381712233
2014-10-01,Sylhet,2011,33.12,31.47,32.22148650458909,31.043626877321604,31.919559740709676,31.534182,31.950906540666587,31.39170446231372,31.728996781871498
2014-11-01,Sylhet,2011,31.22,30.1,30.549621501756448,29.92907524166849,30.4982701188027,29.568474,30.75263742525651,30.95355867695882,30.886305133508394
2014-12-01,Sylhet,2011,27.85,26.2,28.109141201037264,28.153459029069175,28.07229186852386,27.613071,28.2181873771132,28.86600848595956,28.55614483559313
2015-01-01,Sylhet,2014,27.22,27.15,26.062893710778805,26.59271364318895,25.852178352405353,27.370016,25.961434058593365,26.66074947924407,25.842029267243362
2015-02-01,Sylhet,2014,28.75,27.37,29.241278230110975,28.985875251702268,29.176685376162453,28.549414,29.20148635179815,28.490079181119242,29.34696921716332
2015-03-01,Sylhet,2014,33.08,32.41,31.73894041793389,31.288374609918712,31.686215055575673,31.7335,31.70559638010306,31.176055257347702,32.138228666729674
2015-04-01,Sylhet,2014,30.55,34.95,31.83368509520635,31.72796157876931,31.731691907495094,32.098286,31.788253339723198,32.83148195096229,31.664127431128964
2015-05-01,Sylhet,2014,31.24,32.37,32.0665575016066,31.87575556648503,32.197994129287004,31.333649,32.04937422571327,31.353645404442993,32.01454148503907
2015-06-01,Sylhet,2014,32.08,32.08,31.63292800232085,31.26051704744107,31.61514998307512,31.082777,31.593136124008023,31.745548956529685,31.419907303435604
2015-07-01,Sylhet,2014,32.59,34.19,32.416773898702274,32.07804073620597,32.326099495107314,31.736675,32.371342143219124,31.95656925454675,32.52232485438175
2015-08-01,Sylhet,2014,31.99,32.47,33.116372173099826,33.2187902678032,33.26280207630604,33.040264,33.066873145668815,32.93120468099796,33.285041055420905
2015-09-01,Sylhet,2014,32.66,32.23,32.64154149230113,31.856353494259352,32.42037854124928,32.023212,32.601749613988304,31.359189732150654,32.297122777632616
2015-10-01,Sylhet,2014,32.96,33.12,32.25865731963093,32.294285442879314,32.13926192728128,32.1452,32.243192313398666,32.29452971458836,32.29317317598563
2015-11-01,Sylhet,2014,30.58,31.22,30.31888002509176,30.735778472160142,30.389894376873343,30.351097,30.27344826960861,30.814618974182487,30.319558740226764
2015-12-01,Sylhet,2014,26.07,27.85,27.517102943347545,27.271889889429,27.200268630175852,27.613165,27.467603915916534,27.330618941250755,27.064338503729704
2016-01-01,Sylhet,2014,24.6,27.22,25.748760840253546,25.529162134133827,25.555157220368127,26.106207,25.703329084770395,25.30652358154147,25.287861234216894
2016-02-01,Sylhet,2014,29.1,28.75,28.879430980746164,29.21489773863641,28.771886193964605,27.998415,28.83963910243334,27.96517846941138,28.58789148747931
2016-03-01,Sylhet,2014,32.04,33.08,31.88562704468697,31.86843278632731,32.07039605385289,31.334026,31.84019528920382,32.50973262221247,32.15170935864459
2016-04-01,Sylhet,2014,31.0,30.55,32.20532119393208,32.94360316718447,32.23120644442779,31.610285,32.15988943844893,32.209824635631,32.141977351842314
2016-05-01,Sylhet,2014,31.25,31.24,31.943053918164548,31.710105177785884,31.94271250979685,31.148014,31.897622162681397,31.06015126034721,31.47503121019834
2016-06-01,Sylhet,2014,33.15,32.08,31.944930341973993,31.4894460202072,31.95778380047002,31.769512,31.899498586490843,31.623602687718396,31.670652728017185
2016-07-01,Sylhet,2014,32.59,32.59,32.8200436331548,31.930262765465002,33.01619402060785,32.008205,32.77461187767165,32.02674785134182,32.62976315483018
2016-08-01,Sylhet,2014,34.32,31.99,33.18520546296801,32.88003662925555,33.124171885607275,32.845955,33.135706435536996,32.76191060667156,33.03368823042616
2016-09-01,Sylhet,2014,33.29,32.66,33.0629084114248,32.51715855182084,32.835908351242864,31.897972,33.023116533111974,33.33905356889949,32.84784652704562
2016-10-01,Sylhet,2014,33.18,32.96,32.484510127414886,32.049815375109205,32.28897665137826,31.48077,32.451166089584056,32.52514941039159,32.2901071834743
2016-11-01,Sylhet,2014,29.59,30.58,30.422952732979507,30.33034815040819,30.33930643395389,29.858557,30.377520977496356,30.801004266043265,30.278629268755658
2016-12-01,Sylhet,2014,28.62,26.07,27.39774388890324,26.914589018112256,27.087914231299592,27.607536,27.334559821296313,26.028734044047006,26.962359168201807
2017-01-01,Sylhet,2014,27.75,24.6,26.536678244862152,26.65929516511583,26.428587674905174,26.505554,26.491246489379,27.159567694105448,26.368483930245166
2017-02-01,Sylhet,2014,29.65,29.1,29.434608106081868,30.604429595203722,29.450302780716356,30.268105,29.423075346787954,30.2855271883871,29.75892962773535
2017-03-01,Sylhet,2014,28.06,32.04,32.293904955319206,32.078826009919226,32.236713487162845,31.200542,32.34354427345757,32.4059422088066,32.4018350127723
2017-04-01,Sylhet,2014,29.75,31.0,31.724199256361093,31.279590055702805,31.648248706943164,30.968224,31.678767500877942,30.937973256616065,32.08264193857737
2017-05-01,Sylhet,2014,32.83,31.25,31.46648001740749,30.60359127336131,31.379926469476203,30.883362,31.45101501117523,31.173140836090663,31.81164755101318
2017-06-01,Sylhet,2014,31.36,33.15,32.20898755013125,31.311414309657323,32.316279682929235,31.846432,32.1635557946481,32.2710170861155,33.40751861705112
2017-07-01,Sylhet,2014,32.68,32.59,32.85626155691037,32.49967797735766,32.80402125767931,31.590971,32.83907828101704,31.861067748109217,32.817903615748094
2017-08-01,Sylhet,2014,32.4,34.32,32.797055608248954,32.355163571712296,32.72751577420131,32.34136,32.7516238527658,31.794068880539182,32.18986484268696
2017-09-01,Sylhet,2014,32.28,33.29,32.71845607434187,32.466171721606095,32.52696889018807,31.714565,32.70299106810961,32.54803993217518,32.9324448030377
2017-10-01,Sylhet,2014,32.05,33.18,32.3132083878753,31.927776970563365,32.27376745622965,31.885803,32.26777663239215,31.617278813331435,32.195753586971115
2017-11-01,Sylhet,2014,30.78,29.59,30.41835270275596,30.169931483444962,30.22930819396734,29.721222,30.378560824443134,29.33646665061034,30.337009788719858
2017-12-01,Sylhet,2014,27.03,28.62,27.425202499888513,28.585473607069005,27.278630889656387,28.630875,27.385410621575687,28.978230469787235,26.742249727435752
2018-01-01,Sylhet,2017,24.81,27.75,26.237576476402733,26.228668764955938,26.18672427390373,26.229805,26.209600909717533,26.530825771100552,26.23090418993495
2018-02-01,Sylhet,2017,28.5,29.65,28.66446641045078,28.04974085985547,28.505776321427536,28.936663,28.531629994087062,27.40417964371342,28.546717650367945
2018-03-01,Sylhet,2017,31.51,28.06,32.43494317681717,31.884048557056964,32.4833334476185,30.537506,32.41785396264123,31.242852397889557,32.77583402050225
2018-04-01,Sylhet,2017,30.99,29.75,32.3112738747118,32.78870421421905,32.3814608504425,32.411106,32.342572482299616,32.016989890063506,32.17706291499994
2018-05-01,Sylhet,2017,30.42,32.83,31.747406732795213,30.922608887614924,31.778081108707806,31.159754,31.69617522558329,31.181235663255332,31.21538817210594
2018-06-01,Sylhet,2017,32.65,31.36,31.95323390818076,31.915724870690802,31.99162866013592,31.641674,31.80102644420104,31.588356795462346,31.788144000697276
2018-07-01,Sylhet,2017,33.36,32.68,32.84041619765326,31.974156012995742,33.006955260715976,31.622753,32.901729342515914,31.839851202644905,32.543630143760566
2018-08-01,Sylhet,2017,33.87,32.4,33.17463604952586,32.920359223382476,33.09575780570942,32.764843,33.091861484902026,32.823941040474764,32.70833776088595
2018-09-01,Sylhet,2017,32.9,32.28,33.0639545597823,32.922277506224006,32.9523838300972,32.533054,32.930253011801994,33.093834334016876,32.99756115127552
2018-10-01,Sylhet,2017,31.21,32.05,32.601627416917154,32.546502589402635,32.42534130454089,31.82875,32.520425848671266,32.42558130016399,32.363936157862895
2018-11-01,Sylhet,2017,29.56,30.78,30.207802899852883,29.449298515819958,30.076644626070667,29.944836,30.170916613862406,29.623307561710178,29.912382005152974
2018-12-01,Sylhet,2017,27.0,27.03,27.214275664672904,26.787716992324665,27.011543667597973,27.225212,27.037950954423003,26.319705396072997,27.136191614299626
2019-01-01,Sylhet,2017,27.85,24.81,26.334795342082955,25.964667224925996,26.24705020395812,25.565008,26.304552511568048,25.782113928733963,26.322577715068363
2019-02-01,Sylhet,2017,28.33,28.5,29.40798558219741,29.98797002581795,29.424443581710463,29.22696,29.423781071970563,29.308714547829183,28.999765924184143
2019-03-01,Sylhet,2017,31.06,31.51,32.308055746520566,31.112526230246466,32.247483538084396,31.335777,32.097302842105435,31.133797516439788,32.10923183037932
2019-04-01,Sylhet,2017,32.49,30.99,32.049429118552396,31.061496923889177,32.06812280209953,31.126686,32.086507648148725,31.489602784306026,31.92828122061643
2019-05-01,Sylhet,2017,32.33,30.42,32.25113676580156,31.920317680701093,32.29387708659019,32.049866,32.31195333691801,32.14070014089519,32.422678493731915
2019-06-01,Sylhet,2017,32.76,32.65,32.40831207187668,32.2651137463874,32.52617024078969,32.06944,32.48863948585287,32.53362450605289,32.36677585026633
2019-07-01,Sylhet,2017,32.39,33.36,32.86122350422624,32.8571534936491,32.74503628665477,32.443344,32.53744907705072,32.59022840353197,32.6102420987217
2019-08-01,Sylhet,2017,34.38,33.87,33.01380105331079,33.04949825206994,33.072664301186975,32.700325,33.04755444839136,32.979771218334385,32.81031574051705
2019-09-01,Sylhet,2017,33.24,32.9,33.16481309379456,32.98847828733813,33.13669261697674,32.457848,33.112533770455094,32.97238309916582,32.932369033150486
2019-10-01,Sylhet,2017,31.55,31.21,32.920294209298284,32.47530012944542,32.71715886568026,31.76751,32.95865616100708,31.8030994217927,32.55705110804737
2019-11-01,Sylhet,2017,30.14,29.56,30.313292887942506,30.160635784618073,30.073881428642213,29.70992,30.294439536468698,29.749984075993623,30.247165935448066
2019-12-01,Sylhet,2017,26.15,27.0,27.495056214435017,27.70875731612887,27.272105103200065,27.829224,27.455092603964722,27.34761463451947,27.180839180912358
2020-01-01,Sylhet,2017,24.71,27.85,26.091774804290203,26.20226870986277,26.159604294470213,26.407358,26.113866347592143,26.19304577327829,26.263167377067177
2020-02-01,Sylhet,2017,28.12,28.33,28.905175877004776,29.15562110375383,28.702417548799414,29.200264,28.77917803564659,28.527266294824756,29.04592600433471
2020-03-01,Sylhet,2017,31.88,31.06,31.83182556431889,31.541999177388654,31.783757868274538,31.641636,31.488826225215192,31.787607477543876,31.54649750233348
2020-04-01,Sylhet,2017,32.84,32.49,32.01613391025165,31.73282923630227,32.19562814290313,32.037773,32.09172196520665,31.800479982232442,31.964710196563555
2020-05-01,Sylhet,2017,31.56,32.33,32.41216580650007,31.534136689771728,32.26989511942232,31.481369,32.32104589125311,32.04666460628425,32.19032445942017
2020-06-01,Sylhet,2017,32.14,32.76,32.20016356156462,31.79363160185173,32.190140756485434,32.162025,31.955375808936296,32.408181897368806,32.23480877926989
2020-07-01,Sylhet,2017,31.9,32.39,32.83057401725642,32.466884960437035,32.89953821297073,32.10153,32.89159584441773,32.40311461987834,32.950604769557366
2020-08-01,Sylhet,2017,33.72,34.38,32.80545505458354,32.71174532462937,32.95825686065208,32.52582,33.05967637473582,32.958657173510204,32.5394349897953
2020-09-01,Sylhet,2017,31.98,33.24,32.99975338692336,32.481886475329794,32.932892656285375,32.373493,32.88918785864978,33.11377151685596,32.855905334792276
2020-10-01,Sylhet,2017,32.67,31.55,32.67514251108256,31.844574438848007,32.4528603024807,31.648357,32.65740584517804,31.798228653505056,32.487472831202886
2020-11-01,Sylhet,2017,30.31,30.14,30.53692477258919,29.938854777760646,30.367190518998914,30.015778,30.4336770928192,30.22965533463054,30.078844065820064
2020-12-01,Sylhet,2017,26.62,26.15,27.700565340402996,27.330327234604017,27.562913630677933,27.348242,27.731039062547957,27.236970186116036,27.60990083079999
2021-01-01,Sylhet,2020,26.56,24.71,26.332709627602778,25.529714121515084,26.15979125277735,25.679356,26.2114279069049,25.243528177757042,26.20257220812873
2021-02-01,Sylhet,2020,29.59,28.12,29.12750653184076,28.698409004512754,28.904925440308578,28.470049,29.04317492998262,29.253049390618756,28.913290678436603
2021-03-01,Sylhet,2020,33.27,31.88,32.0797178314319,31.96470709635773,32.16662689437367,31.571535,32.07670941178409,31.78323758507553,31.73553968864823
2021-04-01,Sylhet,2020,33.84,32.84,32.26356273147598,31.76839951695079,32.358838594401625,31.78342,32.335708968372494,31.484587890734318,32.10562256008306
2021-05-01,Sylhet,2020,33.07,31.56,32.59037476923552,31.688132398937654,32.42906802340528,31.570803,32.55295487638798,31.768039469525476,32.50188912830425
2021-06-01,Sylhet,2020,32.15,32.14,32.608453603617896,32.367722870611026,32.746327425365486,32.084427,32.66292893343424,32.819779551823885,32.682837749628
2021-07-01,Sylhet,2020,32.98,31.9,32.874908280574196,32.49114263994126,32.83922934744952,32.222153,32.88978792169731,32.393445041121836,32.95379697458765
2021-08-01,Sylhet,2020,31.84,33.72,33.10352924415356,33.255974059154475,33.18436801495074,32.42378,33.280799194662634,33.826820122003056,33.01949028439177
2021-09-01,Sylhet,2020,34.56,31.98,32.75149978700472,32.4422500498993,32.76846331216419,32.354195,32.722056904839405,32.386199605359764,32.4644184557711
2021-10-01,Sylhet,2020,33.54,32.67,32.78362421551756,32.65291001585062,32.55612085481271,32.218346,32.73132487991862,33.05882451701784,32.75132694016375
2021-11-01,Sylhet,2020,30.41,30.31,30.85731924407655,30.437212289664092,30.7018640625852,30.26241,30.911845140983402,30.55170710653322,30.855406833026546
2021-12-01,Sylhet,2020,27.33,26.62,27.68679890096683,27.86867912347519,27.600374876063775,27.44522,27.638785370295235,27.499207941855566,27.826161664441003
2022-01-01,Sylhet,2020,25.9,26.56,26.43276461903039,27.2455512529614,26.191825421025875,26.9013,26.358349687792693,27.165198865139747,26.28784728965385
2022-02-01,Sylhet,2020,26.68,29.59,28.91231823326901,29.459715170883918,28.982382165332996,29.394915,28.966168518977913,29.1629059063502,29.10898265538493
2022-03-01,Sylhet,2020,33.54,33.27,31.3539076997726,30.972537993689652,31.18156565389523,30.991535,31.355938358308258,31.325448864130216,31.433335303041524
2022-04-01,Sylhet,2020,32.06,33.84,32.20410232255695,31.171170633309792,32.054631177748114,31.743418,32.14016418913839,32.10767765472737,31.801449762421797
2022-05-01,Sylhet,2020,31.13,33.07,32.26422937900776,31.844799670483628,32.44833496378824,31.909254,32.46149859518761,32.26077288938601,32.35776976118416
2022-06-01,Sylhet,2020,29.85,32.15,32.22686014129542,31.438862892335663,32.24042750026508,31.907017,32.18064358635567,31.982006506217715,32.01447955961264
2022-07-01,Sylhet,2020,34.02,32.98,32.29429033792366,32.05976733053392,32.26385282529922,31.604153,32.15968436396469,32.04680351060555,32.61720855992942
2022-08-01,Sylhet,2020,34.3,31.84,33.55840598755097,33.10783669674915,33.634494646187036,32.324432,33.74300812893128,33.19490945782162,34.22643326023778
2022-09-01,Sylhet,2020,33.28,34.56,33.111298874626094,31.794589031047916,33.104001857395815,32.250404,33.2238208210563,32.52061177827284,33.05194735514909
2022-10-01,Sylhet,2020,32.11,33.54,32.53801203923741,32.81616213697934,32.50184176013748,32.187008,32.69790759342232,32.86827647924321,32.38242904619513
2022-11-01,Sylhet,2020,31.32,30.41,30.50754987029081,29.990673466200555,30.279097070351007,29.909508,30.38799685565477,30.07977758202571,30.17604534174199
2022-12-01,Sylhet,2020,27.34,27.33,27.731989358326576,27.858796161938148,27.579325415591192,27.577745,27.449229811092994,27.26730930568085,27.684873216585164
2023-01-01,Sylhet,2020,26.48,25.9,26.531612629175754,25.976038137326267,26.391315448540183,26.5968,26.52401628448871,25.474357246766694,26.62469079776807
2023-02-01,Sylhet,2020,29.07,26.68,29.267494945748766,28.828283207894465,29.14092385780792,28.19217,29.26367885894986,28.818915549003343,29.07424155856852
2023-03-01,Sylhet,2020,30.77,33.54,31.797805401050457,31.463929992898915,31.850877953176244,31.933638,31.739887742810854,31.182445889116064,31.734462402159135
2023-04-01,Sylhet,2020,33.3,32.06,32.00171036295214,31.967507814814148,32.01770307562412,31.642303,31.929508447866823,31.632454656461608,32.029650872374276
2023-05-01,Sylhet,2020,33.34,31.13,32.46267097785993,31.210929469557573,32.44017310606735,31.700636,32.471591069064274,31.58732774367425,32.20515689434815
2023-06-01,Sylhet,2020,31.9,29.85,32.99551902713313,32.54121554004888,32.99817714442058,31.805508,33.20344078542723,33.77473414866841,33.179842234716254
2023-07-01,Sylhet,2020,33.18,34.02,32.60274731899819,32.59739852076445,32.81036139385108,32.403214,32.68083815063557,32.71637557029853,32.5622501885498
2023-08-01,Sylhet,2020,32.0,34.3,33.2991272277651,33.25412280968811,33.22093932878221,32.56685,33.17922253082372,33.062728467051,33.28657290937812
2023-09-01,Sylhet,2020,34.4,33.28,32.714648347246815,32.85253576847789,32.98984688261912,32.53809,32.799751061844994,32.92904496883876,32.727570180554224
2023-10-01,Sylhet,2020,31.78,32.11,32.84763549556791,32.69054312541259,32.65402432520079,32.157486,32.90195316364824,32.733800675,32.914491134813524
2023-11-01,Sylhet,2020,30.74,31.32,30.460596954281332,30.286682215580225,30.326304901788852,30.045929,30.42409914901376,30.0859036898811,30.31901241299594
2023-12-01,Sylhet,2020,27.51,27.34,27.566378760664733,28.0474072340026,27.5362667039202,27.854866,27.606772668241533,27.98900691320904,27.206337711475722
2012-01-01,Srimongal,2011,24.35,23.69,25.219783166860488,24.873989865386758,25.210057718910118,26.17847,25.12304346493378,24.588401054806965,25.157814514696955
2012-02-01,Srimongal,2011,29.11,28.81,28.138717956794256,27.83294801222325,28.215248285723696,28.130238,28.089733440382236,27.226173126490206,28.097833418931824
2012-03-01,Srimongal,2011,33.03,31.27,31.965647593850516,32.48409472694308,32.133469060985995,31.62272,31.967797287518405,32.33384184461045,32.02403578376379
2012-04-01,Srimongal,2011,32.2,33.23,33.258896040212,33.450716982082206,33.322322939939255,32.355267,33.25263770617881,33.401437897080484,33.4991426374049
2012-05-01,Srimongal,2011,33.4,32.16,32.37621934235697,31.98255759324852,32.37990741390866,32.00086,32.361377037024546,32.196431861302855,32.4108109808363
2012-06-01,Srimongal,2011,31.67,32.33,32.37533019810729,31.89385398888708,32.32794221043112,32.31763,32.3636605753731,32.44377910988081,32.73422921166897
2012-07-01,Srimongal,2011,32.73,32.5,32.38254890597201,31.726412474404654,32.38823631847672,32.56414,32.248113893035416,31.90492149444492,32.22802375655437
2012-08-01,Srimongal,2011,33.13,32.43,32.833057864828376,32.70729990384077,32.72557158474902,32.61653,32.82043237544444,33.193932278545,32.881037042528035
2012-09-01,Srimongal,2011,32.75,33.25,32.590662677912675,32.05843415154228,32.468147060922135,32.0961,32.567308557360136,32.87496616166942,32.66919670042845
2012-10-01,Srimongal,2011,31.67,32.96,31.955736566962038,32.11530362121003,31.952145518094593,31.721996,31.909173228473698,31.961579676808206,31.84865143744238
2012-11-01,Srimongal,2011,28.65,30.08,29.668416045049867,29.51862276246101,29.693842747910132,29.347872,29.639895259777745,28.62872199250909,29.573149794692444
2012-12-01,Srimongal,2011,24.05,25.88,26.57975838260224,26.07482985788365,26.76814353660101,26.353031,26.531357805444504,25.847869124817645,26.464908981665012
2013-01-01,Srimongal,2011,24.9,24.35,24.640315838587224,24.93440550302042,24.76810045004125,25.36248,24.65478859605336,24.72122178374653,25.14886205226801
2013-02-01,Srimongal,2011,29.79,29.11,27.943178573274047,29.26063723902199,28.01165189834116,28.39237,27.859792517148882,28.75419345510284,27.68005718309878
2013-03-01,Srimongal,2011,33.56,33.03,31.980552439450356,32.20843761118699,32.03279316931236,31.848337,32.03852194628033,33.02498341751544,32.05787383959563
2013-04-01,Srimongal,2011,33.73,32.2,33.27047661584452,32.99865189997112,33.22668879582852,32.78002,33.265576940817986,33.50612737698417,33.47780621824267
2013-05-01,Srimongal,2011,31.31,33.4,32.72902944764024,31.8469329642364,32.571556880029036,32.231052,32.68186082025891,32.39936681619172,33.261542599342924
2013-06-01,Srimongal,2011,33.65,31.67,32.1822025403183,32.02815125614633,32.08600965159465,32.155746,32.145809683929016,32.53604394768867,32.64416023081065
2013-07-01,Srimongal,2011,33.5,32.73,32.63452380251644,31.938535031858454,32.61267590850636,32.255295,32.58249946412204,32.75582856838209,32.76970568981892
2013-08-01,Srimongal,2011,32.6,33.13,33.12823179520845,32.598714474572816,33.13721177328321,32.35041,32.99816401459455,33.61585254809952,33.5415600317528
2013-09-01,Srimongal,2011,32.95,32.75,32.69015605942527,32.078062089659795,32.67079101663597,32.217827,32.51553532676021,32.831129477520534,32.71421923249141
2013-10-01,Srimongal,2011,31.73,31.67,32.034862426858226,31.59251974784375,32.01299472829487,31.556795,32.12853819672374,31.453767713154978,32.09448535992961
2013-11-01,Srimongal,2011,30.38,28.65,29.68809212864279,28.551991685298656,29.809528719387504,29.485933,29.739266739495985,28.040306436037035,29.674327805268366
2013-12-01,Srimongal,2011,26.51,24.05,26.78772019373164,26.80765603049675,26.863352997436984,27.240452,26.76245585979805,26.22454032792478,27.18489377459297
2014-01-01,Srimongal,2011,25.68,24.9,25.282307479045567,25.19844319759045,25.256416186451055,25.525578,25.147038075587925,25.415456775574135,25.37231236510263
2014-02-01,Srimongal,2011,27.15,29.79,28.569781660649898,29.00204003742663,28.538094471697686,29.04754,28.49907714090121,28.352880716047096,28.812228603150988
2014-03-01,Srimongal,2011,32.28,33.56,31.959463051079855,31.925144425000493,31.96714612211682,31.81582,31.822053110717878,32.00678381293637,32.14297545881369
2014-04-01,Srimongal,2011,35.1,33.73,33.01722709467333,32.89358551071392,33.19653094074729,33.01611,33.103359606169874,33.24650765554318,33.11172108065012
2014-05-01,Srimongal,2011,33.47,31.31,32.7124684191797,32.58461973653152,32.700982548248604,32.276093,32.756924293890975,33.48165281651687,33.42081759781503
2014-06-01,Srimongal,2011,33.1,33.65,32.656759121112636,32.1487241337683,32.57613805650612,32.127117,32.633818641893676,32.74317067098912,33.146677488430576
2014-07-01,Srimongal,2011,34.02,33.5,32.842692966205156,32.43499237912375,32.609927013444825,32.40202,32.80993518848447,32.612724676809655,32.91678509069831
2014-08-01,Srimongal,2011,32.55,32.6,33.29472803283967,32.68655142740708,33.20276953486959,32.71337,33.16827761341371,33.551682053682946,34.00911848113323
2014-09-01,Srimongal,2011,32.76,32.95,32.8202333348997,32.47547717706865,32.787489273178764,32.504547,32.78747555717901,32.587831669131404,32.530962370612045
2014-10-01,Srimongal,2011,32.18,31.73,32.0639278934093,31.82482951861619,31.953499122901235,31.665653,31.896696095237303,31.749352538823366,31.774082050358764
2014-11-01,Srimongal,2011,30.73,30.38,29.829443280272077,29.6340770136421,29.813261859718406,29.634092,29.87437505709369,29.95402476083497,29.732229482361465
2014-12-01,Srimongal,2011,26.45,26.51,26.90173847881481,27.2641966683101,26.94013520041673,28.13483,26.85919560772702,27.067161755612165,27.06480221549098
2015-01-01,Srimongal,2014,26.22,25.68,25.376744709515652,25.55020974273583,25.531458235018253,25.350925,25.35666448211082,25.632627786461338,25.733006216847496
2015-02-01,Srimongal,2014,28.57,27.15,28.687184653312872,28.028718634134293,28.846554937387182,28.368021,28.66710442590804,27.142004896154077,28.51670262521896
2015-03-01,Srimongal,2014,31.95,32.28,32.33466268778435,32.18921972153144,32.34128950425562,31.549997,32.28422295004717,32.119152675493666,32.178840817265964
2015-04-01,Srimongal,2014,31.64,35.1,33.304538550355545,33.10913045862775,33.35500062459663,33.831524,33.27689074774932,33.46575204315569,33.336146641500235
2015-05-01,Srimongal,2014,32.96,33.47,32.301950475471116,32.33404756171767,32.433043119593854,31.865597,32.274962818520166,32.19374618286716,32.192971812770885
2015-06-01,Srimongal,2014,32.72,33.1,32.32052078401705,32.14075697291507,32.413535624112576,32.156124,32.29500882631203,32.61493709956816,32.077397300532375
2015-07-01,Srimongal,2014,32.35,34.02,32.631587800747226,32.48312402356852,32.72234563569248,32.215366,32.60967401153452,32.15053262662199,32.52016669691114
2015-08-01,Srimongal,2014,32.72,32.55,32.801327272645516,32.85209751213271,32.87163126961639,32.495754,32.77367947003929,32.317216606523374,32.61346711750637
2015-09-01,Srimongal,2014,33.18,32.76,32.58269031214212,32.45435372167477,32.47708946032575,32.374153,32.560776522929416,32.49817111197076,32.555698308522075
2015-10-01,Srimongal,2014,32.44,32.18,31.992943904679464,32.267050034948305,31.906814865044385,32.02118,31.987612453606175,31.738891459623176,31.717990807532924
2015-11-01,Srimongal,2014,30.41,30.73,29.89715671000482,30.26088224078929,29.87406212463937,30.033798,29.867675345590722,29.603263749154483,29.828186182781693
2015-12-01,Srimongal,2014,26.05,26.45,26.822212399986846,26.874358839572054,26.803364947844788,28.245358,26.79273103557275,27.25237636708406,26.49040132958078
2016-01-01,Srimongal,2014,24.86,26.22,25.325208956492343,25.090638666670742,25.28016106020336,26.191372,25.277781406534114,24.982133608444844,25.143727085562613
2016-02-01,Srimongal,2014,29.47,28.57,28.399040144034853,28.163624754218738,28.43325837847563,28.134398,28.33415264273547,27.016524185308334,28.333985050366707
2016-03-01,Srimongal,2014,32.14,31.95,32.28518379568614,32.64208227484417,32.55580201386173,31.96722,32.317704533185136,32.02709645031835,32.555743686594944
2016-04-01,Srimongal,2014,33.48,31.64,33.22797320512796,33.66782927507092,33.311482733280116,32.590744,33.22440635794515,33.00849859775829,33.00838259006451
2016-05-01,Srimongal,2014,32.35,32.96,32.65264189543808,32.394311032029755,32.61299433733148,31.900812,32.68820241394127,32.34099740963812,32.38787627730153
2016-06-01,Srimongal,2014,33.3,32.72,32.44464226768224,32.130394152022056,32.45104148862393,31.944157,32.39420252994506,32.447112226136554,32.36521036449911
2016-07-01,Srimongal,2014,32.8,32.35,32.778024611051,32.57766778225904,32.762039955614256,32.505253,32.72758487331382,32.54341361215367,32.59996066541623
2016-08-01,Srimongal,2014,34.04,32.72,32.97583473610276,32.75018438267019,32.88987838639994,32.706074,32.917827425026836,33.093623975434824,32.600560662815894
2016-09-01,Srimongal,2014,33.3,33.18,32.94791703314714,32.70535894847869,32.833775611596934,32.635174,32.948274357404635,33.482286410697526,32.82252258816339
2016-10-01,Srimongal,2014,32.81,32.44,32.25034414877923,32.512499494885226,32.12836079343527,32.12217,32.224832191074206,32.07257085237472,32.105743217546184
2016-11-01,Srimongal,2014,29.46,30.41,30.136199785378952,30.231913586642513,30.1343537656619,29.993513,30.130868334305664,29.57869661027438,29.908788262461144
2016-12-01,Srimongal,2014,28.59,26.05,26.759920009270797,26.45139334443374,26.778931259989566,27.947567,26.738006220058093,26.81013333318428,26.648864349171983
2017-01-01,Srimongal,2014,27.14,24.86,25.705168482789286,26.035993330028973,25.750208166761183,25.848333,25.608825688192137,25.309144908698435,25.61207897962174
2017-02-01,Srimongal,2014,29.95,29.47,29.09091992815126,29.116983328768676,29.095045529083507,29.152016,29.063778742673883,28.39482379579879,29.32749282093004
2017-03-01,Srimongal,2014,29.65,32.14,32.7582766741882,32.731444992606,32.71082811270957,32.448734,32.68007777187926,31.325632303907945,32.869678104436844
2017-04-01,Srimongal,2014,31.04,33.48,33.14235795163086,32.75854966076341,33.17890517072787,32.66304,33.20371945076159,32.0450255379739,33.19065555815161
2017-05-01,Srimongal,2014,33.27,32.35,32.1770147744602,32.16024232180244,32.26543862179592,32.015068,32.1672836680001,31.950172685790832,32.098640176710404
2017-06-01,Srimongal,2014,32.06,33.3,32.35552382092342,32.240290256394765,32.51784524036298,31.899601,32.369697615461206,32.693518303324815,33.131185152945505
2017-07-01,Srimongal,2014,32.47,32.8,32.49310807163574,32.56134458944724,32.591282981846405,32.553623,32.36347428734161,31.78836793311519,32.453057054545354
2017-08-01,Srimongal,2014,32.86,34.04,32.80323859848191,32.92623019657069,32.956196500356455,32.57062,32.78132480926921,32.217407617592734,32.51685465102527
2017-09-01,Srimongal,2014,32.94,33.3,32.63105480219632,32.69027433454767,32.58574404849061,32.232887,32.60737640816181,32.16003816293678,33.0868459461652
2017-10-01,Srimongal,2014,31.68,32.81,32.012907228677,32.2524365830162,31.986199146369085,31.496418,31.9498795115039,31.072777105602274,31.8155857334424
2017-11-01,Srimongal,2014,30.13,29.46,29.746991469199823,29.807411670542802,29.769141969313804,29.543314,29.676396174962687,29.02615141154618,29.608301354026406
2017-12-01,Srimongal,2014,26.82,28.59,26.75205464131431,27.451452278744213,26.752945747640407,27.659252,26.775182949670118,27.8909850860016,26.564327198839152
2018-01-01,Srimongal,2017,23.79,27.14,25.44800364417672,25.850786602373528,25.463988483751027,26.345032,25.432338381239173,25.805573634404993,25.50800421057851
2018-02-01,Srimongal,2017,28.79,29.95,28.361605564785073,28.348971377967686,28.49631811496178,29.145628,28.3934942062021,27.859210644489114,28.557821524493917
2018-03-01,Srimongal,2017,32.28,29.65,31.93544994673788,32.0201813281847,32.08966777712183,31.604242,31.967338588154906,31.75897348837664,32.183606892202434
2018-04-01,Srimongal,2017,31.77,31.04,33.058203673227396,33.5634240253307,33.17664410374603,32.719307,33.035193277760115,33.11044043474522,32.82040546684457
2018-05-01,Srimongal,2017,31.69,33.27,32.37849262901615,32.22839452043365,32.43887393331079,32.167614,32.35548223354887,32.02118706853412,32.08301255060203
2018-06-01,Srimongal,2017,33.04,32.06,32.18126285638121,31.95597513370901,32.22771164572883,32.141125,32.15825246091393,31.855881379100225,31.780619965055518
2018-07-01,Srimongal,2017,33.67,32.47,32.55853966717502,32.38109939233037,32.64550030083427,32.275238,32.53552927170774,32.32818113007164,32.539196574584125
2018-08-01,Srimongal,2017,33.82,32.86,33.05628902357422,33.099909059045245,32.986621779395314,32.30694,33.03327862810694,33.12061332879044,32.753354079137374
2018-09-01,Srimongal,2017,33.49,32.94,32.95770229684668,32.6053841017463,32.85758730292734,32.36347,32.925033784532125,33.05366552890961,32.79960423593281
2018-10-01,Srimongal,2017,31.28,31.68,32.28849530308547,32.18836817069893,32.137586934923974,31.815844,32.26548490761819,32.69206014850412,32.221822849362106
2018-11-01,Srimongal,2017,29.79,30.13,29.88611422015847,29.572221625061488,29.848328843577082,29.655195,29.870448957220923,29.14758825512244,29.80004312739822
2018-12-01,Srimongal,2017,26.52,26.82,26.79334632172947,26.784214565729584,26.910007352847295,27.512585,26.76067780941491,26.454637088896277,26.807613232730006
2019-01-01,Srimongal,2017,27.1,23.79,25.328468090091647,25.260495315987143,25.424879356710886,25.792976,25.29579957777709,24.963608657203093,25.661239469344814
2019-02-01,Srimongal,2017,28.31,28.79,28.900274770374864,29.637756725126824,28.866922101333135,29.23886,28.848193915601342,28.328806794043444,28.90377575514516
2019-03-01,Srimongal,2017,30.96,32.28,32.20053083246249,32.35674194418997,32.24238960000063,32.03475,32.14844997768897,31.959710136306924,32.356794745734085
2019-04-01,Srimongal,2017,32.97,31.77,32.935357329972945,33.05276238632022,32.96511214282448,33.19125,32.91234693450566,32.37992063945795,32.94280623844677
2019-05-01,Srimongal,2017,33.67,31.69,32.50480561868249,32.70805356842658,32.63981172065713,31.866575,32.48179522321521,32.940861277155406,32.702045687912594
2019-06-01,Srimongal,2017,33.39,33.04,32.64945049431957,32.61410044034691,32.718802202477306,31.858934,32.61678198200501,32.66029392571029,32.56919422302706
2019-07-01,Srimongal,2017,32.67,33.67,32.9396054088991,33.01717809322532,32.89122226909646,32.066704,32.91659501343182,32.924878360948775,32.79481786504038
2019-08-01,Srimongal,2017,34.04,33.82,33.13929782940173,33.10915089592279,33.05775249015773,32.451813,33.087216974628205,33.01239319682065,32.94331501050654
2019-09-01,Srimongal,2017,33.37,33.49,33.051207379556296,33.01217208696248,32.983956599820125,32.32116,33.028196984089014,32.997372398583,33.15823278207178
2019-10-01,Srimongal,2017,31.56,31.28,32.26085332814471,32.17915650989916,32.32345567105473,31.60623,32.228184815830154,31.790624802296332,31.98881224044792
2019-11-01,Srimongal,2017,29.82,29.79,29.945190932699404,29.60579109005419,29.978997281064096,29.497633,29.912522420384846,29.608766967548384,29.909316733465666
2019-12-01,Srimongal,2017,25.51,26.52,26.82720790927465,26.664402015078302,26.781980152863433,27.388422,26.84401934159155,26.931266877550183,26.765270261247096
2020-01-01,Srimongal,2017,23.61,27.1,25.291394806116422,25.70635042619551,25.367392676485807,26.38097,25.2393139513429,25.223006009237434,25.534965671207097
2020-02-01,Srimongal,2017,27.52,28.31,28.23012661190788,28.87889073511658,28.41863847972826,28.44455,28.2071162164406,27.937300443500213,28.644130459771915
2020-03-01,Srimongal,2017,31.9,30.96,31.614514394287923,32.14991824794661,31.890522186941546,31.773607,31.59150399882064,32.216407735300024,31.912354503831107
2020-04-01,Srimongal,2017,32.81,32.97,32.76793097878918,32.91817338496147,32.94514199934106,32.70516,32.7449205833219,33.311105247213014,32.73834500296945
2020-05-01,Srimongal,2017,32.41,33.67,32.4379611551721,32.204362576711866,32.494065477017784,32.471653,32.414950759704816,32.68043194856637,32.51242853758597
2020-06-01,Srimongal,2017,32.82,33.39,32.409135653122,32.22870169028967,32.37401379108539,31.878952,32.37646714080744,32.40020706511946,32.296004989960835
2020-07-01,Srimongal,2017,33.04,32.67,32.66375961252885,32.329994273724544,32.575507406703075,32.202385,32.64074921706157,32.535034367054834,32.60902615646388
2020-08-01,Srimongal,2017,33.94,34.04,33.08653235724888,32.96559988848902,33.01247993068567,32.4934,33.05386384493432,33.24503246601393,32.74228276922517
2020-09-01,Srimongal,2017,33.07,33.37,32.99317484676818,32.53065353072469,32.91075867955048,32.285892,32.96050633445362,33.214147621307404,33.02814060627475
2020-10-01,Srimongal,2017,33.27,31.56,32.13304502159641,32.21163363307244,32.04844091910251,31.93542,32.10037650928185,32.50118719973114,32.16426925149716
2020-11-01,Srimongal,2017,30.7,29.82,30.160926906303793,29.967577057554355,30.087924574510428,29.810564,30.145261643366247,30.3291008177058,30.114609566466164
2020-12-01,Srimongal,2017,26.33,25.51,27.042035195292918,27.26769179692068,27.12341768689241,27.749063,26.989954340519397,27.113872804895227,27.077642281235622
2021-01-01,Srimongal,2020,25.81,23.61,25.481459761185906,25.29933277114727,25.44555449983917,26.115707,25.42388343639519,24.47950819226914,25.378356690823555
2021-02-01,Srimongal,2020,29.38,27.52,28.75188395216232,27.969601798065984,28.777293066434755,28.632488,28.736940535000617,27.25479335946638,28.691048945108353
2021-03-01,Srimongal,2020,33.47,31.9,32.25940466738001,32.38887863415865,32.378396023642374,32.246616,32.24446125021831,31.963251101300823,32.23040625045973
2021-04-01,Srimongal,2020,35.1,32.81,33.41445458381881,33.322815734847495,33.38176161867712,32.89479,33.41813698671271,33.389923208372245,33.537464401114526
2021-05-01,Srimongal,2020,34.4,32.41,33.22873669751925,32.73333899085331,33.122284330079104,32.493706,33.133002384388874,33.31448829567971,33.38263915019581
2021-06-01,Srimongal,2020,32.91,32.82,33.242766587197224,32.51949789125898,33.08514977207025,32.22666,33.217216575651804,33.58152329679511,33.415395873163405
2021-07-01,Srimongal,2020,32.91,33.04,33.176235915895305,32.682255960496605,33.02124873474243,32.724625,33.145007611986,33.02262805846903,33.09362341090835
2021-08-01,Srimongal,2020,32.9,33.94,33.39968417473852,33.20046041667734,33.41246283629682,32.73462,33.41176796407222,34.056174672938525,33.34648651891508
2021-09-01,Srimongal,2020,34.33,33.07,32.99006826528027,32.54888632808448,33.07587838854651,32.63902,32.97512484811857,33.296948503280746,32.904645443076994
2021-10-01,Srimongal,2020,33.46,33.27,32.397280535134385,32.34156917204725,32.362834280423144,32.177628,32.36889945569904,32.585790781342304,32.381486254233685
2021-11-01,Srimongal,2020,30.22,30.7,30.36170822170563,30.528809329650365,30.39587266072718,30.546852,30.307317947717383,30.386335983028694,30.357858697214596
2021-12-01,Srimongal,2020,26.98,26.33,26.995711128858147,27.404147061571223,26.96647789991194,27.877459,27.079651500729142,26.850659229146736,27.253049156841374
2022-01-01,Srimongal,2020,25.35,25.81,25.61957795419239,26.152644049975105,25.64689692117523,26.120075,25.63166174352609,25.794170915206806,25.752492231502398
2022-02-01,Srimongal,2020,26.9,29.38,28.778957949410316,28.640460902316647,28.888818118174697,28.73783,28.764014532248613,28.638916224366177,28.870569560404036
2022-03-01,Srimongal,2020,33.25,33.47,31.897097129104242,31.50255810091782,31.937853822400136,31.201511,31.88215371194254,32.12522144711543,32.00070325972656
2022-04-01,Srimongal,2020,33.99,35.1,33.23335517082348,32.62885390642626,33.22682408920821,33.35637,33.20497409138813,33.766669980326995,32.94317158039911
2022-05-01,Srimongal,2020,32.38,34.4,32.95124740691894,32.52789936965384,32.949608927751946,32.84434,32.920019103009636,33.40339839517627,32.760372654473834
2022-06-01,Srimongal,2020,31.98,32.91,32.68493684156945,32.03910761988318,32.62088951345916,32.302704,32.64351106955817,32.25503806012739,32.504450567576654
2022-07-01,Srimongal,2020,34.08,32.91,32.70109800968667,32.522392564359826,32.71337695402794,32.47501,32.71318179902037,32.527146328287394,32.806439511486566
2022-08-01,Srimongal,2020,34.0,32.9,33.319913421490696,33.41441625032897,33.43373480610947,32.46205,33.36858378417185,33.902068609507815,33.50746195451482
2022-09-01,Srimongal,2020,33.62,34.33,33.23137073525697,33.015500936298764,33.27231500396056,32.47139,33.200142431347665,33.112611134498415,33.017332691576115
2022-10-01,Srimongal,2020,32.2,33.46,32.43148386949924,32.50719150930888,32.43399812996809,32.163124,32.40025556558994,32.32970525376937,32.23217397879425
2022-11-01,Srimongal,2020,31.67,30.22,30.125099085076478,30.06129117551955,30.055636153716552,30.01605,30.13718287441018,30.368811274073067,30.014852739081782
2022-12-01,Srimongal,2020,28.01,26.98,27.12190296738544,27.313533247350044,27.171160805411674,27.628769,27.112637843518943,27.071211261217282,27.136807316219727
2023-01-01,Srimongal,2020,26.67,25.35,25.858664336664575,25.988871273019615,25.960004706283136,25.814573,25.92025985108127,26.37729721659039,26.21289369640786
2023-02-01,Srimongal,2020,29.6,26.9,29.0493547891058,27.85460480374403,28.98424702518546,28.337685,29.018126485196497,27.144871571788975,29.192498600450225
2023-03-01,Srimongal,2020,31.27,33.25,32.6569849933286,31.886983838549323,32.49914541295386,32.345005,32.57487864147618,31.506068552350335,32.560767565330806
2023-04-01,Srimongal,2020,34.88,33.99,33.321314322952084,32.710849165598546,33.349309967912966,32.78689,33.255492869023136,32.71413951589181,33.42942222188198
2023-05-01,Srimongal,2020,34.45,32.38,33.10319644532157,33.012489698277854,33.226091222309165,32.481033,33.18569160572244,33.15491060664964,33.52877977078936
2023-06-01,Srimongal,2020,33.37,31.98,33.11192932424159,32.81542134886837,33.14036788858119,32.03466,33.016195011111215,33.547620641290074,33.020227523856015
2023-07-01,Srimongal,2020,34.43,34.08,33.286241229252745,33.136019284416534,33.19460981666854,32.21374,33.25501292534344,33.275236791714384,33.1715294089358
2023-08-01,Srimongal,2020,32.9,34.0,33.70847944405487,33.34937574562509,33.604416492712645,32.69205,33.723749284191044,33.77693217254248,34.08930351257809
2023-09-01,Srimongal,2020,34.94,33.62,33.26369945348644,33.068920462670334,33.34228629209202,32.685516,33.23247114957714,33.273536162002785,33.207266846088935
2023-10-01,Srimongal,2020,32.39,32.2,32.65744687361214,32.36749266535274,32.63155068503862,32.219765,32.70611723629329,33.1289799410641,33.04913566741624
2023-11-01,Srimongal,2020,30.86,31.67,30.38350427731554,30.86174738135235,30.402099375477157,30.95208,30.35227597340624,30.475339474786114,30.344683035964078
2023-12-01,Srimongal,2020,27.44,28.01,27.132065750949064,27.95397202957938,27.0339234768932,28.21629,27.11712233378736,27.417091862692423,26.934811042198692
2012-01-01,Bhola,2011,24.73,24.22,25.429342300046805,25.38019645840588,25.3895458664378,25.699352,25.40798716654313,25.15987117129235,25.18469525116115
2012-02-01,Bhola,2011,29.32,28.87,28.354041503221293,28.479429484648755,28.361846861403823,28.314047,28.36219730082949,28.045289268495818,28.24799356459581
2012-03-01,Bhola,2011,32.41,31.71,32.124530209689894,32.23308402724545,32.13672513996504,32.185303,32.17712083318786,32.1842879454043,32.029013983952865
2012-04-01,Bhola,2011,32.96,32.88,33.305208860806566,33.23656905796239,33.28012894983029,33.001213,33.40871070223246,33.4352294156078,33.34718494281693
2012-05-01,Bhola,2011,34.18,32.9,33.06644121972738,32.80948407751585,33.0689496292608,32.732525,32.997796941975935,32.688087189464525,32.81254678811068
2012-06-01,Bhola,2011,32.51,31.55,31.99873127978489,31.693795892268156,32.10567827756709,31.605621,31.997742727903727,31.908394589886964,32.35923747777345
2012-07-01,Bhola,2011,31.61,30.94,31.215121268501054,30.983671614522116,31.321278026606226,30.747305,31.283964826931726,30.424798487903804,31.097485702078128
2012-08-01,Bhola,2011,31.77,30.76,31.58056364220872,31.26590178232626,31.53702247193349,30.825798,31.665111027782107,31.51440821662319,31.639241888130996
2012-09-01,Bhola,2011,31.75,31.05,31.71139828221103,31.58602789219871,31.735204756628235,31.389713,31.65127455548545,31.873653513864078,31.76966996812179
2012-10-01,Bhola,2011,31.69,32.67,32.023218852938065,32.15992803966225,32.11007271786528,31.762104,32.035615523816,32.006831615543234,31.915931117032255
2012-11-01,Bhola,2011,29.31,29.82,29.981575599752425,29.726205959132056,29.926467241589506,29.78412,29.928929067097663,29.533952561898456,29.857971531106358
2012-12-01,Bhola,2011,25.34,26.0,26.767232156168394,26.527296467868403,26.67630130387617,26.810713,26.742852168898754,26.209872735684343,26.463479228952032
2013-01-01,Bhola,2011,25.3,24.73,25.180657327055602,25.98055334168824,25.241154506191073,26.271364,25.198766603946357,25.18141399351773,25.030489407116608
2013-02-01,Bhola,2011,29.29,29.32,28.467936047377066,29.33489988871992,28.515897276018464,28.367928,28.490879054205493,28.86386833729297,28.658120629575507
2013-03-01,Bhola,2011,32.86,32.41,32.159731262607345,32.09751491026493,32.17806369514391,31.669155,32.3063593444059,32.70626399042862,32.21757491990407
2013-04-01,Bhola,2011,33.59,32.96,33.40790832943978,33.46931753769175,33.446390391468995,33.207115,33.49709654755654,33.9730915453008,33.46711541321351
2013-05-01,Bhola,2011,30.78,34.18,33.32278674433341,33.16784243035421,33.344067815104275,32.82432,33.44568181375375,33.3917399914135,33.45874615841301
2013-06-01,Bhola,2011,32.36,32.51,31.28302270431345,31.148729650711847,31.34045547141004,31.413994,31.35790598649805,31.19471035034243,31.494329848743835
2013-07-01,Bhola,2011,31.11,31.61,30.9355066234043,30.82562270202387,31.090963569319598,31.092329,30.86769578995017,30.966438418844987,31.406924051622
2013-08-01,Bhola,2011,31.0,31.77,31.36601405960444,31.282067878981504,31.35658840306399,31.320328,31.288552921236786,31.320432288977635,31.256136235667103
2013-09-01,Bhola,2011,31.96,31.75,31.451476311441414,31.187127942491117,31.43052864131933,31.513166,31.435797130819314,31.961559340846108,31.0813356127771
2013-10-01,Bhola,2011,31.12,31.69,31.96662707678288,31.64447183591922,31.906412824660986,31.447353,31.955998169772922,31.68503082851516,31.778981158958487
2013-11-01,Bhola,2011,30.43,29.31,29.80034146288008,29.165531983326936,29.805550161102392,29.083807,29.856273522764152,28.629357574422478,29.875496629170744
2013-12-01,Bhola,2011,27.14,25.34,26.915471407689477,26.514517185512574,26.954664447757075,26.483011,27.00309796176138,26.484000365203002,27.36147518813068
2014-01-01,Bhola,2011,25.13,25.3,25.704348129415255,25.96616661448607,25.667863913707627,25.974316,25.56159643568967,26.029822771103923,25.39826190913872
2014-02-01,Bhola,2011,27.83,29.29,28.660362105878015,29.006839258068467,28.745472011068433,28.108913,28.4898508899528,28.607942188297958,28.50245095225958
2014-03-01,Bhola,2011,32.24,32.86,31.90282090773506,31.734143621880854,31.961948910662485,31.45966,31.947609901630113,31.620405953529666,32.03188095949281
2014-04-01,Bhola,2011,35.54,33.59,33.16669490092821,32.92264344045346,33.08698595729327,32.923145,32.977713487086966,32.704058137269136,33.28134730698397
2014-05-01,Bhola,2011,34.49,30.78,33.57700904487643,32.985575078669754,33.590625433157804,32.49855,33.592138756355375,33.66904735653392,33.99338590232866
2014-06-01,Bhola,2011,32.77,32.36,32.37380339502804,31.99562439333762,32.37016993874175,31.970217,32.58553494810574,32.145582435935374,32.57612751023473
2014-07-01,Bhola,2011,31.73,31.11,31.42207179772076,31.081266795296603,31.408232326048292,31.197887,31.44345535705206,31.25479015290454,31.643654438057577
2014-08-01,Bhola,2011,31.28,31.0,31.673841700444466,31.452312970205924,31.849546599713626,31.092539,31.905184045920617,31.29634424598473,31.87619418386109
2014-09-01,Bhola,2011,32.0,31.96,31.667186481907713,31.605929834787254,31.765433933543026,31.31145,31.678392292029905,31.3121848283531,31.600098952686995
2014-10-01,Bhola,2011,32.48,31.12,32.006404961392874,31.688505999041503,31.958572426234344,31.534594,32.00075600755274,32.21805707605776,32.267120905260114
2014-11-01,Bhola,2011,30.5,30.43,30.194100524627977,30.25464120484,30.151987475149962,29.769754,30.10698905899506,30.93311622701812,29.877665896966867
2014-12-01,Bhola,2011,26.17,27.14,27.079007102203956,27.668213972741707,27.071637311998593,27.44349,26.985635032904735,26.90655684757097,27.01753448852073
2015-01-01,Bhola,2014,25.9,25.13,25.44018135097122,25.834429240050387,25.42864310564205,25.88636,25.509219429160115,24.82299661469094,25.586140572278858
2015-02-01,Bhola,2014,29.02,27.83,28.80201490586189,29.04661163027509,28.879231042699697,29.353693,28.929518703273807,28.317132383365895,28.878670881332
2015-03-01,Bhola,2014,32.32,32.24,32.27779263257001,32.21994463468498,32.48151421959474,31.985905,32.368830278506024,32.87021915585911,32.38993261386458
2015-04-01,Bhola,2014,32.84,35.54,33.48255129686387,32.85052582230438,33.59438657443481,33.354904,33.51062428361566,33.88378117502736,33.51104855827014
2015-05-01,Bhola,2014,34.11,34.49,33.0546655006193,32.91988264491493,33.14668771585946,32.939922,33.102636704542526,33.354226971781735,32.912693492184715
2015-06-01,Bhola,2014,31.96,32.77,32.15286745578714,32.225801617933854,32.31042713735708,31.87445,32.152628649312184,32.39456504759838,32.30139772950316
2015-07-01,Bhola,2014,30.82,31.73,31.156073369675834,31.225354597496914,31.279876278896314,30.964945,31.30541633873578,30.934261480075183,30.99793505751815
2015-08-01,Bhola,2014,31.82,31.28,31.349145340948954,31.184948827284366,31.375045067251293,31.249828,31.370027630805627,31.335011870794194,31.294798614042875
2015-09-01,Bhola,2014,32.39,32.0,31.708108906315736,31.554384969368527,31.770259400668657,31.732702,31.727037493752412,31.838518418853276,31.745113971785948
2015-10-01,Bhola,2014,31.96,32.48,32.13831728090312,32.177592742266455,32.17735941607814,31.74356,32.230712005391375,32.041623908281714,32.07461459438724
2015-11-01,Bhola,2014,30.19,30.5,30.122511974902192,29.814839745598974,30.024226120876193,29.998886,30.101227554858962,29.763120226904363,29.969707560952152
2015-12-01,Bhola,2014,26.34,26.17,26.888688223698185,26.61558808144715,26.810546849664373,26.589891,26.882686018274175,26.3373804977564,26.544709497773727
2016-01-01,Bhola,2014,25.62,25.9,25.48677023748506,25.7215864602801,25.60182776845762,25.585289,25.508391062418113,25.202992433028385,25.391126333367772
2016-02-01,Bhola,2014,29.94,29.02,28.75870347087245,29.100378649963346,28.842908490927428,29.148043,28.74814161349993,28.792428293263647,28.763575698939803
2016-03-01,Bhola,2014,33.06,32.32,32.49299036115065,32.64285322906419,32.514939459658024,32.32494,32.491528372370006,32.59979910194178,32.51922157148457
2016-04-01,Bhola,2014,33.85,32.84,33.693731335227916,33.57354113342807,33.82469796867445,33.389915,33.76697828364892,33.844997578132556,33.72688895087775
2016-05-01,Bhola,2014,33.58,34.11,33.45025927457404,32.996808802096076,33.58419216923798,32.764347,33.50039301324081,33.03071015401587,33.56283704740831
2016-06-01,Bhola,2014,32.48,31.96,32.11860523726622,31.957956175953782,32.29328965075274,31.955307,32.22884594257752,31.972026626026853,32.15371326187344
2016-07-01,Bhola,2014,31.19,30.82,31.260724997702745,31.26763238278845,31.504002922620334,31.037216,31.352265162948278,31.272640813440656,31.23482447243947
2016-08-01,Bhola,2014,31.89,31.82,31.513368087212587,31.475014516753323,31.57901621669573,31.536394,31.495344708065534,31.481230412142033,31.337722082505298
2016-09-01,Bhola,2014,32.85,32.39,31.81519094556999,31.612184752762204,31.767800070942993,31.601562,31.833373484019756,31.987739544276838,31.6016037862777
2016-10-01,Bhola,2014,32.74,31.96,32.2648118178807,32.041308849663345,32.27212149614935,31.961946,32.280713882621356,32.26316238932142,32.22071059095074
2016-11-01,Bhola,2014,29.62,30.19,30.365014922514842,29.953512034485644,30.354727662455247,30.11358,30.398675431207106,29.75374054592829,30.227454298727768
2016-12-01,Bhola,2014,28.19,26.34,26.794337046099148,26.652258479299086,26.752161945969345,27.382038,26.881113645387135,26.10031585434295,26.716960818611373
2017-01-01,Bhola,2014,27.16,25.62,25.933471711811052,26.563729748540524,26.04687061941138,27.008812,25.95754835614227,25.699464839291732,25.949611495032617
2017-02-01,Bhola,2014,30.49,29.94,29.348763553439667,30.014422317969167,29.486196752060714,30.364435,29.44928963297515,29.31967700092066,29.547122594255104
2017-03-01,Bhola,2014,30.91,33.06,32.82704105764913,32.62866194999607,32.92079462541098,32.143433,32.8394310546695,32.235639544824394,33.023486246254436
2017-04-01,Bhola,2014,32.8,33.85,33.277008286884495,32.914545976174196,33.3191680245178,32.514492,33.28195696158565,32.623072094136354,33.33087354242562
2017-05-01,Bhola,2014,34.82,33.58,33.07714540016872,32.75773045918909,33.21502261522712,32.24865,33.13289308426005,32.80902722429099,33.190825410913874
2017-06-01,Bhola,2014,33.83,32.48,32.33215463928865,32.24074228604825,32.46172156427351,31.46998,32.2453362496941,32.48220959198039,32.88064529851875
2017-07-01,Bhola,2014,31.96,31.19,31.649847457775877,31.451492081366883,31.631011834946968,31.368881,31.601902979085253,31.906267623488958,31.809962854436566
2017-08-01,Bhola,2014,33.06,31.89,31.851479434875607,31.40850781371835,31.888260310468844,31.345287,31.66269824793732,31.59097482619765,31.74073334520064
2017-09-01,Bhola,2014,32.9,32.85,32.267790642548974,31.808102687967093,32.300990518305845,31.953484,32.30765749605435,32.054032435554966,32.80178959473301
2017-10-01,Bhola,2014,31.67,32.74,32.43178684189718,32.25309246453681,32.573476430734274,31.860056,32.48804065137904,31.488481471354888,32.598619666100035
2017-11-01,Bhola,2014,30.47,29.62,30.105412670179653,30.448116159732724,30.134746909122555,30.037651,30.144253362669993,29.474486248064977,29.97070703235601
2017-12-01,Bhola,2014,26.74,28.19,27.029455768160595,28.077072394329203,27.101185747596954,28.2404,27.10379815309502,27.46504699089097,27.088338765556475
2018-01-01,Bhola,2017,24.7,27.16,25.73877347880591,27.20795674763633,25.771048327708954,26.134867,25.73103787531693,26.00762753778688,25.841149043654255
2018-02-01,Bhola,2017,29.6,30.49,28.784680440317842,29.55368916715336,28.8142231321096,29.30163,28.765853940736505,29.087062083029355,29.06963224805542
2018-03-01,Bhola,2017,33.05,30.91,32.32320158363028,32.28562024723811,32.40009075931044,32.271164,32.287906868315176,32.84020666326116,32.681614760370714
2018-04-01,Bhola,2017,33.17,32.8,33.69401274891017,33.289996564915064,33.78480005764563,33.151306,33.686908122053424,34.29708485490024,33.79066738273835
2018-05-01,Bhola,2017,32.32,34.82,33.455476509442015,33.205161375515765,33.50769479231381,32.175423,33.35628567080705,34.1203441719842,33.695540280793686
2018-06-01,Bhola,2017,32.86,33.83,31.93724099641174,32.16710869781886,31.985259792655512,31.631208,31.90686595161885,32.0896091288235,31.924646207459286
2018-07-01,Bhola,2017,31.79,31.96,31.31795176808055,31.49643832826694,31.500671351564275,31.521456,31.301145614500005,31.60949587945879,31.530837235418396
2018-08-01,Bhola,2017,32.34,33.06,31.821297915881996,31.662876313020735,31.821884274864615,31.508467,31.8105886543603,31.769633864705217,31.80868533677126
2018-09-01,Bhola,2017,33.68,32.9,32.13806662344131,31.7267300577396,32.06597618281735,31.641842,32.06112676494512,32.0725578231428,31.98499079523033
2018-10-01,Bhola,2017,31.95,31.67,32.55664698200026,32.24101475030499,32.5835137146606,31.989777,32.57032546287128,32.65017910876213,32.58247456231035
2018-11-01,Bhola,2017,30.51,30.47,30.27730462693834,30.02374355416193,30.331703229799487,29.868736,30.268042839069302,29.696879876256176,30.406557765963694
2018-12-01,Bhola,2017,26.26,26.74,27.091174304733812,27.245171435803375,27.129736867594634,26.56323,27.075710662889122,26.949290405166334,27.25192307148116
2019-01-01,Bhola,2017,27.37,24.7,25.57429236856403,26.1319295261546,25.603316902806846,25.788212,25.603879296529314,25.507185367214436,25.47914288803522
2019-02-01,Bhola,2017,28.55,29.6,29.481986770481434,30.257168566468664,29.495002996232774,29.69934,29.47187187343892,29.237321779978963,29.467818012599157
2019-03-01,Bhola,2017,31.73,33.05,32.3116075567003,32.513048521314396,32.330952135446935,31.574629,32.25357690668066,32.348411583529185,32.1883535961639
2019-04-01,Bhola,2017,33.92,33.17,33.320668477748754,33.21014910789995,33.36765357611114,32.93764,33.251774046753766,32.998589338114556,33.280333164732255
2019-05-01,Bhola,2017,34.5,32.32,33.47257822617423,33.58526890716077,33.65974852667158,33.068794,33.49808105505537,34.39009089261601,34.380011951368736
2019-06-01,Bhola,2017,33.87,32.86,32.57636701054321,32.624903500082965,32.61401337878677,32.124847,32.58936558681921,32.86359734686194,32.69887957717411
2019-07-01,Bhola,2017,31.9,31.79,31.782222250861004,31.767266840014667,31.854437035088804,31.58225,31.696424642962292,32.14514899007079,31.960417241481533
2019-08-01,Bhola,2017,32.43,32.34,32.021166692582156,32.00140912888481,32.07667188776066,31.440516,31.98786963811257,32.292794552319954,32.22491055254601
2019-09-01,Bhola,2017,32.19,33.68,32.320360091080175,32.49682555172977,32.42211820072226,31.620394,32.32097904922742,32.397023393729036,32.60670052963027
2019-10-01,Bhola,2017,32.03,31.95,32.17760050953491,31.998270696596094,32.210864936159055,31.773533,32.22230576635464,31.692133323499085,31.998581773766716
2019-11-01,Bhola,2017,30.23,30.51,30.218470586002606,30.195562545845753,30.234273248502724,30.070118,30.203006944157917,30.401031466568742,30.186728528156404
2019-12-01,Bhola,2017,25.65,26.26,26.95179100331664,27.160266068070424,27.009100566690893,26.82873,26.909949667721985,27.186624948796464,27.11199053890833
2020-01-01,Bhola,2017,24.57,27.37,25.52412614098842,26.449907189816276,25.526525258201012,25.646671,25.398969917214465,25.269613266377526,25.46256411495982
2020-02-01,Bhola,2017,27.79,28.55,28.68049956884751,29.24849844065253,28.73114056023006,29.521658,28.665630292413326,28.790261810094847,28.966829504777138
2020-03-01,Bhola,2017,32.21,31.73,31.86915738061453,31.987775051406242,31.992703665105196,31.645384,31.85369373876984,32.70632666548245,32.25581906515653
2020-04-01,Bhola,2017,32.88,33.92,33.36606619368115,32.92708732152115,33.477545678371,32.891945,33.33720932761946,34.07480004406996,33.67169508804156
2020-05-01,Bhola,2017,33.49,34.5,33.29151675794906,33.22337157858721,33.32837393880569,32.68022,33.27578753736503,34.28184346794045,33.42513409063601
2020-06-01,Bhola,2017,32.33,33.87,32.343726819773934,32.262679869419365,32.401734305636495,32.076473,32.328263177929244,32.384894912451344,32.193201734012106
2020-07-01,Bhola,2017,32.43,31.9,31.31890624971847,31.267205390906906,31.451947860677784,31.220911,31.28160039545755,31.23853244664222,31.425184196548855
2020-08-01,Bhola,2017,31.76,32.43,32.04612362321198,31.581904287669467,32.01006487905973,31.600813,32.00881776895106,31.768428707123636,31.868202344844864
2020-09-01,Bhola,2017,33.0,32.19,32.152187099159974,31.98359434015607,32.07103902246113,31.543623,32.11488124489905,31.762495114392095,31.978905056669365
2020-10-01,Bhola,2017,33.01,32.03,32.32907667357713,32.32953933418845,32.25863720562988,32.168804,32.291770819316206,32.5930982892384,32.18695497114419
2020-11-01,Bhola,2017,30.61,30.23,30.51933621319786,30.162671730305846,30.427462510790477,29.97151,30.564041470017585,30.624916985710993,30.231237974710847
2020-12-01,Bhola,2017,26.41,25.65,27.058072614021675,27.247338471578008,26.953996628783415,26.821383,27.020766759760754,26.883224885033897,26.876640890429435
2021-01-01,Bhola,2020,26.63,24.57,25.707244600753317,25.49983356940963,25.622627372040142,25.814867,25.57095312664939,25.28000647893271,25.760223762839402
2021-02-01,Bhola,2020,29.51,27.79,29.250704286275283,28.862262399539503,29.326140225880756,29.6704,29.210808993903772,28.526815109472814,29.268866300598287
2021-03-01,Bhola,2020,33.82,32.21,32.50999752508688,32.45985929396628,32.56526693673865,32.290558,32.45775613265324,32.35113766873027,32.624243069253986
2021-04-01,Bhola,2020,35.13,32.88,33.93948177153659,33.769520359051896,33.988853416644055,33.398838,33.863174027748826,34.01083107586136,34.15069779490679
2021-05-01,Bhola,2020,34.36,33.49,34.08306269045185,33.59894837709454,34.192707593074026,32.620247,34.13992181490372,34.28786664632139,34.42540391865418
2021-06-01,Bhola,2020,31.87,32.33,32.84417942897647,32.67676765682026,32.97970563867835,31.957075,32.94766438738673,33.29850301019461,33.323544906704846
2021-07-01,Bhola,2020,32.09,32.43,31.44461790373759,31.44853789223942,31.561220934410386,31.03077,31.606808326153324,31.46277115288491,31.428326811359277
2021-08-01,Bhola,2020,32.69,31.76,31.989149413089155,31.742770522253387,32.132578966130474,31.546951,31.947163223306536,32.79690325533506,32.42903754654311
2021-09-01,Bhola,2020,32.82,33.0,32.4688957573576,32.315302936593696,32.550476554479694,32.20656,32.49112848729921,32.480814417659715,32.34227521627591
2021-10-01,Bhola,2020,33.5,33.01,32.40008820699169,32.243847555433256,32.35180593816326,31.948065,32.31038413302614,32.3535306388778,32.3092861883814
2021-11-01,Bhola,2020,30.25,30.61,30.665707604046037,29.950468735971135,30.66812909605014,30.661882,30.65765692574816,30.400395680760635,30.962704936782526
2021-12-01,Bhola,2020,26.68,26.41,26.929554273567085,27.146441122702093,27.04190632867012,27.26395,27.022109006724243,26.55577531110065,27.28676137356941
2022-01-01,Bhola,2020,25.14,26.63,25.8419716750317,26.890016962016425,25.983688804887446,26.878538,25.996881449692765,26.57499695732852,26.22598295190742
2022-02-01,Bhola,2020,27.52,29.51,28.9279675772099,29.72945814749461,29.082352622118254,29.224728,29.03030370824618,29.18072361293609,28.98600591298174
2022-03-01,Bhola,2020,33.42,33.82,32.02499751000766,31.65583991369339,32.067616564503595,31.7639,31.927891664198675,32.17069298117819,31.870197335502077
2022-04-01,Bhola,2020,33.69,35.13,33.76893706809217,32.880322217352514,33.87015551351192,33.280357,33.90412016402418,34.29047410560067,33.90264271031561
2022-05-01,Bhola,2020,33.37,34.36,33.67878251132364,33.52974703013982,33.715387537442794,32.903996,33.611801814109036,33.998977743756335,33.68169692340313
2022-06-01,Bhola,2020,32.74,31.87,32.4076237682893,32.41221925677833,32.503340031212495,32.226467,32.37555100812456,32.312149382705876,32.6764316180197
2022-07-01,Bhola,2020,33.11,32.09,31.61297805685084,31.563062484510485,31.699370756361063,31.34251,31.52579554248135,31.887008207119198,31.75658565080244
2022-08-01,Bhola,2020,32.96,32.69,32.33953992497036,31.917130917663627,32.392476737471554,31.458748,32.3929142415137,32.438599094134396,32.554326208531364
2022-09-01,Bhola,2020,33.04,32.82,32.65821246866032,32.53684806241149,32.694891409213554,31.756758,32.65572785952023,32.58529461827764,32.489840340407376
2022-10-01,Bhola,2020,32.72,33.5,32.59529367830594,32.5246894372419,32.5769566461485,32.209656,32.616346225105126,32.460715653583534,32.732927504305195
2022-11-01,Bhola,2020,31.19,30.25,30.481058950005963,30.225923888417103,30.524937731927647,30.363361,30.42021845134993,30.561293571676256,30.619889474087124
2022-12-01,Bhola,2020,27.95,26.68,27.107637303681038,27.36616212112386,27.056086652079717,27.490656,27.180657180757187,27.089833748131692,26.911206603902937
2023-01-01,Bhola,2020,26.41,25.14,26.169570966940732,26.433132045155702,26.164179976383195,26.99114,26.129389389735074,26.490976283528997,26.545882665957812
2023-02-01,Bhola,2020,29.91,27.52,29.255217107833584,28.786047147858238,29.305419276582118,29.184515,29.190345968009193,28.310991360161015,29.40323457669759
2023-03-01,Bhola,2020,32.33,33.42,32.861470384914384,32.25689991000097,32.927418134789676,32.389183,32.81511742474507,32.26456796232422,32.98366844515176
2023-04-01,Bhola,2020,35.42,33.69,33.71415495582638,33.42566559930678,33.85098453545774,33.322395,33.905015674315074,33.458052028168346,33.89637568605748
2023-05-01,Bhola,2020,34.39,33.37,34.07884942091443,33.94152455128989,34.20273405382375,32.459785,34.17172023005225,34.479426953168016,34.69656981307408
2023-06-01,Bhola,2020,33.48,32.74,32.81891588913879,33.07868360914871,32.957669292900135,32.043003,32.809875704819774,33.67118700260181,32.8987858799149
2023-07-01,Bhola,2020,33.47,33.11,32.033134485177584,32.10477609212363,32.082621586205946,31.881489,31.910077261321135,32.42196201623945,32.2340262258348
2023-08-01,Bhola,2020,32.15,32.96,32.574407682948376,32.086642456949676,32.71663641519807,32.032883,32.71316661053207,33.06981246833837,33.205047385101906
2023-09-01,Bhola,2020,33.0,33.04,32.54978860837792,32.46308501065994,32.659584172554815,32.026382,32.65239144039725,32.691090727514414,32.61928512312875
2023-10-01,Bhola,2020,32.8,32.72,32.56321921248542,32.37398643102197,32.66271597451553,32.40361,32.721196838213075,32.607979835587564,32.98617715599589
2023-11-01,Bhola,2020,31.05,31.19,30.551785165990026,30.43684815563263,30.649545163805424,30.796635,30.65341438593927,30.909607668562,30.499577965927536
2023-12-01,Bhola,2020,27.44,27.95,27.15093731995081,27.7602502984411,27.168464124992845,27.649956,27.27727484817957,27.523962651854468,27.021615195482532
2012-01-01,Mymensingh,2011,23.16,22.25,23.674163571537754,24.32637596965145,23.50497466825965,24.745867,23.53145585113885,22.97319770984925,23.292394243481855
2012-02-01,Mymensingh,2011,27.4,27.32,26.789861211075,27.246816389780438,26.74618480154798,27.057568,26.72212953258913,27.519326074860285,26.736837069019266
2012-03-01,Mymensingh,2011,31.37,29.96,30.5837037216044,30.944168561615722,30.665161722507644,30.660902,30.423778424701744,31.37761567598207,30.7028031153383
2012-04-01,Mymensingh,2011,31.09,31.94,31.971324053814318,32.33160997872372,31.92602923366245,32.20585,31.824443725159075,33.009370750104615,31.958562320123974
2012-05-01,Mymensingh,2011,33.43,31.71,31.756894144906124,31.8034067386866,31.729325968317003,31.527267,31.74026495565327,31.865431672283325,31.966740091774376
2012-06-01,Mymensingh,2011,31.4,32.1,31.95645259786567,31.345784692827156,31.923022880413914,31.407202,31.928682941013783,32.047262856524846,32.28421117179158
2012-07-01,Mymensingh,2011,31.55,31.69,31.150361377526753,30.997555938353663,31.201697536603326,31.345663,31.19790122263574,31.109844710914324,30.76952568001494
2012-08-01,Mymensingh,2011,32.15,31.32,31.93373550141156,31.814131602955342,31.971364171739022,31.74133,31.870016698184614,32.439681560133685,32.18444617310378
2012-09-01,Mymensingh,2011,32.01,32.2,31.538567831400275,31.52271064889467,31.44664378867969,31.51822,31.567263021725655,31.644337025494384,31.521907746760284
2012-10-01,Mymensingh,2011,31.71,32.35,31.654653170564327,31.43260838197601,31.760370636603295,31.423563,31.685419504949007,31.7735455295867,31.406312372139112
2012-11-01,Mymensingh,2011,28.37,28.72,29.33471359213902,28.954788255508923,29.310122286267276,29.329824,29.317430051919953,28.51803509820183,29.228571599983884
2012-12-01,Mymensingh,2011,22.89,24.51,25.889651068269576,25.64185412273047,25.875207363183147,25.795273,25.998981379687155,24.740840466132106,25.702368243388243
2013-01-01,Mymensingh,2011,23.85,23.16,22.867752796051118,24.7358362849343,22.79981767412394,24.15886,22.759594580170724,23.64047248891737,23.23139975248837
2013-02-01,Mymensingh,2011,28.33,27.4,27.289297225440826,28.166431894482155,27.32722241066572,26.917063,27.23765190180668,28.39282678868334,27.19760563126855
2013-03-01,Mymensingh,2011,31.83,31.37,30.49298017830375,31.04393566148672,30.55871055615701,30.595076,30.318753953881295,30.942854722919208,30.525491093696722
2013-04-01,Mymensingh,2011,32.48,31.09,32.409251770282026,32.298289586241765,32.429381565317044,32.14049,32.48280542930388,33.47106980929916,32.41543714798377
2013-05-01,Mymensingh,2011,30.5,33.43,31.868231838865402,31.54322603236587,31.853419560704676,30.94506,31.703522494359138,31.609207783384758,32.38804215595383
2013-06-01,Mymensingh,2011,33.06,31.4,31.40192338969347,31.098584384927573,31.391458732469555,31.142006,31.484600977560252,31.829539939475705,31.690840237634692
2013-07-01,Mymensingh,2011,32.29,31.55,31.574206228947837,31.392115792100803,31.73413174511408,31.348372,31.509012821710307,32.00876946884316,31.719025871899767
2013-08-01,Mymensingh,2011,31.7,32.15,32.028196289752024,31.5577280704386,32.122215335853994,31.621758,31.99384380838682,32.66799267465848,32.42696220030555
2013-09-01,Mymensingh,2011,32.39,32.01,31.557202638263494,31.439653200185656,31.676874775754474,31.382061,31.56537858782956,32.47113883250319,31.359215154548387
2013-10-01,Mymensingh,2011,30.49,31.71,31.792183957584815,30.991748058668563,31.76217802877916,31.150368,31.745858646520094,31.256875392196246,31.72293767785714
2013-11-01,Mymensingh,2011,29.6,28.37,28.89632631497695,28.419106800177737,28.949720321677205,28.813763,28.67170670287921,27.71498308439208,28.882019808794155
2013-12-01,Mymensingh,2011,25.07,22.89,26.13323772736215,25.85936490518091,26.17392850201386,26.398186,26.21641065962934,25.19211761708433,26.730350255283806
2014-01-01,Mymensingh,2011,24.28,23.85,23.339391909643407,24.508260000471044,23.437397925920926,24.352676,23.32485897104382,23.992353658013762,23.333151965094753
2014-02-01,Mymensingh,2011,25.6,28.33,27.54554027250904,28.17047046895442,27.630470832386383,27.683125,27.558038764884056,27.452458545565307,27.454443777776277
2014-03-01,Mymensingh,2011,30.59,31.83,29.767886222991812,30.753749541255804,29.84385450910225,31.095266,29.66027657845961,30.736694518790028,30.024499023779608
2014-04-01,Mymensingh,2011,33.54,32.48,32.130320153301184,32.037909698757566,32.15023643637584,32.28039,32.07810512102169,32.00152750255907,32.299897504065285
2014-05-01,Mymensingh,2011,33.17,30.5,32.11255472653393,32.053532760072024,32.138388468149266,32.198788,32.35545290761475,32.60296117826054,32.67024446833925
2014-06-01,Mymensingh,2011,32.33,33.06,32.23116351082215,31.315788117517304,32.26672239056689,31.396774,32.22994744568357,31.726573527920934,32.58973333235375
2014-07-01,Mymensingh,2011,32.46,32.29,31.221206296111763,31.34873453130173,31.25504854334625,31.471277,31.304803911472977,31.597470126728684,31.282360018521093
2014-08-01,Mymensingh,2011,31.72,31.7,32.385641242699634,31.780983047966615,32.372556607505565,31.49393,32.50269729955674,32.15078402244608,33.02574957865126
2014-09-01,Mymensingh,2011,31.94,32.39,31.293069879365383,31.867552095842075,31.501448738675307,31.527374,31.40515296424669,31.762130139141348,30.97230253157879
2014-10-01,Mymensingh,2011,31.77,30.49,31.953941697306163,31.372330661661135,31.949139190278725,31.278204,31.95373076950682,31.647020465387214,31.81741737262338
2014-11-01,Mymensingh,2011,29.9,29.6,28.901695336089734,29.735419409343567,28.989896587512632,29.665043,28.779061387167577,29.893348032571016,28.719553376365564
2014-12-01,Mymensingh,2011,24.69,25.07,26.176900769356617,26.420187187379504,26.202220555990593,26.089334,26.1470690227635,26.26910491787826,26.440831106184138
2015-01-01,Mymensingh,2014,24.23,24.28,23.42537750115859,24.051490020979305,23.482068799879876,24.268064,23.18887263348567,23.429041753430393,23.620282296727723
2015-02-01,Mymensingh,2014,26.83,25.6,27.53361067235578,26.97763073892511,27.555629533781982,26.857283,27.47059356480945,26.374714244919687,27.227359939028396
2015-03-01,Mymensingh,2014,30.57,30.59,30.35426966686735,30.780836083638345,30.4464927271282,30.632336,30.083697809176538,31.259694148214148,30.433719042486917
2015-04-01,Mymensingh,2014,30.57,33.54,32.031940201912626,32.18107615552061,32.116507567579134,32.61964,32.045538673792585,32.5253836890885,32.039883058057534
2015-05-01,Mymensingh,2014,32.17,33.17,31.416617957334946,31.84860892919894,31.33259701888492,31.088037,31.456359682064484,31.69815682581558,31.382498926756345
2015-06-01,Mymensingh,2014,31.57,32.33,32.02670435553769,31.460489377506725,32.02181777018889,31.231728,32.026135208014196,32.12856802140532,31.928568707323265
2015-07-01,Mymensingh,2014,31.93,32.46,31.196348169841265,31.307762015971523,31.180746440215554,31.236567,31.2740319911618,31.247337547031453,31.236719829861244
2015-08-01,Mymensingh,2014,31.77,31.72,32.096435842139535,31.852815571229605,32.050989712496516,31.593231,32.07742536164623,31.811852737458302,31.953521650639654
2015-09-01,Mymensingh,2014,32.44,31.94,31.53452925955067,31.631452978857972,31.50797404947024,31.348938,31.18685739313374,31.866024965522975,31.656556325303
2015-10-01,Mymensingh,2014,32.45,31.77,31.83847918002249,31.642521419317205,31.776477563795883,31.530935,31.82034140838624,31.733888167161382,31.613794682826256
2015-11-01,Mymensingh,2014,29.95,29.9,29.29984952440567,29.682805405682036,29.360805704085998,29.698734,29.545374348071288,29.886582504094115,29.462627119809955
2015-12-01,Mymensingh,2014,25.34,24.69,25.873477715279208,26.12799762763139,25.79463345143224,26.256088,25.827434669460402,26.169007643970666,25.621327817996512
2016-01-01,Mymensingh,2014,23.74,24.23,23.6022800245516,23.8691063773082,23.53089596522694,24.2916,23.3768970259659,23.70505001396478,23.489346061741585
2016-02-01,Mymensingh,2014,27.84,26.83,27.274506914797666,26.720515205790512,27.14624525735501,26.722301,27.34532223958099,26.115528065284018,26.973516305070923
2016-03-01,Mymensingh,2014,31.08,30.57,30.644728718439897,30.862828810622986,30.694774073675614,30.935707,30.508343843857606,30.88068124525862,30.728255239806074
2016-04-01,Mymensingh,2014,32.47,30.57,32.23572812790315,32.51182626712097,32.22862526576959,31.821514,32.0808659624521,32.316686074552884,32.270175322658865
2016-05-01,Mymensingh,2014,32.04,32.17,32.04364284014102,32.17381004033959,32.00091029418334,31.374456,32.08880924319621,31.870611207346645,31.891694826838105
2016-06-01,Mymensingh,2014,32.74,31.57,31.920040950331526,31.447140905166947,31.831123094084443,31.81168,31.908999757062332,32.0230491622907,32.076402519994794
2016-07-01,Mymensingh,2014,31.7,31.93,31.716294412233985,31.628858046124737,31.820791599723723,31.827208,31.58147131345526,31.495164178949327,31.818443717873905
2016-08-01,Mymensingh,2014,33.23,31.77,31.84638782864059,31.845246775832383,31.759490933566386,31.87909,31.59924536471809,32.0373686097407,31.74490031570034
2016-09-01,Mymensingh,2014,32.04,32.44,32.13486649288567,31.96963190932968,32.230478121248105,31.771458,32.21742255433234,32.7231844666012,32.34723411647676
2016-10-01,Mymensingh,2014,32.42,32.45,31.550420098558508,31.74006083444853,31.509943395172833,31.550991,31.385950275317274,31.778257663131242,31.380666891547275
2016-11-01,Mymensingh,2014,29.52,29.95,29.608985062855115,29.70402125291933,29.668982967389972,29.83433,29.6932525971707,29.638563923322337,29.580616346137095
2016-12-01,Mymensingh,2014,27.57,25.34,25.4139427904267,25.935144358146665,25.348249668511126,26.000185,25.350770718254534,25.588146363180808,25.175121183795056
2017-01-01,Mymensingh,2014,25.93,23.74,24.48658279812882,24.375905130886462,24.58842304343784,25.577787,24.636948895817493,24.35097205079675,24.729696185864906
2017-02-01,Mymensingh,2014,28.3,27.84,27.51197059835706,27.17614870100007,27.603830688735336,27.547071,27.28575507189546,26.90740284633661,27.718508589879725
2017-03-01,Mymensingh,2014,28.06,31.08,31.06152647719921,31.020579958595828,31.15428972146527,31.561241,31.340768784146917,30.233628521054438,31.423207865393564
2017-04-01,Mymensingh,2014,30.39,32.47,31.09883318045852,31.44691085203198,31.164268676989522,31.499985,31.14099347913382,31.03607825408268,31.230497668520822
2017-05-01,Mymensingh,2014,32.72,32.04,31.864682039812045,32.020961680680294,31.904556436488928,31.725819,32.144027701213794,31.609376459241435,32.02368945052171
2017-06-01,Mymensingh,2014,31.89,32.74,31.772563477518034,31.612864673156448,31.936086682321186,31.159796,31.68296546256728,32.078688125818246,32.50840619113792
2017-07-01,Mymensingh,2014,31.65,31.7,31.756713423021587,31.366053725352284,31.802821730780067,31.49739,31.694764479138406,31.003111151569215,31.746722780055542
2017-08-01,Mymensingh,2014,32.15,33.23,31.67603108606725,31.674969460323524,31.814984416898948,31.557383,31.646225906381897,31.298597105911565,31.633444302218784
2017-09-01,Mymensingh,2014,32.39,32.04,32.06011585510983,31.71981681921836,32.125450497539575,31.568388,31.956871639859813,31.665724460966665,32.41109878241154
2017-10-01,Mymensingh,2014,31.48,32.42,31.608773420125946,31.777776108914743,31.797480167698442,31.477345,31.712294536203846,30.893601208636895,32.053438669958204
2017-11-01,Mymensingh,2014,29.88,29.52,29.46894881182817,29.779275365608395,29.481357160212177,29.865469,29.16917806917337,29.192352928424825,29.483703122147414
2017-12-01,Mymensingh,2014,26.82,27.57,25.498474662212292,27.521898235925317,25.66478084488273,26.545069,25.507028599289814,27.98281429161145,25.628782118616158
2018-01-01,Mymensingh,2017,22.75,25.93,24.27569972548464,24.963386120583447,24.27114282162792,24.687107,24.31748672772029,25.093671006684957,24.213157600178114
2018-02-01,Mymensingh,2017,27.3,28.3,26.86700710742905,26.60612847633032,26.96022361392404,27.197151,26.79722859054043,26.439162065037124,26.79971713975726
2018-03-01,Mymensingh,2017,31.11,28.06,30.73140464362544,30.11373090954186,30.738982468762142,29.850107,30.67000006151241,30.459595106354843,30.81668510693939
2018-04-01,Mymensingh,2017,30.41,30.39,32.00756171718923,32.35600901608619,32.11225358777656,32.246246,31.967420689768474,32.712784678621986,31.8228582704117
2018-05-01,Mymensingh,2017,30.54,32.72,31.70431032665913,31.95482974192085,31.791949103422485,31.183178,31.67834513337259,31.64452087905646,31.68859494027683
2018-06-01,Mymensingh,2017,32.37,31.89,31.49149588266425,31.25877365642119,31.349341196464586,31.761433,31.449087893162297,31.40346266258851,31.276952811965227
2018-07-01,Mymensingh,2017,32.45,31.65,31.767818342143094,31.30259955652032,31.810028185680583,31.2436,31.746673912921345,31.65256190667492,31.972007529508275
2018-08-01,Mymensingh,2017,32.75,32.15,32.110994641104334,31.93405984816818,32.163390780808676,31.442886,32.085029447817796,32.31940074452169,31.965928501527696
2018-09-01,Mymensingh,2017,32.71,32.39,32.10616372877232,31.458775090838568,31.978804648543875,31.552477,32.09864054180182,31.64225366518992,31.815355641571962
2018-10-01,Mymensingh,2017,30.9,31.48,31.85828046003126,31.76966761953248,31.944797108269594,31.427362,31.83713603080951,32.30009985102411,32.006434556782466
2018-11-01,Mymensingh,2017,29.31,29.88,29.252729571139376,29.52907141346108,29.301276484045673,29.481583,29.231585141917627,29.493248357610334,29.377406021557846
2018-12-01,Mymensingh,2017,25.96,26.82,25.67172021306396,26.601883349151805,25.74752197309291,26.444134,25.629312223562007,25.818026303565425,25.65255946907101
2019-01-01,Mymensingh,2017,26.28,22.75,24.168139090278654,24.29673069976602,24.258665119030802,24.962694,24.1257311007767,23.964786512494577,24.626802862333935
2019-02-01,Mymensingh,2017,27.03,27.3,27.840208175902866,27.998888950031958,27.89210938218436,28.16785,27.83734664724549,27.66549689020195,27.76283056944976
2019-03-01,Mymensingh,2017,29.85,31.11,30.369947671863873,30.67755582954949,30.41178941661151,30.706148,30.300169154975254,30.475007460194867,30.323393492344863
2019-04-01,Mymensingh,2017,31.69,30.41,31.60786219952473,32.045161293981465,31.57942802407389,32.043564,31.567721172103973,31.619075858575478,31.64127016528272
2019-05-01,Mymensingh,2017,32.45,30.54,32.11389940749974,32.25292946683707,32.1733245852373,32.053555,32.16364991810293,32.60284678625427,32.18294156787403
2019-06-01,Mymensingh,2017,32.35,32.37,31.96288356266397,31.874377603655493,32.10612614059665,31.785648,31.93691836937743,31.923387997857663,32.11329043326284
2019-07-01,Mymensingh,2017,32.51,32.45,31.763119876629435,31.80085793484828,31.772769414317676,31.40031,31.737154683342897,31.679465739715233,31.735540725327255
2019-08-01,Mymensingh,2017,33.58,32.75,32.16370430257524,31.95902743925297,32.145269790582,31.3647,32.1377391092887,31.957541524421387,32.427647576971445
2019-09-01,Mymensingh,2017,32.42,32.71,32.36424828516635,32.19923464900193,32.46389620247964,32.109653,32.29173366921338,32.36058032140934,32.31593907173467
2019-10-01,Mymensingh,2017,31.16,30.9,31.737453568154024,31.539467269305938,31.70427527249284,31.374619,31.69504557865207,31.49117583083259,31.500512881186822
2019-11-01,Mymensingh,2017,30.03,29.31,29.369765775960403,29.516485478268706,29.431438736959233,29.547312,29.32735778645845,29.59190401306379,29.372452893571165
2019-12-01,Mymensingh,2017,24.48,25.96,25.946534261725176,26.448142128727255,25.94273617297072,26.736738,25.963782760001052,26.596306443804835,25.923124905482773
2020-01-01,Mymensingh,2017,23.46,26.28,23.66427161534833,24.58719979518175,23.85574331575206,24.998734,23.656053571864536,23.81754159576849,23.787894965975624
2020-02-01,Mymensingh,2017,26.39,27.03,27.156529121391884,27.346178970981736,27.061934415281815,27.092861,27.129314480640403,27.055962493582495,27.044674261054386
2020-03-01,Mymensingh,2017,30.31,29.85,30.274534983889744,30.517531055813286,30.33197954966632,30.607946,30.234393956468985,30.56430240701677,30.034300477088323
2020-04-01,Mymensingh,2017,31.46,31.69,31.585735973965235,32.112664153053956,31.644190486356212,32.78834,31.540774182479687,32.441094487780234,31.654445495128304
2020-05-01,Mymensingh,2017,32.01,32.45,31.94270097688385,32.070721076364336,31.89916811386461,32.001415,31.969184408342322,32.24025620577153,31.99493961052645
2020-06-01,Mymensingh,2017,32.61,32.35,31.938706324131967,31.589960166667638,31.92400034620783,31.545395,31.91274113084543,32.23514012304256,32.04402482482875
2020-07-01,Mymensingh,2017,32.06,32.51,31.902622269010987,31.515492580564164,31.86852846262587,31.422586,31.87665707572445,31.865697790473007,31.879606325463364
2020-08-01,Mymensingh,2017,33.08,33.58,32.1175786165733,31.848175330962412,32.059136065863356,31.286758,32.09161342328676,32.12526968290308,31.905960319742636
2020-09-01,Mymensingh,2017,32.16,32.42,32.292556538839186,31.905629392828615,32.36242823309614,31.779991,32.310498790476764,32.49137182461672,32.269674767668164
2020-10-01,Mymensingh,2017,32.87,31.16,31.582859411557795,31.798360690828382,31.49152473868893,31.532969,31.540451422055842,32.20100329165591,31.350169789252778
2020-11-01,Mymensingh,2017,30.12,30.03,29.81873867630236,29.94706091922718,29.90973486224224,29.895626,29.80249097912781,30.636490384244375,29.769618637615306
2020-12-01,Mymensingh,2017,24.78,24.48,25.95110327294491,26.29299986205099,25.905919980300848,25.812807,25.908695283442956,26.171959931471434,25.67000809940205
2021-01-01,Mymensingh,2020,23.69,23.46,23.96506096552204,23.830589244616412,23.885362953220714,24.806526,23.994054460330712,22.891276739840812,23.73791134195442
2021-02-01,Mymensingh,2020,28.38,26.39,27.149594588534775,26.773732320448293,26.965019192954156,27.23045,27.09952909346098,26.510341884950844,26.916570029044205
2021-03-01,Mymensingh,2020,31.84,30.31,30.7205650635528,30.985736154279166,30.834062940805982,31.366722,30.748878029780332,31.083155417285848,30.576938295337815
2021-04-01,Mymensingh,2020,33.71,31.46,31.956408204716528,32.183256523415174,32.09028133426645,32.46686,32.007833747398934,32.62872159211464,32.07721854043306
2021-05-01,Mymensingh,2020,33.1,32.01,32.56127964129116,32.13027742707572,32.59686217301953,32.193695,32.57439112180288,32.35877583402718,32.85690101867447
2021-06-01,Mymensingh,2020,32.1,32.61,32.25078062131504,31.84085907457914,32.33375532585524,31.564182,32.24049618817369,32.68153260589506,32.49621971513423
2021-07-01,Mymensingh,2020,32.55,32.06,31.860334798218425,31.663712213882725,31.917415237366594,32.044952,31.82784021225732,31.48362512737504,31.950916219640234
2021-08-01,Mymensingh,2020,32.18,33.08,32.41231461892459,32.07986270548743,32.63557586121372,31.79967,32.386017768630715,33.177543353166904,32.62629564783225
2021-09-01,Mymensingh,2020,33.65,32.16,32.07661304415102,32.03856177890466,32.26336806884265,31.769848,32.044118458189914,32.66930260519262,32.30981052767829
2021-10-01,Mymensingh,2020,33.11,32.87,31.945970319264337,31.811688294555346,32.01066974651954,31.941042,31.958711735025748,32.27256631170121,31.844638549590137
2021-11-01,Mymensingh,2020,29.83,30.12,29.92107682244284,29.729629949808473,29.915406264636932,29.959023,29.93291580991251,29.94885687437082,29.96970676609946
2021-12-01,Mymensingh,2020,26.23,24.78,25.712862906359653,26.02373768457365,25.686988260646967,25.984495,25.688185748957615,25.50789620887975,25.887680058449725
2022-01-01,Mymensingh,2020,24.23,23.69,24.2915724645944,24.41236653410467,24.208333074459674,24.759129,24.32856638167218,23.9815413089206,24.227063323414406
2022-02-01,Mymensingh,2020,25.03,28.38,27.205608011980914,27.4496832424813,27.350724504926866,27.585028,27.13333237340059,26.986381144614285,27.110769264854035
2022-03-01,Mymensingh,2020,32.04,31.84,29.89584457739121,30.23741796636343,29.899378485818318,30.487076,29.892234672837468,30.57655728065178,29.839615118079127
2022-04-01,Mymensingh,2020,32.03,33.71,32.06822626282063,31.997711631539524,32.09507895773267,32.271767,32.05822516501483,32.91011669630274,32.018688096967416
2022-05-01,Mymensingh,2020,31.89,33.1,32.12096511522202,32.09134034825056,32.26256130093675,32.585026,32.111583109441085,32.54926760128986,31.845097724416856
2022-06-01,Mymensingh,2020,31.02,32.1,32.03558597458951,31.699992523156702,32.12901966821856,31.961943,32.026203968808574,31.745252552450268,32.19746114237964
2022-07-01,Mymensingh,2020,33.22,32.55,31.610745444723698,31.472895227510577,31.637350338093587,31.411993,31.656450595536562,31.535603166269766,31.6490827677325
2022-08-01,Mymensingh,2020,33.36,32.18,32.672616741183425,32.21123934897616,32.80504544940613,32.01365,32.673993021744515,32.53177967688263,33.10678360687488
2022-09-01,Mymensingh,2020,32.38,33.65,32.3623238971764,31.919406866094867,32.55698233769624,31.563793,32.35294189139547,32.4744769151023,32.405280386572116
2022-10-01,Mymensingh,2020,31.98,33.11,31.757423459598613,31.827455218859168,31.90023921171032,31.50268,31.748041453817677,31.857912725719377,31.827786070523373
2022-11-01,Mymensingh,2020,30.43,29.83,29.684008818918006,29.791329781799657,29.698034643978318,29.439123,29.640424557828442,30.60908826235903,29.592406727348894
2022-12-01,Mymensingh,2020,26.41,26.23,25.780313953924487,26.63608591548177,25.87132301013056,27.049906,25.747819367963384,25.963957024390655,25.794613427497193
2023-01-01,Mymensingh,2020,24.36,24.23,24.299513901677983,24.556708038828944,24.48888331763661,24.911423,24.319796159026282,23.97857062220824,24.777295949173574
2023-02-01,Mymensingh,2020,27.86,25.03,27.345101586599768,26.611000500370665,27.419647653885335,27.194,27.272825948019445,26.31206090495181,27.347268099347737
2023-03-01,Mymensingh,2020,29.83,32.04,30.745647431465137,30.82407089544789,30.68811468739192,31.803179,30.695581936391342,30.35434015495554,30.58804932763168
2023-04-01,Mymensingh,2020,34.07,32.03,31.641094637390992,31.727282899597828,31.667334340221338,31.807846,31.591029142317197,31.871529764473777,31.648771100216372
2023-05-01,Mymensingh,2020,33.45,31.89,32.739677748711884,32.35258613800262,32.9243505970828,32.46746,32.729676650906086,32.272835928566174,33.080129270911385
2023-06-01,Mymensingh,2020,32.83,31.02,32.35060989729525,31.98632890823425,32.488198250681634,31.998825,32.302820163438334,32.716621441721315,32.42176452527551
2023-07-01,Mymensingh,2020,33.57,33.22,32.14566583582109,31.988776443304626,32.29779226766264,31.670116,32.136283830040156,31.864936529145186,32.442311009899306
2023-08-01,Mymensingh,2020,32.65,33.36,32.716440011007734,32.10765497051142,32.70156603680666,32.06207,32.77555734683389,32.69271761403509,33.01608058643512
2023-09-01,Mymensingh,2020,33.47,32.38,32.34541912405025,32.16742567754167,32.501262121334925,31.734789,32.31292453808915,32.85323654635586,32.476412105451075
2023-10-01,Mymensingh,2020,31.56,31.98,32.15043122721477,31.89754722841122,32.28929822020382,32.070732,32.16227021468444,32.323314219924,32.44187290053082
2023-11-01,Mymensingh,2020,30.66,30.43,29.554327848598582,29.88664364350615,29.69183977202173,29.872236,29.600032999411447,29.566414839684178,29.41545163439868
2023-12-01,Mymensingh,2020,26.42,26.41,25.9215078959054,26.933590374636083,25.98367060495744,27.144258,25.90984695775422,26.491723548008164,25.88300449612283
