date,station,origin,actual,LSTM,SARIMA+LSTM
2012-01-01,Dhaka,2011,24.05,23.77792080461979,24.3167108666058
2012-02-01,Dhaka,2011,28.51,28.28010397791863,28.220785254442244
2012-03-01,Dhaka,2011,33.0,32.20664366900921,32.34583232980855
2012-04-01,Dhaka,2011,33.51,34.13519437611103,33.9872673121953
2012-05-01,Dhaka,2011,34.63,33.380517454743384,33.63974540042362
2012-06-01,Dhaka,2011,33.2,32.28037964046001,32.65291301715843
2012-07-01,Dhaka,2011,32.56,31.7803755825758,31.98166734458584
2012-08-01,Dhaka,2011,32.55,31.70770986437797,32.18460829082919
2012-09-01,Dhaka,2011,32.91,31.860322359204297,32.2504809185038
2012-10-01,Dhaka,2011,32.34,31.48319461286068,31.928358100204864
2012-11-01,Dhaka,2011,28.74,29.285778553485876,29.805467536780583
2012-12-01,Dhaka,2011,23.96,26.007228918373585,26.41282693043762
2013-01-01,Dhaka,2011,24.23,24.598063159585,24.87354086898712
2013-02-01,Dhaka,2011,28.91,28.682412965893747,28.609625819167206
2013-03-01,Dhaka,2011,33.39,32.44643395423889,32.670422902112016
2013-04-01,Dhaka,2011,34.22,34.04065738737583,34.24351195672983
2013-05-01,Dhaka,2011,31.73,33.14497833132744,33.84569473721543
2013-06-01,Dhaka,2011,33.7,32.16000643968582,32.83340312697207
2013-07-01,Dhaka,2011,32.68,31.805715737938883,32.14829078462234
2013-08-01,Dhaka,2011,32.04,31.867124042510987,32.348541277049144
2013-09-01,Dhaka,2011,32.63,31.91120636045933,32.37100863499912
2013-10-01,Dhaka,2011,31.51,31.373656519055366,32.05810398230723
2013-11-01,Dhaka,2011,30.18,29.312001075148583,29.949789885331136
2013-12-01,Dhaka,2011,26.25,26.33508682310581,26.539361927001515
2014-01-01,Dhaka,2011,24.29,25.17598740503192,24.954332995994164
2014-02-01,Dhaka,2011,27.17,29.033562707006933,28.689708096425235
2014-03-01,Dhaka,2011,32.4,32.59079522669315,32.749337649736546
2014-04-01,Dhaka,2011,36.44,33.952751754522325,34.319643282402176
2014-05-01,Dhaka,2011,35.18,33.064157090187074,33.918743965926126
2014-06-01,Dhaka,2011,33.23,32.16394679784775,32.903314760607245
2014-07-01,Dhaka,2011,32.87,31.836600314378742,32.21485071239834
2014-08-01,Dhaka,2011,32.16,31.8976460146904,32.4115961369603
2014-09-01,Dhaka,2011,32.86,31.91459534943104,32.43037129431542
2014-10-01,Dhaka,2011,32.2,31.346655232310297,32.11476976591605
2014-11-01,Dhaka,2011,30.22,29.34340102374554,30.00338757858917
2014-12-01,Dhaka,2011,24.52,26.51333096146584,26.589538032973422
2015-01-01,Dhaka,2014,24.77,24.21637432575226,24.21261232110064
2015-02-01,Dhaka,2014,28.42,27.85727668106556,28.196928072627696
2015-03-01,Dhaka,2014,32.11,32.93952570378781,32.52291062810652
2015-04-01,Dhaka,2014,32.82,35.634720150828365,34.22205500361343
2015-05-01,Dhaka,2014,34.07,35.01262118041515,33.66487586015276
2015-06-01,Dhaka,2014,32.75,33.56574589550495,32.76943850543242
2015-07-01,Dhaka,2014,31.73,32.94789281904698,32.11102925275012
2015-08-01,Dhaka,2014,32.62,32.89261191189289,32.13305769153009
2015-09-01,Dhaka,2014,32.86,32.98080025315285,32.301021558852625
2015-10-01,Dhaka,2014,32.39,32.22067373216152,31.85627707322808
2015-11-01,Dhaka,2014,30.23,29.778762311935427,29.70270497297824
2015-12-01,Dhaka,2014,25.94,26.209758762419227,25.910354075936453
2016-01-01,Dhaka,2014,24.87,24.929159699827437,24.55125239603681
2016-02-01,Dhaka,2014,29.8,27.89525223404169,28.387344586056667
2016-03-01,Dhaka,2014,33.11,32.42780768454075,32.60456905574674
2016-04-01,Dhaka,2014,35.14,35.06586518228055,34.26810847284072
2016-05-01,Dhaka,2014,33.68,34.99779479265213,33.747369631327494
2016-06-01,Dhaka,2014,33.93,33.817449442744255,32.849609489326575
2016-07-01,Dhaka,2014,32.23,33.071874502897266,32.16727060821622
2016-08-01,Dhaka,2014,33.28,32.967052020430565,32.1897192512762
2016-09-01,Dhaka,2014,32.87,33.07604401290417,32.34136724399283
2016-10-01,Dhaka,2014,33.07,32.47121132671833,31.90460093385735
2016-11-01,Dhaka,2014,29.6,30.37197234630585,29.750065536451885
2016-12-01,Dhaka,2014,27.76,27.416780108809476,25.96312119538233
2017-01-01,Dhaka,2014,26.37,25.68189782977104,24.55902507246332
2017-02-01,Dhaka,2014,29.57,27.46295201063156,28.40172860134055
2017-03-01,Dhaka,2014,30.48,31.38651887357235,32.623527899773
2017-04-01,Dhaka,2014,32.79,34.260672131776815,34.2905919421923
2017-05-01,Dhaka,2014,34.5,34.84254134476185,33.7718224527531
2017-06-01,Dhaka,2014,33.04,33.97175028622151,32.87374244236152
2017-07-01,Dhaka,2014,31.98,33.11426408231259,32.1905302292298
2017-08-01,Dhaka,2014,32.59,32.80928580403328,32.21239344154764
2017-09-01,Dhaka,2014,33.08,32.877361461520195,32.363272804674466
2017-10-01,Dhaka,2014,31.99,32.51693107068539,31.926065553322125
2017-11-01,Dhaka,2014,30.19,30.8989557415247,29.77084738980135
2017-12-01,Dhaka,2014,26.76,28.298975203037266,25.98326605668076
2018-01-01,Dhaka,2017,23.6,25.764298550486565,25.112420768183476
2018-02-01,Dhaka,2017,29.22,28.77671026706696,28.85158386447266
2018-03-01,Dhaka,2017,33.32,32.250891924500465,32.658481883700865
2018-04-01,Dhaka,2017,33.03,33.77148562133313,34.36896931224179
2018-05-01,Dhaka,2017,32.33,33.60510996818543,34.08143124848221
2018-06-01,Dhaka,2017,33.54,32.75853613317013,33.14684241788602
2018-07-01,Dhaka,2017,32.79,32.10016795694828,32.32421575509649
2018-08-01,Dhaka,2017,33.8,32.0089655226469,32.54872498315738
2018-09-01,Dhaka,2017,34.13,32.10860794425011,32.67188564198525
2018-10-01,Dhaka,2017,31.99,31.62319322049618,32.22240078060165
2018-11-01,Dhaka,2017,30.29,29.74160547196865,30.01141938424316
2018-12-01,Dhaka,2017,26.14,26.85650604277849,26.39556679292448
2019-01-01,Dhaka,2017,27.17,25.812434485554697,25.02384550586241
2019-02-01,Dhaka,2017,28.35,29.16365817964077,28.826097566942583
2019-03-01,Dhaka,2017,31.51,32.69362997055054,32.65671796001871
2019-04-01,Dhaka,2017,33.68,33.80248872458935,34.31231678973133
2019-05-01,Dhaka,2017,34.59,33.32197749912739,34.01691912702061
2019-06-01,Dhaka,2017,33.58,32.51698374927044,33.12470343326036
2019-07-01,Dhaka,2017,32.97,32.01451960146427,32.30627612672593
2019-08-01,Dhaka,2017,33.75,31.948297352194786,32.52757741068152
2019-09-01,Dhaka,2017,33.34,31.95880672991276,32.65922333617035
2019-10-01,Dhaka,2017,32.06,31.378699615597725,32.22292583873465
2019-11-01,Dhaka,2017,30.32,29.38680115401745,30.003132495319512
2019-12-01,Dhaka,2017,24.76,26.66370725035668,26.39466619913251
2020-01-01,Dhaka,2017,24.02,26.06514814466238,25.03150571020669
2020-02-01,Dhaka,2017,27.45,29.654461044669155,28.832058326146512
2020-03-01,Dhaka,2017,32.29,32.94431418716908,32.661413167232816
2020-04-01,Dhaka,2017,33.83,33.74895235657692,34.31646512828129
2020-05-01,Dhaka,2017,33.39,33.14977296054364,34.02254925301393
2020-06-01,Dhaka,2017,33.38,32.37594210565091,33.132178270883145
2020-07-01,Dhaka,2017,33.02,31.957937533259397,32.314624652033785
2020-08-01,Dhaka,2017,32.94,31.934270800948145,32.53680149741001
2020-09-01,Dhaka,2017,33.54,31.89838263690472,32.66943844802849
2020-10-01,Dhaka,2017,33.16,31.18573269069195,32.2339239267247
2020-11-01,Dhaka,2017,30.77,29.057272460162643,30.014613361065084
2020-12-01,Dhaka,2017,25.97,26.455895500183107,26.40686763885613
2021-01-01,Dhaka,2020,25.58,23.366867610514166,25.095602240205583
2021-02-01,Dhaka,2020,29.53,26.641196812987328,28.825220299317547
2021-03-01,Dhaka,2020,34.47,31.273616374135017,32.71760684083203
2021-04-01,Dhaka,2020,36.13,34.22833099246025,34.2598785707396
2021-05-01,Dhaka,2020,34.97,34.492518486380575,34.02477984725415
2021-06-01,Dhaka,2020,32.5,33.57489177584648,33.35420647477047
2021-07-01,Dhaka,2020,32.84,32.770224633216856,32.577941908319
2021-08-01,Dhaka,2020,33.23,32.549434635639194,32.856902514775406
2021-09-01,Dhaka,2020,33.89,32.74161489367485,33.00232529458103
2021-10-01,Dhaka,2020,33.53,32.59461442410946,32.36496100566478
2021-11-01,Dhaka,2020,30.0,30.70689664423466,30.186178827385977
2021-12-01,Dhaka,2020,26.51,27.086236035227778,26.27153356361869
2022-01-01,Dhaka,2020,25.15,23.81632217615843,25.079082384628045
2022-02-01,Dhaka,2020,27.15,26.231596230864525,28.78752715358108
2022-03-01,Dhaka,2020,33.92,30.878232864141467,32.65793414581706
2022-04-01,Dhaka,2020,34.1,34.051859488487246,34.20889772302394
2022-05-01,Dhaka,2020,33.5,34.48251570105553,33.97449126330387
2022-06-01,Dhaka,2020,33.37,33.50248857259751,33.298408493792024
2022-07-01,Dhaka,2020,34.27,32.685125890970234,32.53509447530419
2022-08-01,Dhaka,2020,34.21,32.519674746990205,32.829768672654055
2022-09-01,Dhaka,2020,33.21,32.70623946785927,32.975063276457284
2022-10-01,Dhaka,2020,32.72,32.58524378180504,32.350682149764225
2022-11-01,Dhaka,2020,31.04,31.00243492007256,30.18581856023837
2022-12-01,Dhaka,2020,27.41,27.58848859071732,26.275000986695144
2023-01-01,Dhaka,2020,25.08,24.176013091355564,25.06598750656583
2023-02-01,Dhaka,2020,29.32,25.77585754901171,28.77657023723038
2023-03-01,Dhaka,2020,32.35,30.42831560492516,32.64950597366632
2023-04-01,Dhaka,2020,36.36,33.79757820248604,34.20328530666651
2023-05-01,Dhaka,2020,35.44,34.46851900100708,33.97122713950857
2023-06-01,Dhaka,2020,34.2,33.560824837684635,33.297283125682426
2023-07-01,Dhaka,2020,34.41,32.70442644655705,32.536066859416806
2023-08-01,Dhaka,2020,32.73,32.48841878652573,32.83238915801979
2023-09-01,Dhaka,2020,34.03,32.66571032047272,32.97890273262519
2023-10-01,Dhaka,2020,32.81,32.613545351624495,32.35573374629806
2023-11-01,Dhaka,2020,30.92,31.295141721963883,30.191770815063723
2023-12-01,Dhaka,2020,26.74,28.016675933599476,26.28157065360968
2012-01-01,Chittagong,2011,25.37,25.6465427403152,24.74316357401524
2012-02-01,Chittagong,2011,29.55,28.47765469968319,27.707793454370428
2012-03-01,Chittagong,2011,30.28,30.52692938566208,30.226508936831813
2012-04-01,Chittagong,2011,31.31,31.47710696578026,31.1989496785452
2012-05-01,Chittagong,2011,32.32,31.314216513633728,31.54123583498956
2012-06-01,Chittagong,2011,31.09,30.697993839979173,30.718592668618736
2012-07-01,Chittagong,2011,30.14,30.72451731085777,30.161015982699247
2012-08-01,Chittagong,2011,31.11,30.980843604803084,30.495675714545776
2012-09-01,Chittagong,2011,31.24,31.20506836295128,30.953066594567435
2012-10-01,Chittagong,2011,31.15,30.751357544660568,31.134451198730865
2012-11-01,Chittagong,2011,28.76,28.60406561613083,29.485987908075856
2012-12-01,Chittagong,2011,24.73,26.08914265155792,26.68977825931403
2013-01-01,Chittagong,2011,25.0,26.09477224469185,25.54459871121297
2013-02-01,Chittagong,2011,29.28,28.48791532337665,28.17979532543577
2013-03-01,Chittagong,2011,31.13,30.553898168802263,30.622181070904738
2013-04-01,Chittagong,2011,31.94,31.532259513139724,31.55672128422436
2013-05-01,Chittagong,2011,30.35,31.36853376150131,31.88121474425387
2013-06-01,Chittagong,2011,31.72,30.79224708199501,31.048248039507904
2013-07-01,Chittagong,2011,31.33,30.752362073659896,30.479840246990403
2013-08-01,Chittagong,2011,30.25,31.07606666207313,30.830909296003448
2013-09-01,Chittagong,2011,31.29,31.29484570145607,31.263290594184003
2013-10-01,Chittagong,2011,29.93,30.74631103396416,31.42799573348107
2013-11-01,Chittagong,2011,28.72,28.769755677580832,29.77266114920925
2013-12-01,Chittagong,2011,26.02,26.58437314301729,26.950655361721992
2014-01-01,Chittagong,2011,25.46,26.439264264404773,25.76976625928823
2014-02-01,Chittagong,2011,27.8,28.564459944963456,28.39971618909133
2014-03-01,Chittagong,2011,30.66,30.55775139451027,30.83518518705929
2014-04-01,Chittagong,2011,33.26,31.539240230321884,31.761271068627103
2014-05-01,Chittagong,2011,32.42,31.447812361717222,32.07703209407393
2014-06-01,Chittagong,2011,31.16,30.90813241124153,31.23535003536383
2014-07-01,Chittagong,2011,31.19,30.819837458133694,30.658378434056992
2014-08-01,Chittagong,2011,30.33,31.125100911855696,31.001177104648374
2014-09-01,Chittagong,2011,30.94,31.333047635555268,31.425069307237685
2014-10-01,Chittagong,2011,31.14,30.804676772356032,31.582056657259084
2014-11-01,Chittagong,2011,30.63,28.972840849757198,29.91952665611237
2014-12-01,Chittagong,2011,27.76,26.93413338035345,27.09061342481261
2015-01-01,Chittagong,2014,26.56,26.09706687748432,26.203720566627332
2015-02-01,Chittagong,2014,28.91,27.97404721200466,28.81228970863589
2015-03-01,Chittagong,2014,32.52,30.594501860141754,31.064332858289504
2015-04-01,Chittagong,2014,32.26,32.10727480173111,32.070982468571145
2015-05-01,Chittagong,2014,33.67,32.231363422870636,32.162107779257816
2015-06-01,Chittagong,2014,32.49,31.48338744163513,31.408016565195666
2015-07-01,Chittagong,2014,30.73,31.147697932720185,30.859686871844097
2015-08-01,Chittagong,2014,32.04,31.14472014427185,31.033287664344382
2015-09-01,Chittagong,2014,32.91,31.498920757770538,31.499154167762363
2015-10-01,Chittagong,2014,31.74,31.574340708255768,31.534934782000164
2015-11-01,Chittagong,2014,30.09,30.276254923343657,29.931178855292472
2015-12-01,Chittagong,2014,26.47,27.393631224036216,26.997003500169125
2016-01-01,Chittagong,2014,25.6,25.981273756623267,25.905701691411863
2016-02-01,Chittagong,2014,29.38,27.91992577135563,28.685941529567252
2016-03-01,Chittagong,2014,32.38,30.552761836051943,30.97713090918914
2016-04-01,Chittagong,2014,32.67,32.05842496871948,32.00313180804214
2016-05-01,Chittagong,2014,32.99,32.28579132080078,32.13023878235557
2016-06-01,Chittagong,2014,33.03,31.532810051441192,31.37200883372114
2016-07-01,Chittagong,2014,31.29,31.083642394542693,30.81748900429041
2016-08-01,Chittagong,2014,31.93,31.1992196393013,31.002903166239363
2016-09-01,Chittagong,2014,32.81,31.560192687511446,31.453522821269015
2016-10-01,Chittagong,2014,32.65,31.62766752958298,31.489130060146287
2016-11-01,Chittagong,2014,29.48,30.000547511577608,29.888451565614417
2016-12-01,Chittagong,2014,28.64,27.160790677070615,26.978644660430554
2017-01-01,Chittagong,2014,27.47,25.86606846421957,25.900267779170118
2017-02-01,Chittagong,2014,30.05,27.889666504859925,28.68094131972111
2017-03-01,Chittagong,2014,30.26,30.53883294582367,30.97357242165362
2017-04-01,Chittagong,2014,31.87,32.05720781803131,32.001847250630085
2017-05-01,Chittagong,2014,33.71,32.28350021362305,32.13138121295509
2017-06-01,Chittagong,2014,32.46,31.504729886054992,31.37504026554806
2017-07-01,Chittagong,2014,31.36,31.044217343330384,30.822593949549262
2017-08-01,Chittagong,2014,32.52,31.18335003376007,31.010184147711335
2017-09-01,Chittagong,2014,32.09,31.545284218788147,31.46266103492077
2017-10-01,Chittagong,2014,31.68,31.575330049991607,31.500350327235058
2017-11-01,Chittagong,2014,30.91,29.76595419168472,29.901609833583894
2017-12-01,Chittagong,2014,27.8,26.97878786742687,26.993538937855135
2018-01-01,Chittagong,2017,25.02,27.394083858728408,26.698126426793003
2018-02-01,Chittagong,2017,28.79,29.404615564346315,29.400044485574455
2018-03-01,Chittagong,2017,31.66,31.018542732000352,31.687235138415176
2018-04-01,Chittagong,2017,32.94,32.10328706026077,32.681756979402174
2018-05-01,Chittagong,2017,32.82,32.328129072189334,33.02864785938094
2018-06-01,Chittagong,2017,32.15,31.742668743133546,32.21149668673566
2018-07-01,Chittagong,2017,31.97,31.227017755508424,31.480235640773348
2018-08-01,Chittagong,2017,32.84,31.389713485240936,31.83333799957268
2018-09-01,Chittagong,2017,33.01,31.60683657050133,32.24737177134723
2018-10-01,Chittagong,2017,30.5,31.489895726442338,32.18422367662547
2018-11-01,Chittagong,2017,30.46,30.229389197826386,30.530881226961032
2018-12-01,Chittagong,2017,26.78,27.972638322114943,27.683366327073898
2019-01-01,Chittagong,2017,27.39,27.33185431778431,26.630494419780987
2019-02-01,Chittagong,2017,28.9,29.27132020711899,29.367304297553083
2019-03-01,Chittagong,2017,31.03,31.10535204529762,31.668186223098584
2019-04-01,Chittagong,2017,33.21,32.07558657646179,32.616950801830924
2019-05-01,Chittagong,2017,33.78,32.0800613951683,32.96167006928777
2019-06-01,Chittagong,2017,33.28,31.517725301980974,32.1763855222622
2019-07-01,Chittagong,2017,31.47,31.14524844408035,31.446151987925923
2019-08-01,Chittagong,2017,32.67,31.254001725912094,31.794503428875416
2019-09-01,Chittagong,2017,32.48,31.505381853580474,32.22945353696556
2019-10-01,Chittagong,2017,32.36,31.33410260796547,32.15381921469692
2019-11-01,Chittagong,2017,30.65,29.916950846910478,30.489335861770297
2019-12-01,Chittagong,2017,26.81,27.911123124957083,27.65947881049119
2020-01-01,Chittagong,2017,25.33,27.307509676814078,26.606164904674564
2020-02-01,Chittagong,2017,27.22,29.260659832954406,29.343893640989712
2020-03-01,Chittagong,2017,31.76,31.12430737733841,31.6455513157949
2020-04-01,Chittagong,2017,32.71,32.057819647789,32.59507059719779
2020-05-01,Chittagong,2017,33.19,32.002437121868134,32.941844318880975
2020-06-01,Chittagong,2017,32.62,31.437708492279054,32.15856874355548
2020-07-01,Chittagong,2017,32.03,31.124112654924392,31.429454872223374
2020-08-01,Chittagong,2017,31.93,31.255672867298127,31.77893880124086
2020-09-01,Chittagong,2017,32.83,31.495879508256913,32.21516300463907
2020-10-01,Chittagong,2017,33.06,31.247072536945343,32.140276457538974
2020-11-01,Chittagong,2017,31.09,29.738657797574994,30.476917871414702
2020-12-01,Chittagong,2017,27.36,27.816356770396233,27.64845428217
2021-01-01,Chittagong,2020,27.24,25.50557754382491,26.58765681650004
2021-02-01,Chittagong,2020,28.89,27.755084027051925,29.3070039893958
2021-03-01,Chittagong,2020,32.97,30.811365677118303,31.816076969838292
2021-04-01,Chittagong,2020,33.7,32.38720481514931,32.82549343692649
2021-05-01,Chittagong,2020,33.78,32.74812145352364,33.16633397591302
2021-06-01,Chittagong,2020,31.63,32.14287103533745,32.392375852212
2021-07-01,Chittagong,2020,31.92,31.487592686414718,31.646379138320864
2021-08-01,Chittagong,2020,31.7,31.453492398262025,32.020464784117344
2021-09-01,Chittagong,2020,33.0,31.910597569942475,32.43701376123617
2021-10-01,Chittagong,2020,33.22,32.204262293577194,32.254210891884746
2021-11-01,Chittagong,2020,31.52,30.678753204345703,30.621391112229446
2021-12-01,Chittagong,2020,27.69,27.519346780776978,27.655748740750774
2022-01-01,Chittagong,2020,26.02,25.658779538869858,26.61327315530562
2022-02-01,Chittagong,2020,27.93,27.82912736058235,29.24310732124594
2022-03-01,Chittagong,2020,32.44,30.674603284597396,31.6987802286531
2022-04-01,Chittagong,2020,33.12,32.24700521945953,32.73055736461084
2022-05-01,Chittagong,2020,33.15,32.55314682245255,33.07538364910238
2022-06-01,Chittagong,2020,32.14,31.89542603611946,32.30994999845458
2022-07-01,Chittagong,2020,33.25,31.305153514146806,31.575168615132256
2022-08-01,Chittagong,2020,33.27,31.373662717342377,31.96075410470845
2022-09-01,Chittagong,2020,32.55,31.803905416727066,32.3746060485318
2022-10-01,Chittagong,2020,32.82,31.996600873470307,32.20535897249131
2022-11-01,Chittagong,2020,31.47,30.45245158791542,30.589604904776095
2022-12-01,Chittagong,2020,28.5,27.451868955492973,27.626708868723636
2023-01-01,Chittagong,2020,27.1,25.705074996203184,26.571654596145514
2023-02-01,Chittagong,2020,28.91,27.87138429403305,29.204558130750222
2023-03-01,Chittagong,2020,32.1,30.65826829791069,31.66385974036181
2023-04-01,Chittagong,2020,34.13,32.20963966965675,32.69981262305308
2023-05-01,Chittagong,2020,33.24,32.480085237026216,33.04784878195212
2023-06-01,Chittagong,2020,32.88,31.797573412656785,32.285327109555105
2023-07-01,Chittagong,2020,33.69,31.240838165283204,31.553125402418974
2023-08-01,Chittagong,2020,31.26,31.35092901110649,31.940950934528626
2023-09-01,Chittagong,2020,33.1,31.7763980281353,32.356741398633886
2023-10-01,Chittagong,2020,32.26,31.915716220140457,32.18948324577811
2023-11-01,Chittagong,2020,31.21,30.28000129580498,30.575376016448278
2023-12-01,Chittagong,2020,28.1,27.348628379106522,27.613746534118498
2012-01-01,Barisal,2011,24.65,25.210937954187393,25.675806615069664
2012-02-01,Barisal,2011,29.61,28.93585165500641,28.90800666861331
2012-03-01,Barisal,2011,33.27,32.467332549095154,32.69625034066606
2012-04-01,Barisal,2011,33.77,34.11907232284546,33.935510464345235
2012-05-01,Barisal,2011,34.61,33.6490313243866,33.80512521221163
2012-06-01,Barisal,2011,33.33,32.35757019042969,32.41931875655639
2012-07-01,Barisal,2011,31.94,31.62183325767517,31.55526357892282
2012-08-01,Barisal,2011,32.09,31.552317781448366,31.75414916653366
2012-09-01,Barisal,2011,31.82,31.968821489810946,32.083749765015526
2012-10-01,Barisal,2011,32.05,32.0840148305893,32.17932849584751
2012-11-01,Barisal,2011,29.16,30.00009560585022,30.239891848117523
2012-12-01,Barisal,2011,25.2,26.83178059220314,27.063421731462043
2013-01-01,Barisal,2011,24.81,25.53884265124798,25.945484507108652
2013-02-01,Barisal,2011,29.04,28.976983629465103,29.093904714686726
2013-03-01,Barisal,2011,33.15,32.50510377407074,32.86371206251256
2013-04-01,Barisal,2011,34.05,34.143835740089415,34.07310485656963
2013-05-01,Barisal,2011,31.39,33.606111717224124,33.91628115657635
2013-06-01,Barisal,2011,32.85,32.34899639606476,32.52973463412354
2013-07-01,Barisal,2011,31.3,31.64302140951157,31.659625626209202
2013-08-01,Barisal,2011,31.42,31.70364627838135,31.861547870270478
2013-09-01,Barisal,2011,32.06,32.08025549888611,32.16768889946558
2013-10-01,Barisal,2011,30.82,32.04475875854492,32.25686590576264
2013-11-01,Barisal,2011,30.04,30.00247546672821,30.33992971803831
2013-12-01,Barisal,2011,26.82,27.01681853890419,27.15867205085363
2014-01-01,Barisal,2011,24.54,25.688416017889978,26.011910161762458
2014-02-01,Barisal,2011,27.35,28.969815307855605,29.159509340554106
2014-03-01,Barisal,2011,32.43,32.47088523387909,32.92832060624309
2014-04-01,Barisal,2011,36.18,34.121761469841005,34.135732805972566
2014-05-01,Barisal,2011,34.74,33.61050809621811,33.97685461629055
2014-06-01,Barisal,2011,32.99,32.376310739517216,32.58840557038114
2014-07-01,Barisal,2011,31.91,31.666130967140198,31.716098687510158
2014-08-01,Barisal,2011,31.64,31.72002338886261,31.91583717019381
2014-09-01,Barisal,2011,32.38,32.08617162227631,32.21967792040808
2014-10-01,Barisal,2011,32.03,32.04115954399109,32.30714414057574
2014-11-01,Barisal,2011,30.3,30.047137887477874,30.388614733503566
2014-12-01,Barisal,2011,25.92,27.09616137623787,27.205214591629062
2015-01-01,Barisal,2014,25.68,24.84787119306624,25.391345814215637
2015-02-01,Barisal,2014,29.14,28.123156143426893,28.84190080158715
2015-03-01,Barisal,2014,32.43,32.60231468975544,32.73719957735912
2015-04-01,Barisal,2014,33.08,35.129848356843,34.04357388871496
2015-05-01,Barisal,2014,34.73,34.645172060132026,33.691665098453136
2015-06-01,Barisal,2014,32.4,32.96371879339218,32.430004760254874
2015-07-01,Barisal,2014,30.92,31.90189245045185,31.46530522723409
2015-08-01,Barisal,2014,31.71,31.778727056384085,31.635250717445142
2015-09-01,Barisal,2014,32.42,32.136278180480005,31.937577215317415
2015-10-01,Barisal,2014,31.77,31.901003703475,31.924677415548917
2015-11-01,Barisal,2014,30.02,29.86232120335102,30.02927190203402
2015-12-01,Barisal,2014,26.38,26.359417976438998,26.717102519189844
2016-01-01,Barisal,2014,25.77,25.294291320145128,25.513770903185314
2016-02-01,Barisal,2014,30.17,28.490764298439025,28.857567692558774
2016-03-01,Barisal,2014,33.32,32.548276633024216,32.690329824025056
2016-04-01,Barisal,2014,34.7,34.7646166664362,33.99196640889536
2016-05-01,Barisal,2014,34.09,34.4366361707449,33.69040108124272
2016-06-01,Barisal,2014,33.04,32.86122684895992,32.435840464577204
2016-07-01,Barisal,2014,31.57,31.86431787133217,31.470825275282298
2016-08-01,Barisal,2014,32.05,31.797715620994566,31.642871836521707
2016-09-01,Barisal,2014,32.61,32.118061854839326,31.94018061174545
2016-10-01,Barisal,2014,32.32,31.833302095532417,31.936196446909072
2016-11-01,Barisal,2014,29.55,29.79873098373413,30.0397803031853
2016-12-01,Barisal,2014,27.52,26.64260823845863,26.73224121733915
2017-01-01,Barisal,2014,26.58,25.630746279656886,25.50986538802022
2017-02-01,Barisal,2014,29.92,28.588284861147404,28.858876121000467
2017-03-01,Barisal,2014,30.9,32.37562894403934,32.69595919838016
2017-04-01,Barisal,2014,33.04,34.48912004053592,34.001298978433894
2017-05-01,Barisal,2014,34.92,34.257357234358786,33.702325996276805
2017-06-01,Barisal,2014,32.99,32.785955207943914,32.44867229379193
2017-07-01,Barisal,2014,31.34,31.807112439870835,31.484247347440704
2017-08-01,Barisal,2014,32.54,31.723487324118615,31.656853562814355
2017-09-01,Barisal,2014,32.66,32.02721174895763,31.954675608731996
2017-10-01,Barisal,2014,31.62,31.74848874747753,31.951317946850054
2017-11-01,Barisal,2014,30.44,29.809956455528734,30.055338562340143
2017-12-01,Barisal,2014,27.01,26.848650408387183,26.74827799518854
2018-01-01,Barisal,2017,24.89,25.95324809834361,25.828692541776338
2018-02-01,Barisal,2017,29.87,28.764076399207113,29.220136251360206
2018-03-01,Barisal,2017,33.16,31.927005900740625,32.80030312944895
2018-04-01,Barisal,2017,33.56,33.63212522983551,34.17756316729529
2018-05-01,Barisal,2017,32.87,33.747320281267164,34.106633923315286
2018-06-01,Barisal,2017,33.25,32.59576783597469,32.72837824378725
2018-07-01,Barisal,2017,31.89,31.512612312436104,31.659254595735273
2018-08-01,Barisal,2017,32.41,31.54838027060032,31.95433460950344
2018-09-01,Barisal,2017,33.55,31.914290097355842,32.26024642507231
2018-10-01,Barisal,2017,31.66,31.780016112923622,32.136393733056906
2018-11-01,Barisal,2017,30.33,30.08520848929882,30.258512461440038
2018-12-01,Barisal,2017,26.05,26.95273014783859,26.98945992763195
2019-01-01,Barisal,2017,27.05,25.58371830806136,25.829286359718136
2019-02-01,Barisal,2017,28.88,28.491337502896783,29.24087420984268
2019-03-01,Barisal,2017,31.91,32.00707229435444,32.83125559732122
2019-04-01,Barisal,2017,33.79,33.68618195772171,34.15549607776689
2019-05-01,Barisal,2017,34.89,33.575661416649815,34.074401142243204
2019-06-01,Barisal,2017,34.04,32.3805446857214,32.73174559996861
2019-07-01,Barisal,2017,32.32,31.41466343343258,31.667077244023886
2019-08-01,Barisal,2017,32.71,31.358665652275086,31.952947078542817
2019-09-01,Barisal,2017,32.31,31.763911121487617,32.276004185810415
2019-10-01,Barisal,2017,32.17,31.70767659008503,32.15747755715161
2019-11-01,Barisal,2017,30.29,29.903977296948433,30.2629978540427
2019-12-01,Barisal,2017,25.83,26.80157482534647,27.00227712982074
2020-01-01,Barisal,2017,24.82,25.41653025150299,25.842471186375047
2020-02-01,Barisal,2017,27.9,28.435731815993783,29.25431510951301
2020-03-01,Barisal,2017,32.57,32.01764016807079,32.84480003715095
2020-04-01,Barisal,2017,33.67,33.689265685677526,34.16912663305412
2020-05-01,Barisal,2017,33.63,33.51624009251594,34.089415064092144
2020-06-01,Barisal,2017,32.67,32.26787621498108,32.748213311082296
2020-07-01,Barisal,2017,32.64,31.34382507145405,31.684047976470428
2020-08-01,Barisal,2017,32.18,31.326014283299443,31.970332790419626
2020-09-01,Barisal,2017,33.11,31.737163571715357,32.294021778649736
2020-10-01,Barisal,2017,32.84,31.656944074630736,32.175718802024804
2020-11-01,Barisal,2017,30.59,29.777777840197086,30.281385954009828
2020-12-01,Barisal,2017,26.69,26.675339333266017,27.021219409814396
2021-01-01,Barisal,2020,26.61,24.810256377607583,25.83160759701375
2021-02-01,Barisal,2020,29.59,27.875943329930305,29.278196128368478
2021-03-01,Barisal,2020,34.05,31.91693318605423,32.90535941011101
2021-04-01,Barisal,2020,35.41,33.89307329177856,34.19742805754544
2021-05-01,Barisal,2020,34.79,34.15666444242001,34.17155556556017
2021-06-01,Barisal,2020,31.94,33.12569778442383,32.98408084064491
2021-07-01,Barisal,2020,32.56,32.154179337024686,31.914780932820012
2021-08-01,Barisal,2020,32.54,31.768781305551528,32.15222488043138
2021-09-01,Barisal,2020,32.77,32.09679018139839,32.51631477813152
2021-10-01,Barisal,2020,33.42,32.25073609471321,32.261696055596204
2021-11-01,Barisal,2020,30.53,30.699101874828337,30.36844236113782
2021-12-01,Barisal,2020,26.78,27.080517026185987,26.931316435042135
2022-01-01,Barisal,2020,25.33,25.02717449530959,25.87390896049685
2022-02-01,Barisal,2020,27.91,27.828761321306228,29.279087515837524
2022-03-01,Barisal,2020,33.52,31.79357809305191,32.8725932824179
2022-04-01,Barisal,2020,33.88,33.8109538179636,34.16704140647233
2022-05-01,Barisal,2020,33.69,34.07918587088585,34.13498918108736
2022-06-01,Barisal,2020,33.1,32.983586395978925,32.943221368039474
2022-07-01,Barisal,2020,33.18,31.917095998525618,31.876296625408074
2022-08-01,Barisal,2020,32.91,31.657092697024346,32.138178887080585
2022-09-01,Barisal,2020,32.85,31.996938338279726,32.500223548251924
2022-10-01,Barisal,2020,32.41,32.13076122760773,32.2598820423943
2022-11-01,Barisal,2020,30.91,30.75104950904846,30.375484419780857
2022-12-01,Barisal,2020,27.94,27.162146942317484,26.937392801311194
2023-01-01,Barisal,2020,26.33,25.079027093350888,25.871196863353138
2023-02-01,Barisal,2020,29.94,27.710192765593526,29.2773353527367
2023-03-01,Barisal,2020,32.53,31.67752566218376,32.87256199972384
2023-04-01,Barisal,2020,35.42,33.74562344670296,34.1692590637112
2023-05-01,Barisal,2020,34.61,34.03331681787968,34.13914721783723
2023-06-01,Barisal,2020,33.53,32.9207221108675,32.949269747244834
2023-07-01,Barisal,2020,33.4,31.835149046182632,31.884158089696296
2023-08-01,Barisal,2020,31.83,31.603482583165167,32.147646975933576
2023-09-01,Barisal,2020,32.87,31.950246260762214,32.5106608708394
2023-10-01,Barisal,2020,32.45,32.091312811374664,32.271335333702226
2023-11-01,Barisal,2020,30.68,30.79266079187393,30.387632623481046
2023-12-01,Barisal,2020,27.27,27.20816685825586,26.95008134302336
2012-01-01,Bogra,2011,23.95,22.68628724709153,23.624493378762132
2012-02-01,Bogra,2011,28.06,26.861890567839144,27.773997888191502
2012-03-01,Bogra,2011,32.6,31.219783219099043,31.418705125174405
2012-04-01,Bogra,2011,33.43,33.958620662689206,33.494907121975416
2012-05-01,Bogra,2011,35.16,33.97913348197937,33.79679154937684
2012-06-01,Bogra,2011,33.44,32.68314562559128,33.14488459671642
2012-07-01,Bogra,2011,32.86,32.14999331951141,32.593487667708146
2012-08-01,Bogra,2011,33.27,32.09607678174972,32.726885886194765
2012-09-01,Bogra,2011,33.02,32.19002147197723,32.782620563670434
2012-10-01,Bogra,2011,32.56,31.80619846820831,32.13762338535551
2012-11-01,Bogra,2011,29.27,29.305551558434964,30.22007617255558
2012-12-01,Bogra,2011,23.06,25.38298643276095,26.370230750211793
2013-01-01,Bogra,2011,23.65,23.264665794819592,23.950847810869764
2013-02-01,Bogra,2011,28.57,27.27102478176355,28.00946937055913
2013-03-01,Bogra,2011,32.88,31.625536839962002,31.779842373567778
2013-04-01,Bogra,2011,34.47,34.09302085578442,33.69860752458321
2013-05-01,Bogra,2011,32.01,33.61771671116352,33.94953491739963
2013-06-01,Bogra,2011,34.48,32.40116474747657,33.25912948104567
2013-07-01,Bogra,2011,33.33,32.11466903805733,32.832168316042114
2013-08-01,Bogra,2011,32.28,32.224675064682955,32.903420951154324
2013-09-01,Bogra,2011,33.64,32.26242166876793,32.910012381507926
2013-10-01,Bogra,2011,31.4,31.638914415836332,32.374757045170504
2013-11-01,Bogra,2011,30.73,29.26409806668758,30.420984416438394
2013-12-01,Bogra,2011,25.96,25.642871032655236,26.461866935269402
2014-01-01,Bogra,2011,23.13,23.66477009475231,23.826256867510494
2014-02-01,Bogra,2011,25.81,27.537939295768737,28.121632555112743
2014-03-01,Bogra,2011,31.45,31.76142320692539,31.83910742719653
2014-04-01,Bogra,2011,35.51,34.09353669285774,33.71618635390095
2014-05-01,Bogra,2011,35.13,33.53280268907547,33.917465375785895
2014-06-01,Bogra,2011,33.13,32.41785454034805,33.348347105096906
2014-07-01,Bogra,2011,33.15,32.157122529745095,32.915108198080276
2014-08-01,Bogra,2011,32.84,32.26319291055202,32.883601398614275
2014-09-01,Bogra,2011,32.37,32.28310140609741,32.97966585263762
2014-10-01,Bogra,2011,32.77,31.63162230968475,32.61208015768812
2014-11-01,Bogra,2011,30.88,29.304680769145484,30.430122153741298
2014-12-01,Bogra,2011,25.03,25.793265694379805,26.29191285136407
2015-01-01,Bogra,2014,24.16,23.342101436257362,23.518620728328813
2015-02-01,Bogra,2014,27.85,26.295154050588607,27.96606879231182
2015-03-01,Bogra,2014,31.26,31.71100792586803,31.98706953616163
2015-04-01,Bogra,2014,31.89,34.75112338066101,33.70310388253653
2015-05-01,Bogra,2014,33.65,34.63014601230621,33.90294626996658
2015-06-01,Bogra,2014,33.22,33.453852467536926,33.27932916091101
2015-07-01,Bogra,2014,32.89,32.89911645233631,32.81026053362814
2015-08-01,Bogra,2014,32.56,32.7751114320755,32.729098308992505
2015-09-01,Bogra,2014,33.47,32.66816523432731,32.85403400226173
2015-10-01,Bogra,2014,33.38,31.845249245166777,32.40800092285791
2015-11-01,Bogra,2014,31.2,29.24055357336998,30.08421541798369
2015-12-01,Bogra,2014,25.71,25.19409705236554,25.427258816579943
2016-01-01,Bogra,2014,24.43,23.723072504550217,23.604923876302564
2016-02-01,Bogra,2014,29.07,27.330887523293494,27.924091477241234
2016-03-01,Bogra,2014,32.51,32.374924427270884,31.986267969945118
2016-04-01,Bogra,2014,35.57,34.71467692732811,33.78750738116863
2016-05-01,Bogra,2014,33.23,34.34716362595558,33.70004310687867
2016-06-01,Bogra,2014,33.82,33.275089280605314,33.401294553726515
2016-07-01,Bogra,2014,32.31,32.81584546685218,32.86301339494807
2016-08-01,Bogra,2014,33.74,32.85834119081497,32.66798567714238
2016-09-01,Bogra,2014,32.87,32.73542113780975,32.914529885585644
2016-10-01,Bogra,2014,33.02,31.548941570520398,32.2831066123401
2016-11-01,Bogra,2014,30.88,28.653470652103422,30.177741072038568
2016-12-01,Bogra,2014,27.65,25.063849196881055,25.473468574841156
2017-01-01,Bogra,2014,25.88,24.13715065985918,23.52667629817253
2017-02-01,Bogra,2014,28.71,28.08073765456676,27.663237829878966
2017-03-01,Bogra,2014,29.15,32.73379217863083,31.908765962660883
2017-04-01,Bogra,2014,32.05,34.64074229121208,33.97303236833876
2017-05-01,Bogra,2014,33.59,34.15386449217796,33.866526856349736
2017-06-01,Bogra,2014,33.15,33.173316536545755,33.35905475095709
2017-07-01,Bogra,2014,31.86,32.79375295937061,32.88829099778577
2017-08-01,Bogra,2014,32.92,32.85975396096706,32.68515746696434
2017-09-01,Bogra,2014,33.32,32.675730844736094,32.844184962566025
2017-10-01,Bogra,2014,31.75,31.311606240272518,32.339824224362324
2017-11-01,Bogra,2014,30.23,28.29925599247217,30.25226561712994
2017-12-01,Bogra,2014,26.8,24.94323306530714,25.4174473325625
2018-01-01,Bogra,2017,22.0,25.55146027892828,23.984070181968313
2018-02-01,Bogra,2017,28.31,27.442673338651655,27.799792136588323
2018-03-01,Bogra,2017,32.12,30.522853145003317,31.724216492253053
2018-04-01,Bogra,2017,31.81,33.118477927446364,33.751032414695075
2018-05-01,Bogra,2017,31.57,33.661581967473026,33.863645382057406
2018-06-01,Bogra,2017,33.39,33.07717878460884,33.42978955996106
2018-07-01,Bogra,2017,32.92,32.60643673121929,32.89376838973658
2018-08-01,Bogra,2017,33.31,32.541535779833794,32.86201277015116
2018-09-01,Bogra,2017,33.64,32.59701088964939,33.0364800302412
2018-10-01,Bogra,2017,31.66,32.23566953361034,32.60360614767736
2018-11-01,Bogra,2017,30.43,30.688246800303457,30.558018992749503
2018-12-01,Bogra,2017,26.45,27.73592269271612,25.833418110998632
2019-01-01,Bogra,2017,26.68,25.51651709347963,24.032030523407382
2019-02-01,Bogra,2017,27.74,26.811669856905937,28.064992406476787
2019-03-01,Bogra,2017,31.12,30.20417644202709,31.811636252524607
2019-04-01,Bogra,2017,32.51,32.978131027817724,33.90549741350469
2019-05-01,Bogra,2017,33.78,33.727088248133654,33.82052699382252
2019-06-01,Bogra,2017,33.64,33.167305476069444,33.486726986710075
2019-07-01,Bogra,2017,32.71,32.691888712048524,32.81924263615832
2019-08-01,Bogra,2017,33.9,32.52867102444172,32.95593770705341
2019-09-01,Bogra,2017,32.39,32.54737590014934,33.05156239214017
2019-10-01,Bogra,2017,31.44,32.323661484122276,32.630919344517466
2019-11-01,Bogra,2017,30.74,31.06043782889843,30.582995665676798
2019-12-01,Bogra,2017,24.84,28.288848250508305,26.060978237238558
2020-01-01,Bogra,2017,23.57,25.695461275875566,24.248900846250574
2020-02-01,Bogra,2017,26.78,26.319176170825955,28.15166746557283
2020-03-01,Bogra,2017,30.73,29.6811226773262,31.5848703683875
2020-04-01,Bogra,2017,32.24,32.65455035328865,33.74474819479737
2020-05-01,Bogra,2017,32.09,33.75686803519726,33.82112556211213
2020-06-01,Bogra,2017,33.38,33.26577304184437,33.4727185972909
2020-07-01,Bogra,2017,32.42,32.7491496437788,32.75132378364094
2020-08-01,Bogra,2017,33.65,32.535454332232476,32.96739479870469
2020-09-01,Bogra,2017,32.68,32.54289726793766,33.09652700120367
2020-10-01,Bogra,2017,33.01,32.39750361144542,32.56608858748329
2020-11-01,Bogra,2017,30.57,31.37777918756008,30.567515869540657
2020-12-01,Bogra,2017,24.87,28.787271046340464,26.14086646054121
2021-01-01,Bogra,2020,23.79,23.15438148766756,23.497679293880882
2021-02-01,Bogra,2020,29.1,26.910201776623722,27.733705176603973
2021-03-01,Bogra,2020,32.74,31.17594611763954,31.281248882188997
2021-04-01,Bogra,2020,34.96,33.87686300039291,33.032192177782925
2021-05-01,Bogra,2020,33.32,33.99741301834583,33.16981431241378
2021-06-01,Bogra,2020,32.72,33.111394971609116,33.20258557280118
2021-07-01,Bogra,2020,33.13,32.560450811386104,32.4651018121367
2021-08-01,Bogra,2020,32.99,32.4987454354763,32.81491734924994
2021-09-01,Bogra,2020,33.7,32.52577710807323,32.7871149420683
2021-10-01,Bogra,2020,33.27,32.21118185281753,32.0368342637637
2021-11-01,Bogra,2020,30.07,30.17334185361862,30.223108524134975
2021-12-01,Bogra,2020,26.75,25.640935889482495,25.735022691535356
2022-01-01,Bogra,2020,23.47,23.415362869799136,23.97162405192875
2022-02-01,Bogra,2020,25.51,27.367775907218455,27.709173329943404
2022-03-01,Bogra,2020,33.3,31.558993857502934,31.202963447698483
2022-04-01,Bogra,2020,33.45,34.09587153434753,32.899302844461424
2022-05-01,Bogra,2020,32.85,33.89886199355125,33.09359161120974
2022-06-01,Bogra,2020,32.53,32.94344928026199,33.17347942063343
2022-07-01,Bogra,2020,34.15,32.49926026701927,32.42614546427547
2022-08-01,Bogra,2020,33.82,32.467763034105296,32.89645605909147
2022-09-01,Bogra,2020,32.83,32.50395508825778,32.7200461192975
2022-10-01,Bogra,2020,32.69,32.092048627138134,32.01091924498443
2022-11-01,Bogra,2020,31.01,30.016724467277527,30.26588317789483
2022-12-01,Bogra,2020,26.73,25.71154171735048,25.597356130807878
2023-01-01,Bogra,2020,24.13,23.661580552458762,23.890205537571656
2023-02-01,Bogra,2020,28.55,27.645386750400064,27.616890703519694
2023-03-01,Bogra,2020,31.4,31.718604707717894,31.14907444869474
2023-04-01,Bogra,2020,35.33,34.115547752380365,32.83523407641239
2023-05-01,Bogra,2020,34.61,33.81051106870174,32.999576272707806
2023-06-01,Bogra,2020,34.86,32.894811776876445,33.171299262433514
2023-07-01,Bogra,2020,34.15,32.48420948863029,32.41044628821339
2023-08-01,Bogra,2020,33.1,32.46184548795223,32.93371380865849
2023-09-01,Bogra,2020,34.02,32.48755991578102,32.706107991656594
2023-10-01,Bogra,2020,32.33,32.039211023449894,32.07496839904371
2023-11-01,Bogra,2020,31.22,29.896932619214056,30.273102442124173
2023-12-01,Bogra,2020,26.48,25.670768969655036,25.53448690771443
2012-01-01,Comilla,2011,24.22,24.15095855742693,24.663551646305862
2012-02-01,Comilla,2011,28.01,27.706667952537536,27.791927759818094
2012-03-01,Comilla,2011,31.55,30.856525935530662,30.940841195092812
2012-04-01,Comilla,2011,32.19,32.747158189415934,32.71612423348448
2012-05-01,Comilla,2011,33.64,32.85419828593731,33.05127137281423
2012-06-01,Comilla,2011,32.24,31.906284731030468,32.07949531115649
2012-07-01,Comilla,2011,31.86,31.478415489792823,31.585127107852703
2012-08-01,Comilla,2011,32.39,31.60627105653286,32.10840979839649
2012-09-01,Comilla,2011,32.37,31.857020249962808,32.27337951664921
2012-10-01,Comilla,2011,31.49,31.568386179804804,31.84389994750174
2012-11-01,Comilla,2011,28.59,29.139127638936042,29.784376180326046
2012-12-01,Comilla,2011,24.07,25.979625482857227,26.65727936735872
2013-01-01,Comilla,2011,24.52,24.53756009608507,25.117620171373144
2013-02-01,Comilla,2011,28.77,27.813977011442184,28.079559806132956
2013-03-01,Comilla,2011,31.88,30.947619612812996,31.169390916690123
2013-04-01,Comilla,2011,32.85,32.725952446460724,32.89401054874523
2013-05-01,Comilla,2011,30.7,32.64911030948162,33.200587428746324
2013-06-01,Comilla,2011,33.45,31.716016027331353,32.22026217542873
2013-07-01,Comilla,2011,32.26,31.41948430657387,31.721477955446925
2013-08-01,Comilla,2011,31.83,31.653609822392465,32.24797727022854
2013-09-01,Comilla,2011,32.42,31.8462728458643,32.38286061198715
2013-10-01,Comilla,2011,31.15,31.394321766495707,31.955852735039954
2013-11-01,Comilla,2011,29.93,29.046301649808882,29.917465160852736
2013-12-01,Comilla,2011,26.49,26.057809312343597,26.77467157480642
2014-01-01,Comilla,2011,24.95,24.71648610845208,25.190592958133188
2014-02-01,Comilla,2011,26.99,27.93920846194029,28.154300349014765
2014-03-01,Comilla,2011,30.86,31.012838831543924,31.244560565382052
2014-04-01,Comilla,2011,35.02,32.72009835541248,32.96767273187419
2014-05-01,Comilla,2011,34.66,32.577783287763594,33.27206569091883
2014-06-01,Comilla,2011,32.53,31.673635042309762,32.28913655594991
2014-07-01,Comilla,2011,32.8,31.41721545636654,31.78733452110754
2014-08-01,Comilla,2011,31.75,31.66330563902855,32.310633920800406
2014-09-01,Comilla,2011,32.47,31.839168911576273,32.44214475814907
2014-10-01,Comilla,2011,32.35,31.340994428396225,32.01254459590346
2014-11-01,Comilla,2011,29.95,28.983688870668413,29.971470341328317
2014-12-01,Comilla,2011,25.32,26.0372513666749,26.82550618305018
2015-01-01,Comilla,2014,25.71,24.73730654388666,24.793217017036337
2015-02-01,Comilla,2014,28.66,27.605630971193314,27.960085471545998
2015-03-01,Comilla,2014,31.67,31.477052499055866,31.20777337998707
2015-04-01,Comilla,2014,32.56,33.70618966937065,33.03114805474021
2015-05-01,Comilla,2014,33.87,33.80614411950111,33.11985601653512
2015-06-01,Comilla,2014,32.75,33.0439410340786,32.278433072786974
2015-07-01,Comilla,2014,31.03,32.62976400971413,31.812876413202233
2015-08-01,Comilla,2014,31.5,32.48947821974755,32.100967350043305
2015-09-01,Comilla,2014,32.01,32.62676254630089,32.32937474307538
2015-10-01,Comilla,2014,32.0,32.02785622596741,31.81260271042873
2015-11-01,Comilla,2014,29.88,29.50571273684502,29.721725522424695
2015-12-01,Comilla,2014,25.82,26.01542940855026,26.306434545813126
2016-01-01,Comilla,2014,24.91,24.918073416948317,24.94770989287106
2016-02-01,Comilla,2014,28.7,27.65637652397156,28.011935783388324
2016-03-01,Comilla,2014,31.44,31.282721306085588,31.193095003424027
2016-04-01,Comilla,2014,32.75,33.34158737778664,33.0019138044058
2016-05-01,Comilla,2014,32.79,33.66445363879204,33.13540413292809
2016-06-01,Comilla,2014,32.55,33.12499814152718,32.31081412682006
2016-07-01,Comilla,2014,30.89,32.613390858173375,31.83268312992331
2016-08-01,Comilla,2014,32.36,32.531250907182695,32.13558024100454
2016-09-01,Comilla,2014,32.55,32.70461437821388,32.345191900680426
2016-10-01,Comilla,2014,32.41,32.093509389162065,31.832038017620107
2016-11-01,Comilla,2014,28.92,29.671212579011918,29.751792560629028
2016-12-01,Comilla,2014,27.69,26.446468586921693,26.335883751914054
2017-01-01,Comilla,2014,26.29,25.069401718378067,24.95188241736975
2017-02-01,Comilla,2014,28.85,27.428656066656114,28.021537074987858
2017-03-01,Comilla,2014,29.05,30.93875975728035,31.206403958666577
2017-04-01,Comilla,2014,30.84,33.09396444678307,33.01809422809931
2017-05-01,Comilla,2014,33.35,33.5894009244442,33.153438559003405
2017-06-01,Comilla,2014,31.78,33.14226132154465,32.32909246742028
2017-07-01,Comilla,2014,31.14,32.599614478349686,31.85067228248246
2017-08-01,Comilla,2014,31.97,32.46573850631714,32.153527433456155
2017-09-01,Comilla,2014,31.91,32.64788129448891,32.362797484939044
2017-10-01,Comilla,2014,31.37,32.15640229105949,31.849746152695495
2017-11-01,Comilla,2014,29.94,29.931268049478533,29.769517626046003
2017-12-01,Comilla,2014,26.63,26.801095814704894,26.35342749628563
2018-01-01,Comilla,2017,24.02,25.69873762845993,25.04802061138295
2018-02-01,Comilla,2017,28.0,27.7779508215189,28.05721200219
2018-03-01,Comilla,2017,31.42,30.431181795597077,30.970609488648677
2018-04-01,Comilla,2017,31.95,32.259465975761415,32.718568975510074
2018-05-01,Comilla,2017,31.12,32.73593619585037,33.14920184786186
2018-06-01,Comilla,2017,31.89,32.11513326883316,32.262890461928265
2018-07-01,Comilla,2017,31.64,31.646963627338412,31.60922321953496
2018-08-01,Comilla,2017,32.24,31.78750381588936,32.07777738091696
2018-09-01,Comilla,2017,32.79,31.96105790257454,32.27314638133631
2018-10-01,Comilla,2017,30.94,31.581595654487614,31.843571274778192
2018-11-01,Comilla,2017,29.71,29.748905320167545,29.73375943383201
2018-12-01,Comilla,2017,25.82,26.853614826202392,26.46860762962394
2019-01-01,Comilla,2017,26.93,25.40198552876711,25.16621685463368
2019-02-01,Comilla,2017,27.66,27.698231689333916,28.191605219663973
2019-03-01,Comilla,2017,30.29,30.703776110410693,31.10220003486677
2019-04-01,Comilla,2017,32.64,32.479425443410875,32.7829014247445
2019-05-01,Comilla,2017,33.59,32.81069565534592,33.1789900851373
2019-06-01,Comilla,2017,33.2,32.199807674884795,32.31744851547232
2019-07-01,Comilla,2017,31.47,31.743992860317235,31.653192407341656
2019-08-01,Comilla,2017,32.61,31.826941461563113,32.115123465522984
2019-09-01,Comilla,2017,32.45,32.00671694993973,32.31365871070485
2019-10-01,Comilla,2017,31.59,31.622419662475586,31.8776401496968
2019-11-01,Comilla,2017,29.98,29.700681025981904,29.7608063608035
2019-12-01,Comilla,2017,24.98,26.815944407582283,26.506906986906817
2020-01-01,Comilla,2017,23.92,25.310395623445512,25.207846055180575
2020-02-01,Comilla,2017,26.87,27.75389402627945,28.228893213940918
2020-03-01,Comilla,2017,31.4,30.80131047487259,31.135676755545877
2020-04-01,Comilla,2017,32.1,32.545789749622344,32.81329227373153
2020-05-01,Comilla,2017,32.5,32.84340896725655,33.20824425204554
2020-06-01,Comilla,2017,31.87,32.22207891464234,32.34638215213433
2020-07-01,Comilla,2017,31.62,31.770597673654557,31.681146213093434
2020-08-01,Comilla,2017,32.17,31.850102729797364,32.1423633497993
2020-09-01,Comilla,2017,32.67,32.0263628256321,32.340321149663396
2020-10-01,Comilla,2017,33.01,31.62551203489304,31.903629904705568
2020-11-01,Comilla,2017,30.57,29.652861423492432,29.786272990924058
2020-12-01,Comilla,2017,26.44,26.754448498487474,26.531994351180018
2021-01-01,Comilla,2020,26.05,24.260915136039255,25.236717659364896
2021-02-01,Comilla,2020,29.18,26.829875112771987,28.15707704190244
2021-03-01,Comilla,2020,33.03,30.343183345794678,31.218349663032704
2021-04-01,Comilla,2020,34.63,32.50764169216156,32.77030493917718
2021-05-01,Comilla,2020,34.6,33.10683980107308,33.130571204900946
2021-06-01,Comilla,2020,31.89,32.44879497408867,32.42669023569638
2021-07-01,Comilla,2020,31.74,31.851541877985003,31.746210111202544
2021-08-01,Comilla,2020,32.11,31.819321967363358,32.25941919241954
2021-09-01,Comilla,2020,33.6,32.104050434827805,32.468243876613215
2021-10-01,Comilla,2020,32.97,32.10405483365059,31.958695007993374
2021-11-01,Comilla,2020,30.08,30.398766137361527,29.885360613339486
2021-12-01,Comilla,2020,26.86,27.013773764371873,26.397263447887184
2022-01-01,Comilla,2020,25.38,24.675406492948532,25.20616326298665
2022-02-01,Comilla,2020,27.07,26.923898483514787,28.112388679288518
2022-03-01,Comilla,2020,32.81,30.323275740146638,31.15731209388767
2022-04-01,Comilla,2020,32.93,32.49353100180626,32.725784705156954
2022-05-01,Comilla,2020,33.01,33.03023723483086,33.071860483822014
2022-06-01,Comilla,2020,31.62,32.329757697582245,32.36150195554397
2022-07-01,Comilla,2020,33.56,31.746171010732652,31.678551935088947
2022-08-01,Comilla,2020,33.71,31.764449585676196,32.19933404068517
2022-09-01,Comilla,2020,32.98,32.04932101488114,32.41306249278573
2022-10-01,Comilla,2020,32.82,31.97086067914963,31.91363021139818
2022-11-01,Comilla,2020,31.75,30.39330719828606,29.865528350510715
2022-12-01,Comilla,2020,27.99,27.150658531188967,26.38516190519092
2023-01-01,Comilla,2020,26.17,24.84373166233301,25.188333783619974
2023-02-01,Comilla,2020,28.92,26.93190397441387,28.09458926993291
2023-03-01,Comilla,2020,31.43,30.281409211158753,31.14099044824799
2023-04-01,Comilla,2020,34.61,32.43906917691231,32.711760620396035
2023-05-01,Comilla,2020,34.15,32.96997482895851,33.05992835365819
2023-06-01,Comilla,2020,32.79,32.28136404871941,32.351997164529315
2023-07-01,Comilla,2020,33.39,31.707473100423815,31.671518067334468
2023-08-01,Comilla,2020,31.56,31.73211823821068,32.1946817092201
2023-09-01,Comilla,2020,33.5,32.014477206468584,32.410485006488955
2023-10-01,Comilla,2020,32.31,31.931645174026492,31.912911580675484
2023-11-01,Comilla,2020,30.82,30.408933283090594,29.86636828040958
2023-12-01,Comilla,2020,27.19,27.211968590021133,26.386993401516097
2012-01-01,Cox's Bazar,2011,27.58,27.135290251374244,27.02415696463675
2012-02-01,Cox's Bazar,2011,30.49,29.714662328362465,29.326557743756346
2012-03-01,Cox's Bazar,2011,31.21,31.81724191427231,31.81410460919946
2012-04-01,Cox's Bazar,2011,32.81,33.032265458703044,33.03787177432808
2012-05-01,Cox's Bazar,2011,33.51,32.501623028516775,33.15699005989152
2012-06-01,Cox's Bazar,2011,31.87,31.18058222293854,31.658643113644988
2012-07-01,Cox's Bazar,2011,30.52,30.780095208287243,30.901903371637992
2012-08-01,Cox's Bazar,2011,31.41,31.062927840948106,31.276256938781117
2012-09-01,Cox's Bazar,2011,32.17,31.662850496172908,31.979355558116264
2012-10-01,Cox's Bazar,2011,32.39,31.96826128602028,32.511826723182736
2012-11-01,Cox's Bazar,2011,30.61,30.323436527848244,31.17620141045653
2012-12-01,Cox's Bazar,2011,27.25,27.668303951621056,28.668729722913735
2013-01-01,Cox's Bazar,2011,26.84,27.090750132799148,27.647161448767392
2013-02-01,Cox's Bazar,2011,30.67,29.47267140090466,29.875890719498585
2013-03-01,Cox's Bazar,2011,32.25,31.656442679166794,32.30824076794891
2013-04-01,Cox's Bazar,2011,33.8,33.01611741304398,33.45949825732696
2013-05-01,Cox's Bazar,2011,31.81,32.55977828741074,33.499962572840744
2013-06-01,Cox's Bazar,2011,32.41,31.12495801150799,31.979261147926636
2013-07-01,Cox's Bazar,2011,31.64,30.641594829559327,31.241599858708966
2013-08-01,Cox's Bazar,2011,31.21,31.05166291475296,31.551417633373717
2013-09-01,Cox's Bazar,2011,31.92,31.739441466331485,32.18779973068112
2013-10-01,Cox's Bazar,2011,31.26,31.926002020835877,32.72504112555562
2013-11-01,Cox's Bazar,2011,31.22,30.118626049757005,31.370138309590367
2013-12-01,Cox's Bazar,2011,28.36,27.59600963115692,28.798672298553438
2014-01-01,Cox's Bazar,2011,27.77,26.98507286310196,27.800567975863167
2014-02-01,Cox's Bazar,2011,29.34,29.317489456236363,30.02233275042926
2014-03-01,Cox's Bazar,2011,32.36,31.54730913937092,32.44888273580608
2014-04-01,Cox's Bazar,2011,34.91,32.978836638331416,33.59421312405661
2014-05-01,Cox's Bazar,2011,34.64,32.5888744956255,33.62934689610539
2014-06-01,Cox's Bazar,2011,32.62,31.094861027002338,32.09953217538948
2014-07-01,Cox's Bazar,2011,31.6,30.57420901954174,31.35158689048883
2014-08-01,Cox's Bazar,2011,30.85,31.008760824203492,31.659037636921518
2014-09-01,Cox's Bazar,2011,31.95,31.71500914812088,32.292400521994615
2014-10-01,Cox's Bazar,2011,33.12,31.86754950165749,32.82170228246564
2014-11-01,Cox's Bazar,2011,31.55,29.991520648598673,31.46263946910435
2014-12-01,Cox's Bazar,2011,28.54,27.500548825860022,28.890703761146096
2015-01-01,Cox's Bazar,2014,27.47,27.521861754655838,27.770140111173582
2015-02-01,Cox's Bazar,2014,29.49,29.212271881103515,30.20809938972315
2015-03-01,Cox's Bazar,2014,32.7,31.669932488203045,32.44512753039133
2015-04-01,Cox's Bazar,2014,32.9,33.25153495192527,33.57682706651488
2015-05-01,Cox's Bazar,2014,33.7,33.20964062571525,33.47281671971001
2015-06-01,Cox's Bazar,2014,30.88,32.02895207524299,32.087211089106304
2015-07-01,Cox's Bazar,2014,29.66,31.158260091543195,31.293879061972596
2015-08-01,Cox's Bazar,2014,30.92,31.01062741875648,31.61655943952521
2015-09-01,Cox's Bazar,2014,31.93,31.570343372821807,32.25106538115031
2015-10-01,Cox's Bazar,2014,31.62,32.20160188794136,32.65925795913154
2015-11-01,Cox's Bazar,2014,30.21,31.33871568083763,31.370155513324384
2015-12-01,Cox's Bazar,2014,26.81,28.570744280815124,28.728543100625927
2016-01-01,Cox's Bazar,2014,26.27,27.32044435083866,27.790846563746385
2016-02-01,Cox's Bazar,2014,30.26,29.04366960048675,30.117166050889733
2016-03-01,Cox's Bazar,2014,32.93,31.455796095132825,32.428330774462104
2016-04-01,Cox's Bazar,2014,32.62,32.96603306174278,33.70568344816756
2016-05-01,Cox's Bazar,2014,32.93,32.90633632779121,33.614216895099986
2016-06-01,Cox's Bazar,2014,32.02,31.766826366186137,32.18076522759874
2016-07-01,Cox's Bazar,2014,30.2,30.96513320803642,31.37007238530311
2016-08-01,Cox's Bazar,2014,31.09,30.95071122527122,31.593746939419873
2016-09-01,Cox's Bazar,2014,31.71,31.482815179824826,32.25641162610845
2016-10-01,Cox's Bazar,2014,31.91,32.008310409784315,32.7354596824143
2016-11-01,Cox's Bazar,2014,30.32,31.112147403955458,31.427883600784
2016-12-01,Cox's Bazar,2014,29.33,28.43263253569603,28.753962330605653
2017-01-01,Cox's Bazar,2014,28.13,27.14872381210327,27.82652088251631
2017-02-01,Cox's Bazar,2014,30.53,28.915522689819333,30.167258801522962
2017-03-01,Cox's Bazar,2014,30.32,31.350940574407574,32.47342429843105
2017-04-01,Cox's Bazar,2014,31.69,32.873913675546646,33.740150396710334
2017-05-01,Cox's Bazar,2014,33.66,32.81574941754341,33.65138062200575
2017-06-01,Cox's Bazar,2014,31.66,31.644232031106945,32.22389222944198
2017-07-01,Cox's Bazar,2014,30.24,30.857412244081495,31.415401399838064
2017-08-01,Cox's Bazar,2014,30.99,30.891328094005583,31.648506188820143
2017-09-01,Cox's Bazar,2014,31.36,31.43955733656883,32.307231732157135
2017-10-01,Cox's Bazar,2014,31.63,31.930929726362226,32.78021524532623
2017-11-01,Cox's Bazar,2014,31.07,30.894495917558668,31.475559263356676
2017-12-01,Cox's Bazar,2014,28.89,28.269833775162695,28.805070055061957
2018-01-01,Cox's Bazar,2017,25.95,28.28408368170261,27.303774868217285
2018-02-01,Cox's Bazar,2017,29.85,29.758588957786557,29.649622028848523
2018-03-01,Cox's Bazar,2017,32.15,31.01679348349571,32.10269404910153
2018-04-01,Cox's Bazar,2017,33.54,32.12319124102592,33.290508863119626
2018-05-01,Cox's Bazar,2017,32.42,32.39653307795524,33.29740450192486
2018-06-01,Cox's Bazar,2017,31.29,31.418076487779615,31.815671311583465
2018-07-01,Cox's Bazar,2017,30.73,30.37799042344093,30.9399744519185
2018-08-01,Cox's Bazar,2017,31.59,30.390759601593015,31.291723116832554
2018-09-01,Cox's Bazar,2017,32.3,30.89901603579521,31.98401612883887
2018-10-01,Cox's Bazar,2017,30.42,31.365848859548567,32.41528833206368
2018-11-01,Cox's Bazar,2017,30.65,30.821685229539867,31.08983566548951
2018-12-01,Cox's Bazar,2017,27.43,29.060373151898382,28.471488816235407
2019-01-01,Cox's Bazar,2017,28.21,28.341406262516973,27.52995749319294
2019-02-01,Cox's Bazar,2017,29.6,29.555038369894024,29.964639252143506
2019-03-01,Cox's Bazar,2017,31.29,31.0975047147274,32.19155632283358
2019-04-01,Cox's Bazar,2017,33.77,32.154485422372815,33.32455416486452
2019-05-01,Cox's Bazar,2017,34.22,32.17634284377098,33.451664560570286
2019-06-01,Cox's Bazar,2017,32.59,31.263449165821072,31.940720467713263
2019-07-01,Cox's Bazar,2017,31.01,30.333321679830547,31.010264279197596
2019-08-01,Cox's Bazar,2017,31.5,30.201644712686537,31.375062342553502
2019-09-01,Cox's Bazar,2017,31.46,30.709778324365615,32.038550627393754
2019-10-01,Cox's Bazar,2017,32.41,31.218571561574933,32.44417383142499
2019-11-01,Cox's Bazar,2017,31.3,30.741571277379986,31.1679773493171
2019-12-01,Cox's Bazar,2017,27.64,29.172457121014595,28.591336764363685
2020-01-01,Cox's Bazar,2017,26.47,28.41260155379772,27.628466501054184
2020-02-01,Cox's Bazar,2017,28.37,29.486847242712972,30.04671199675979
2020-03-01,Cox's Bazar,2017,32.74,31.04302263855934,32.28457275871595
2020-04-01,Cox's Bazar,2017,33.09,32.086130012273784,33.41095131882036
2020-05-01,Cox's Bazar,2017,33.22,32.085083838701244,33.52254457611255
2020-06-01,Cox's Bazar,2017,31.51,31.18581722617149,32.01332102070651
2020-07-01,Cox's Bazar,2017,31.14,30.276605106592175,31.084172359911648
2020-08-01,Cox's Bazar,2017,30.75,30.101976417303085,31.44448087398351
2020-09-01,Cox's Bazar,2017,32.47,30.605392895936966,32.108654216122034
2020-10-01,Cox's Bazar,2017,32.8,31.138607240915295,32.513852818878014
2020-11-01,Cox's Bazar,2017,31.24,30.739365459680556,31.23157152841377
2020-12-01,Cox's Bazar,2017,28.03,29.284997466206548,28.651291815717528
2021-01-01,Cox's Bazar,2020,28.35,26.800683436393737,27.56235880330637
2021-02-01,Cox's Bazar,2020,29.36,29.040499906539914,29.83507503830831
2021-03-01,Cox's Bazar,2020,32.91,31.840234333276747,32.06559731090186
2021-04-01,Cox's Bazar,2020,33.67,33.41175537467002,33.28766561776449
2021-05-01,Cox's Bazar,2020,33.92,33.253921574354166,33.436567479128655
2021-06-01,Cox's Bazar,2020,30.86,31.766098159551618,31.863096408946994
2021-07-01,Cox's Bazar,2020,30.91,30.911381208896636,31.071728236674314
2021-08-01,Cox's Bazar,2020,30.95,31.006245086193083,31.40400505368826
2021-09-01,Cox's Bazar,2020,32.2,31.753345814943312,32.06580001622564
2021-10-01,Cox's Bazar,2020,32.93,32.33105121612549,32.534415416132596
2021-11-01,Cox's Bazar,2020,32.15,31.010985910892483,31.16489916325542
2021-12-01,Cox's Bazar,2020,28.59,28.08757232069969,28.607921820313
2022-01-01,Cox's Bazar,2020,27.31,26.932034643292425,27.735707203263456
2022-02-01,Cox's Bazar,2020,28.61,29.19432981729507,29.866918389904455
2022-03-01,Cox's Bazar,2020,32.74,31.743991975784297,32.23180221425674
2022-04-01,Cox's Bazar,2020,33.43,33.297956254482266,33.41044515530975
2022-05-01,Cox's Bazar,2020,32.85,33.114848446846004,33.55262114889903
2022-06-01,Cox's Bazar,2020,31.26,31.719065861701964,31.967993065940597
2022-07-01,Cox's Bazar,2020,32.23,30.879076391458508,31.201500969215292
2022-08-01,Cox's Bazar,2020,32.35,31.04954220771789,31.48410044393309
2022-09-01,Cox's Bazar,2020,31.99,31.733219754695888,32.20913771572902
2022-10-01,Cox's Bazar,2020,33.03,32.24157344937324,32.6755291964806
2022-11-01,Cox's Bazar,2020,32.34,30.841863660812376,31.292283816514107
2022-12-01,Cox's Bazar,2020,29.99,28.0478121137619,28.686619028247637
2023-01-01,Cox's Bazar,2020,28.25,26.990511880517005,27.832393224380706
2023-02-01,Cox's Bazar,2020,30.43,29.302277098894116,29.97043164702449
2023-03-01,Cox's Bazar,2020,33.05,31.773522999286648,32.322784731057965
2023-04-01,Cox's Bazar,2020,34.83,33.26747257709503,33.50417046400878
2023-05-01,Cox's Bazar,2020,33.41,33.0291420173645,33.64426675769979
2023-06-01,Cox's Bazar,2020,32.38,31.649424867630003,32.058229997083096
2023-07-01,Cox's Bazar,2020,32.34,30.853623449802395,31.28755037240335
2023-08-01,Cox's Bazar,2020,31.0,31.05605367183685,31.5717590461581
2023-09-01,Cox's Bazar,2020,32.51,31.73822243452072,32.28947909702435
2023-10-01,Cox's Bazar,2020,32.56,32.208571598529815,32.75481882710766
2023-11-01,Cox's Bazar,2020,31.33,30.679820227622983,31.37060320958724
2023-12-01,Cox's Bazar,2020,28.84,27.968755245804786,28.766295875210837
2012-01-01,Faridpur,2011,23.93,24.190248272418977,24.18168784830723
2012-02-01,Faridpur,2011,28.92,28.429404025077822,28.23565454417689
2012-03-01,Faridpur,2011,33.79,32.58299235343934,32.92118402131723
2012-04-01,Faridpur,2011,34.17,34.67520971298218,34.71894601987498
2012-05-01,Faridpur,2011,35.02,34.25271003723145,34.110729306269654
2012-06-01,Faridpur,2011,33.72,33.15165963172913,32.9071863750706
2012-07-01,Faridpur,2011,32.45,32.37792756080628,31.982173824995364
2012-08-01,Faridpur,2011,32.32,32.0061828327179,32.16537170242765
2012-09-01,Faridpur,2011,32.77,32.07348473548889,32.311939709362235
2012-10-01,Faridpur,2011,32.2,31.87358154296875,32.03188343450772
2012-11-01,Faridpur,2011,28.55,29.8542657661438,29.668607351027504
2012-12-01,Faridpur,2011,24.01,26.363894901275636,26.079951934612925
2013-01-01,Faridpur,2011,23.94,25.50791192531586,24.75104857115926
2013-02-01,Faridpur,2011,28.6,28.7589061498642,28.43149495454802
2013-03-01,Faridpur,2011,33.82,32.468923540115355,33.0577100613406
2013-04-01,Faridpur,2011,35.02,34.34785927772522,34.82831683322376
2013-05-01,Faridpur,2011,32.19,34.01895479202271,34.197975736782446
2013-06-01,Faridpur,2011,33.74,33.04568396568298,32.99790313993504
2013-07-01,Faridpur,2011,32.6,32.31621684074402,32.08146353896258
2013-08-01,Faridpur,2011,32.04,32.043261003494266,32.28099965069381
2013-09-01,Faridpur,2011,32.82,32.05066870689392,32.397933578923244
2013-10-01,Faridpur,2011,31.28,31.720076103210452,32.13129402022192
2013-11-01,Faridpur,2011,29.91,30.10870517730713,29.803621550348957
2013-12-01,Faridpur,2011,26.3,27.248701453208923,26.207305642278055
2014-01-01,Faridpur,2011,23.16,26.265646057128908,24.821523277204953
2014-02-01,Faridpur,2011,27.1,28.721768498420715,28.502825499464002
2014-03-01,Faridpur,2011,32.76,32.03266589164734,33.12939332758087
2014-04-01,Faridpur,2011,37.06,33.91525260925293,34.89858520518488
2014-05-01,Faridpur,2011,35.52,33.81136443138123,34.26640983414326
2014-06-01,Faridpur,2011,33.17,32.9628387260437,33.064588842080695
2014-07-01,Faridpur,2011,32.54,32.23916010856629,32.14602203156834
2014-08-01,Faridpur,2011,32.4,31.91656623840332,32.34308425793967
2014-09-01,Faridpur,2011,32.88,31.89084321022034,32.45711885892913
2014-10-01,Faridpur,2011,32.49,31.59938038825989,32.18842874932725
2014-11-01,Faridpur,2011,30.43,30.28513994216919,29.8583453542446
2014-12-01,Faridpur,2011,24.72,27.78860369205475,26.25877922816305
2015-01-01,Faridpur,2014,24.59,24.26203530073166,24.25334330357662
2015-02-01,Faridpur,2014,28.5,26.616117005348208,28.384982351768247
2015-03-01,Faridpur,2014,32.75,31.6865469455719,33.13580363259048
2015-04-01,Faridpur,2014,33.21,34.875412197113036,34.94924293754108
2015-05-01,Faridpur,2014,34.6,34.7372216129303,34.19433734161288
2015-06-01,Faridpur,2014,33.08,33.77888798713684,33.03978934315883
2015-07-01,Faridpur,2014,32.08,33.41491351127625,32.10106844350011
2015-08-01,Faridpur,2014,32.69,33.34426275253296,32.20058900476413
2015-09-01,Faridpur,2014,33.46,33.192233943939215,32.385158968239395
2015-10-01,Faridpur,2014,32.93,32.443267545700074,32.00685268567653
2015-11-01,Faridpur,2014,30.62,30.638299322128297,29.674991952228297
2015-12-01,Faridpur,2014,25.94,27.942352719306946,25.872310846740916
2016-01-01,Faridpur,2014,25.16,25.7524289226532,24.470331496012324
2016-02-01,Faridpur,2014,30.06,25.630175852775572,28.349429449149206
2016-03-01,Faridpur,2014,34.07,28.857156882286073,33.03903031212695
2016-04-01,Faridpur,2014,36.11,32.61019862174988,34.85688436698774
2016-05-01,Faridpur,2014,34.1,34.191497821807864,34.158204495761254
2016-06-01,Faridpur,2014,34.08,33.989136095047,33.02282017024198
2016-07-01,Faridpur,2014,32.28,33.431714439392096,32.081408416307575
2016-08-01,Faridpur,2014,33.13,33.120952501297,32.19192696269987
2016-09-01,Faridpur,2014,33.31,32.981601572036745,32.37946909752247
2016-10-01,Faridpur,2014,33.42,32.525979661941534,32.01120867964965
2016-11-01,Faridpur,2014,30.16,31.256295900344853,29.686111666223344
2016-12-01,Faridpur,2014,27.35,29.151935043334962,25.894848188052585
2017-01-01,Faridpur,2014,26.24,26.78255193710327,24.46349062437344
2017-02-01,Faridpur,2014,29.85,25.47420243740082,28.34819810115582
2017-03-01,Faridpur,2014,31.38,27.182028346061706,33.042669829404815
2017-04-01,Faridpur,2014,33.88,30.92944491386414,34.864551978451
2017-05-01,Faridpur,2014,34.87,33.53230568885803,34.1688979884461
2017-06-01,Faridpur,2014,33.46,33.96823288917542,33.03501764357091
2017-07-01,Faridpur,2014,32.07,33.41972483634949,32.094645789412155
2017-08-01,Faridpur,2014,32.88,32.97891361236572,32.20624297491121
2017-09-01,Faridpur,2014,33.4,32.809587259292606,32.39462577887018
2017-10-01,Faridpur,2014,31.65,32.51890995979309,32.02715042474781
2017-11-01,Faridpur,2014,29.96,31.593978033065795,29.70264609624127
2017-12-01,Faridpur,2014,26.61,29.817452898025515,25.911868835801613
2018-01-01,Faridpur,2017,23.41,25.92564606666565,24.944367257978552
2018-02-01,Faridpur,2017,29.54,28.345416378974917,28.716942088916046
2018-03-01,Faridpur,2017,33.75,31.606322631835937,33.15984965499685
2018-04-01,Faridpur,2017,33.12,33.546278924942015,35.01239248425255
2018-05-01,Faridpur,2017,32.63,33.77193252563477,34.443065100751575
2018-06-01,Faridpur,2017,33.87,33.068449010849,33.30338173385671
2018-07-01,Faridpur,2017,32.67,32.29045038223267,32.29380042749158
2018-08-01,Faridpur,2017,33.14,32.037641496658324,32.51226327693224
2018-09-01,Faridpur,2017,33.72,32.20425062179566,32.724330105098375
2018-10-01,Faridpur,2017,31.88,31.918312892913818,32.29257665630081
2018-11-01,Faridpur,2017,30.28,30.380946302413943,29.975019325681828
2018-12-01,Faridpur,2017,25.88,27.792189526557923,26.22344067169811
2019-01-01,Faridpur,2017,26.64,26.24829800128937,24.84592402610692
2019-02-01,Faridpur,2017,28.18,27.659863452911377,28.72027256609781
2019-03-01,Faridpur,2017,31.94,30.77389919281006,33.19511089548748
2019-04-01,Faridpur,2017,34.25,32.97440629959107,34.99072201218092
2019-05-01,Faridpur,2017,35.0,33.44422898292542,34.408918915912764
2019-06-01,Faridpur,2017,34.14,32.91657976150513,33.2929025677071
2019-07-01,Faridpur,2017,33.55,32.22129985809326,32.28532187260455
2019-08-01,Faridpur,2017,33.48,31.878711986541752,32.498232581378275
2019-09-01,Faridpur,2017,33.05,31.96125038146973,32.723608506106274
2019-10-01,Faridpur,2017,32.05,31.874155578613284,32.306840110005865
2019-11-01,Faridpur,2017,30.53,30.787809171676635,29.966775358942485
2019-12-01,Faridpur,2017,24.94,28.53014822483063,26.22206125520232
2020-01-01,Faridpur,2017,23.89,26.656902804374695,24.856078952761482
2020-02-01,Faridpur,2017,27.13,27.17277202129364,28.7302209518389
2020-03-01,Faridpur,2017,32.47,29.931412191390994,33.20473862371786
2020-04-01,Faridpur,2017,34.14,32.40112218856812,35.000132357430076
2020-05-01,Faridpur,2017,32.99,33.24494136810303,34.41988740006525
2020-06-01,Faridpur,2017,33.11,32.915031375885015,33.30569385489975
2020-07-01,Faridpur,2017,32.95,32.25054451942444,32.29924709593298
2020-08-01,Faridpur,2017,32.67,31.835113601684572,32.51322676335651
2020-09-01,Faridpur,2017,33.31,31.854290924072266,32.73978337628473
2020-10-01,Faridpur,2017,33.15,31.866526002883916,32.3238261420322
2020-11-01,Faridpur,2017,30.53,31.132563838958742,29.984215704996178
2020-12-01,Faridpur,2017,25.25,29.178299612998963,26.24054705179084
2021-01-01,Faridpur,2020,25.04,23.0228896689415,24.488993387539328
2021-02-01,Faridpur,2020,29.41,26.212523684501647,28.565812513052425
2021-03-01,Faridpur,2020,34.51,31.25382981300354,33.08459401804986
2021-04-01,Faridpur,2020,35.93,34.18104999542237,34.79650217611402
2021-05-01,Faridpur,2020,34.63,34.380043039321905,34.29127781041799
2021-06-01,Faridpur,2020,32.69,33.394968605041505,33.41425911194386
2021-07-01,Faridpur,2020,32.83,32.476791038513184,32.44928618537139
2021-08-01,Faridpur,2020,32.76,32.15573233604431,32.61438916386609
2021-09-01,Faridpur,2020,33.09,32.40602981567383,32.860973797760266
2021-10-01,Faridpur,2020,33.23,32.35762199401856,32.32306211470129
2021-11-01,Faridpur,2020,29.28,30.40662967681885,30.040402437024568
2021-12-01,Faridpur,2020,25.67,26.154002261161807,26.041738619213668
2022-01-01,Faridpur,2020,24.33,23.18507751584053,24.77869886554402
2022-02-01,Faridpur,2020,26.69,25.774145503044128,28.66875201713184
2022-03-01,Faridpur,2020,33.82,30.885212068557742,33.113262399901245
2022-04-01,Faridpur,2020,34.49,34.04227876663208,34.81216637809172
2022-05-01,Faridpur,2020,33.42,34.37154768943787,34.29762146687398
2022-06-01,Faridpur,2020,33.42,33.176634902954106,33.40203641660353
2022-07-01,Faridpur,2020,33.81,32.199546928405766,32.44653291930658
2022-08-01,Faridpur,2020,33.52,32.03806163787842,32.629677459221625
2022-09-01,Faridpur,2020,33.13,32.32006420135498,32.87681983897053
2022-10-01,Faridpur,2020,32.21,32.257803993225096,32.349877258933006
2022-11-01,Faridpur,2020,30.53,30.584949884414677,30.08142383414317
2022-12-01,Faridpur,2020,27.02,26.49393238544464,26.085139510345996
2023-01-01,Faridpur,2020,24.64,23.31903682947159,24.79991515352094
2023-02-01,Faridpur,2020,29.56,25.324601006507873,28.690204548098997
2023-03-01,Faridpur,2020,32.53,30.47848421096802,33.13530124133663
2023-04-01,Faridpur,2020,36.71,33.809254283905034,34.83522368376443
2023-05-01,Faridpur,2020,34.61,34.29321731567383,34.321490271509276
2023-06-01,Faridpur,2020,33.87,33.1035359954834,33.426659699150115
2023-07-01,Faridpur,2020,34.42,32.10206094741822,32.47209731947084
2023-08-01,Faridpur,2020,33.2,31.937333488464358,32.65581022580291
2023-09-01,Faridpur,2020,33.57,32.22322401046753,32.90307456806152
2023-10-01,Faridpur,2020,33.05,32.210043849945066,32.3762412791059
2023-11-01,Faridpur,2020,31.09,30.75884775161743,30.107687538829342
2023-12-01,Faridpur,2020,26.69,26.748033323287963,26.11107243791476
2012-01-01,Jessore,2011,24.75,24.785219717621803,25.417066843390987
2012-02-01,Jessore,2011,29.48,28.54541000366211,29.350315854907294
2012-03-01,Jessore,2011,34.6,32.8901793718338,33.80732561167005
2012-04-01,Jessore,2011,35.33,35.809523289203646,36.1598097531776
2012-05-01,Jessore,2011,37.64,35.82413241267204,35.91830009692519
2012-06-01,Jessore,2011,36.1,34.005592861175536,34.337790807599774
2012-07-01,Jessore,2011,33.07,32.836251007318495,33.05872533793989
2012-08-01,Jessore,2011,33.17,32.576231619119646,33.15723229624304
2012-09-01,Jessore,2011,33.5,32.78461392879486,33.350633836958835
2012-10-01,Jessore,2011,33.07,32.60137389063836,33.02245885613757
2012-11-01,Jessore,2011,29.41,30.37817389726639,30.787013167818497
2012-12-01,Jessore,2011,25.36,26.656493651270868,27.2342169810684
2013-01-01,Jessore,2011,24.77,24.965430811047554,25.908079365844568
2013-02-01,Jessore,2011,29.15,28.467395099401475,29.59281749507627
2013-03-01,Jessore,2011,34.46,32.921368898153304,34.00032614002504
2013-04-01,Jessore,2011,35.93,35.89487610936165,36.32790153551878
2013-05-01,Jessore,2011,33.87,35.78888141274452,36.058968401911876
2013-06-01,Jessore,2011,34.01,33.86020448088646,34.47711089585764
2013-07-01,Jessore,2011,33.17,32.81428753256798,33.20009357587555
2013-08-01,Jessore,2011,32.91,32.75193748354912,33.30192942499605
2013-09-01,Jessore,2011,33.33,32.90583649277687,33.463455129093326
2013-10-01,Jessore,2011,31.86,32.5408839404583,33.129933669522586
2013-11-01,Jessore,2011,30.74,30.396958575248718,30.92471941524159
2013-12-01,Jessore,2011,27.17,26.835703153014183,27.358035920811396
2014-01-01,Jessore,2011,24.04,25.05944604575634,26.001660377206317
2014-02-01,Jessore,2011,28.04,28.42252939939499,29.683945868396254
2014-03-01,Jessore,2011,33.38,32.87229090571404,34.08861864180786
2014-04-01,Jessore,2011,38.03,35.856370903253556,36.41259564640449
2014-05-01,Jessore,2011,37.52,35.781412013769156,36.140072676254874
2014-06-01,Jessore,2011,34.21,33.8679155766964,34.555069977260835
2014-07-01,Jessore,2011,32.94,32.82561924695969,33.27484811187437
2014-08-01,Jessore,2011,33.47,32.76109295964241,33.37344169146693
2014-09-01,Jessore,2011,33.54,32.910511876344685,33.53171959317557
2014-10-01,Jessore,2011,32.78,32.544969583749776,33.19577221585759
2014-11-01,Jessore,2011,31.03,30.46494306087494,30.988253767259334
2014-12-01,Jessore,2011,25.86,26.938643285036086,27.41861671923217
2015-01-01,Jessore,2014,25.5,25.85760681986809,25.11434417267186
2015-02-01,Jessore,2014,29.26,28.141797559261324,29.246753209195518
2015-03-01,Jessore,2014,33.03,32.7739986038208,33.89358407492836
2015-04-01,Jessore,2014,34.22,36.021280653476715,36.22999192875053
2015-05-01,Jessore,2014,36.36,36.024990216493606,35.93122138734213
2015-06-01,Jessore,2014,34.31,34.777700166702274,34.30544093888986
2015-07-01,Jessore,2014,32.36,34.23288843154907,32.94580325619716
2015-08-01,Jessore,2014,33.17,33.93437737226486,33.04343759087821
2015-09-01,Jessore,2014,34.04,33.3837997174263,33.20155121047516
2015-10-01,Jessore,2014,33.58,32.31234798192978,32.735086257268854
2015-11-01,Jessore,2014,31.33,30.52693249821663,30.546256394629445
2015-12-01,Jessore,2014,26.65,28.21693772137165,26.78972489794941
2016-01-01,Jessore,2014,25.61,26.830060498714445,25.376012871936553
2016-02-01,Jessore,2014,30.5,27.846428558826446,29.23416628395068
2016-03-01,Jessore,2014,34.46,31.327145278453827,33.80545573142477
2016-04-01,Jessore,2014,37.42,34.4807543361187,36.13691493052438
2016-05-01,Jessore,2014,35.67,35.37180742144585,35.90057259678717
2016-06-01,Jessore,2014,34.32,34.74642846345902,34.30615354691563
2016-07-01,Jessore,2014,32.82,34.07438364744186,32.9309003937893
2016-08-01,Jessore,2014,32.92,33.59621062994003,33.03220589878451
2016-09-01,Jessore,2014,33.21,33.00944032430649,33.20465222545599
2016-10-01,Jessore,2014,33.85,31.977893702983856,32.74489989700231
2016-11-01,Jessore,2014,29.85,30.35278896212578,30.555162092029136
2016-12-01,Jessore,2014,27.22,28.374356803298,26.812588451560128
2017-01-01,Jessore,2014,26.38,26.99363849937916,25.369623495476915
2017-02-01,Jessore,2014,30.07,27.826069951057434,29.233395042185386
2017-03-01,Jessore,2014,32.55,31.022373304367065,33.810048998046575
2017-04-01,Jessore,2014,35.69,34.09810474157334,36.14618428228367
2017-05-01,Jessore,2014,36.11,35.105178108215334,35.91352081313146
2017-06-01,Jessore,2014,34.63,34.540566568374636,34.32068800783088
2017-07-01,Jessore,2014,32.41,33.85197905421257,32.94616987657086
2017-08-01,Jessore,2014,33.54,33.3789097070694,33.048684473998584
2017-09-01,Jessore,2014,34.62,32.78040356993675,33.22224322584501
2017-10-01,Jessore,2014,32.42,31.731357131004337,32.76324670540671
2017-11-01,Jessore,2014,30.43,30.12372030377388,30.574141495216207
2017-12-01,Jessore,2014,27.06,28.227722717523577,26.832269068284056
2018-01-01,Jessore,2017,24.35,26.339493750929833,25.66987745802209
2018-02-01,Jessore,2017,30.31,28.99743384063244,29.55017535594789
2018-03-01,Jessore,2017,34.58,32.94076458573342,33.87540555808189
2018-04-01,Jessore,2017,34.87,35.936533042192465,36.27654341649726
2018-05-01,Jessore,2017,34.15,36.22682640910149,36.13100160630925
2018-06-01,Jessore,2017,35.12,34.635866663455964,34.52786981259504
2018-07-01,Jessore,2017,33.53,33.32664808392525,33.05016022714853
2018-08-01,Jessore,2017,33.88,33.20372107386589,33.28761937165632
2018-09-01,Jessore,2017,34.63,33.34878268003464,33.56859030790686
2018-10-01,Jessore,2017,32.99,32.671698968410496,33.0401813122022
2018-11-01,Jessore,2017,30.99,30.69198823332787,30.761611703097923
2018-12-01,Jessore,2017,26.05,27.922900470495225,27.079685687174138
2019-01-01,Jessore,2017,26.85,26.643888677954674,25.734018180315
2019-02-01,Jessore,2017,28.88,28.860279588103296,29.61242158282203
2019-03-01,Jessore,2017,32.19,32.842643405199055,33.93758160119811
2019-04-01,Jessore,2017,34.87,35.73741545557976,36.301307742364095
2019-05-01,Jessore,2017,36.65,36.06301589608193,36.154451141163605
2019-06-01,Jessore,2017,36.03,34.583013366460804,34.55784311301088
2019-07-01,Jessore,2017,34.51,33.404489933252336,33.084368225548545
2019-08-01,Jessore,2017,33.68,33.12640902400017,33.30785634455751
2019-09-01,Jessore,2017,33.15,33.10625150799751,33.60193409255328
2019-10-01,Jessore,2017,32.27,32.50514664649964,33.09604897117275
2019-11-01,Jessore,2017,30.41,30.709448412656783,30.79346085048241
2019-12-01,Jessore,2017,25.47,28.17262018978596,27.109427838792115
2020-01-01,Jessore,2017,24.86,26.855818613767624,25.766952049799627
2020-02-01,Jessore,2017,27.46,28.884588005542756,29.645054742753583
2020-03-01,Jessore,2017,32.56,32.73402291417122,33.96962863556696
2020-04-01,Jessore,2017,34.95,35.538959151506425,36.33273908275195
2020-05-01,Jessore,2017,34.52,35.885809577703476,36.1860837032539
2020-06-01,Jessore,2017,34.48,34.48751024603844,34.58961374881385
2020-07-01,Jessore,2017,34.52,33.358479557037356,33.11608047444327
2020-08-01,Jessore,2017,33.45,33.06903599619866,33.339404458602395
2020-09-01,Jessore,2017,34.09,33.00969168901444,33.63361351447548
2020-10-01,Jessore,2017,33.52,32.3954849255085,33.12754471241812
2020-11-01,Jessore,2017,30.62,30.66887041449547,30.82432460991808
2020-12-01,Jessore,2017,26.53,28.243864198923113,27.140258270083166
2021-01-01,Jessore,2020,26.02,24.05458565533161,25.40002471869708
2021-02-01,Jessore,2020,29.89,27.04357983291149,29.314975289042383
2021-03-01,Jessore,2020,35.25,32.0968578517437,33.67442829019883
2021-04-01,Jessore,2020,36.98,35.4054090821743,35.941841730922086
2021-05-01,Jessore,2020,35.62,36.132543374300006,35.90023109580147
2021-06-01,Jessore,2020,33.51,34.79852186560631,34.688588076538096
2021-07-01,Jessore,2020,33.73,33.44848455786705,33.2935024737865
2021-08-01,Jessore,2020,33.77,33.07450221180916,33.317462581800534
2021-09-01,Jessore,2020,33.33,33.40442419171333,33.61838370049619
2021-10-01,Jessore,2020,33.71,33.2696153652668,32.98002492458421
2021-11-01,Jessore,2020,29.82,30.83921931028366,30.66851572719999
2021-12-01,Jessore,2020,26.09,26.574698125123977,26.765235527960233
2022-01-01,Jessore,2020,24.61,23.929801930189132,25.564251118081213
2022-02-01,Jessore,2020,27.59,26.909887162446978,29.37969573673589
2022-03-01,Jessore,2020,34.05,32.05746126770973,33.67403519144497
2022-04-01,Jessore,2020,35.78,35.45867423057556,35.92526246488091
2022-05-01,Jessore,2020,34.97,36.20770528912544,35.872966338728766
2022-06-01,Jessore,2020,34.77,34.57328168511391,34.64601673389906
2022-07-01,Jessore,2020,34.54,33.13606432914734,33.26457484716466
2022-08-01,Jessore,2020,33.85,32.96024921774864,33.320994797443944
2022-09-01,Jessore,2020,33.76,33.282396293878556,33.61818925949758
2022-10-01,Jessore,2020,32.83,33.143875004053115,32.99055310493648
2022-11-01,Jessore,2020,30.92,30.813629416227343,30.687335909855815
2022-12-01,Jessore,2020,27.86,26.490088764429093,26.779092953044444
2023-01-01,Jessore,2020,25.22,23.85814256504178,25.574388273388127
2023-02-01,Jessore,2020,30.34,26.85366316139698,29.39000251217853
2023-03-01,Jessore,2020,33.15,32.02866357326508,33.685096915867234
2023-04-01,Jessore,2020,37.48,35.42666100144386,35.93790171606828
2023-05-01,Jessore,2020,35.81,36.126475816965105,35.8872207918243
2023-06-01,Jessore,2020,35.75,34.40087449908257,34.66188913390282
2023-07-01,Jessore,2020,34.66,32.99201591610908,33.28216424205987
2023-08-01,Jessore,2020,33.55,32.88193750977516,33.339855097919475
2023-09-01,Jessore,2020,33.87,33.20783378720284,33.637616402826524
2023-10-01,Jessore,2020,33.17,33.05778452515602,33.01063690777366
2023-11-01,Jessore,2020,31.03,30.72494311332703,30.707871290851
2023-12-01,Jessore,2020,26.84,26.3868697142601,26.799947682129492
2012-01-01,Khulna,2011,24.32,24.591736881136896,24.849239159914
2012-02-01,Khulna,2011,29.07,28.784161813259125,28.820083220650577
2012-03-01,Khulna,2011,33.93,32.92201299190521,32.89016611374201
2012-04-01,Khulna,2011,35.3,35.16845149517059,34.804490466951634
2012-05-01,Khulna,2011,36.71,34.93974975585938,34.86511420334549
2012-06-01,Khulna,2011,35.3,33.3010302400589,33.30292706808425
2012-07-01,Khulna,2011,32.64,32.34056848049164,32.109300958680905
2012-08-01,Khulna,2011,32.82,32.19108554124833,32.21306310429051
2012-09-01,Khulna,2011,32.79,32.43417218923569,32.46296264076795
2012-10-01,Khulna,2011,32.33,32.312066190242774,32.23449124072541
2012-11-01,Khulna,2011,29.38,29.60695601940155,29.974069710161476
2012-12-01,Khulna,2011,25.06,26.135426271557808,26.453586665457877
2013-01-01,Khulna,2011,24.82,25.018987332582476,25.24490684531945
2013-02-01,Khulna,2011,29.09,29.038621914386752,29.00260730663103
2013-03-01,Khulna,2011,33.82,33.13014434337616,33.05372271967099
2013-04-01,Khulna,2011,35.39,35.2693526172638,34.965408348995716
2013-05-01,Khulna,2011,33.28,34.86994017601013,35.01252595990411
2013-06-01,Khulna,2011,33.88,33.24683508872986,33.44874942833272
2013-07-01,Khulna,2011,32.79,32.39552123069763,32.25885968366439
2013-08-01,Khulna,2011,32.63,32.398109693527225,32.372095668877535
2013-09-01,Khulna,2011,33.19,32.59194925785065,32.58855469301874
2013-10-01,Khulna,2011,31.61,32.301810984611514,32.34977915284489
2013-11-01,Khulna,2011,30.43,29.619684469699862,30.122657699873013
2013-12-01,Khulna,2011,27.0,26.434632450938228,26.59578792750921
2014-01-01,Khulna,2011,23.92,25.24650453448296,25.33908779839078
2014-02-01,Khulna,2011,27.77,29.178972235918046,29.094499003814395
2014-03-01,Khulna,2011,32.9,33.16211501598359,33.14298824624539
2014-04-01,Khulna,2011,37.68,35.238423643112185,35.05098957378579
2014-05-01,Khulna,2011,36.77,34.83467552661896,35.09396878947355
2014-06-01,Khulna,2011,33.77,33.27946708202362,33.52618097275483
2014-07-01,Khulna,2011,32.85,32.43884010314942,32.33219255011987
2014-08-01,Khulna,2011,32.95,32.42676744937897,32.44119992692994
2014-09-01,Khulna,2011,33.28,32.61151267051697,32.65323983188593
2014-10-01,Khulna,2011,33.13,32.320215113162995,32.411019667177236
2014-11-01,Khulna,2011,31.01,29.723705952167514,30.180714781903088
2014-12-01,Khulna,2011,25.56,26.57876662373543,26.649820167338966
2015-01-01,Khulna,2014,25.25,25.216207294464112,25.09465182033924
2015-02-01,Khulna,2014,29.3,27.29101655960083,29.20974344262583
2015-03-01,Khulna,2014,32.74,32.191883640289305,33.48982941470216
2015-04-01,Khulna,2014,34.18,35.70178544998169,35.607042224215256
2015-05-01,Khulna,2014,36.05,35.72604806900024,35.40329350083132
2015-06-01,Khulna,2014,33.51,34.483340721130375,33.858711138593
2015-07-01,Khulna,2014,31.53,34.036808280944825,32.56664850806346
2015-08-01,Khulna,2014,32.74,33.94824131011963,32.63796652000965
2015-09-01,Khulna,2014,33.34,33.75010288238526,32.852390788833134
2015-10-01,Khulna,2014,33.08,33.06200340270996,32.46314503933516
2015-11-01,Khulna,2014,30.84,31.506086139678956,30.246897712212828
2015-12-01,Khulna,2014,26.26,29.175113468170167,26.416489517052703
2016-01-01,Khulna,2014,25.83,27.00604751586914,25.10894266135021
2016-02-01,Khulna,2014,30.27,26.37114589691162,29.053591766111996
2016-03-01,Khulna,2014,33.83,28.939212970733642,33.2988108889311
2016-04-01,Khulna,2014,36.31,32.7171262550354,35.43087950278562
2016-05-01,Khulna,2014,35.13,34.811244850158694,35.30389903216559
2016-06-01,Khulna,2014,33.82,34.825981121063236,33.78843348546319
2016-07-01,Khulna,2014,32.33,34.17455366134644,32.48755507930329
2016-08-01,Khulna,2014,33.04,33.715287380218506,32.570469057001894
2016-09-01,Khulna,2014,34.02,33.47753379821778,32.793570801391404
2016-10-01,Khulna,2014,33.36,33.05930316925049,32.41483104234314
2016-11-01,Khulna,2014,29.9,32.02847574234009,30.213080781804223
2016-12-01,Khulna,2014,27.07,30.276709156036375,26.395963319000558
2017-01-01,Khulna,2014,26.22,28.114341430664062,25.058487773492786
2017-02-01,Khulna,2014,29.64,26.51464686870575,29.01091322979144
2017-03-01,Khulna,2014,31.66,27.429930953979493,33.26336518210156
2017-04-01,Khulna,2014,34.7,30.82634056091309,35.40191192365442
2017-05-01,Khulna,2014,35.9,33.87350080490113,35.28024671595586
2017-06-01,Khulna,2014,33.98,34.79430788040161,33.76786760561675
2017-07-01,Khulna,2014,31.97,34.2538320350647,32.469344543701446
2017-08-01,Khulna,2014,33.0,33.641982822418214,32.554845550550354
2017-09-01,Khulna,2014,33.5,33.35160043716431,32.78022681928401
2017-10-01,Khulna,2014,31.66,33.05051067352295,32.40354922238336
2017-11-01,Khulna,2014,30.1,32.30027835845947,30.20360927419852
2017-12-01,Khulna,2014,26.46,30.86142557144165,26.387978442261876
2018-01-01,Khulna,2017,23.97,26.16113214969635,25.213197081182855
2018-02-01,Khulna,2017,29.00071,29.058856658935547,29.122327196765088
2018-03-01,Khulna,2017,33.73,32.895673828125,33.04633261811645
2018-04-01,Khulna,2017,34.63,35.58804862976074,35.276059797616966
2018-05-01,Khulna,2017,33.89,35.78937309265137,35.351058090211964
2018-06-01,Khulna,2017,34.33,34.231273155212406,33.719780272082595
2018-07-01,Khulna,2017,32.85,33.072341709136964,32.29622891550272
2018-08-01,Khulna,2017,33.34,33.059798412323,32.623970669283146
2018-09-01,Khulna,2017,34.22,33.31128490447998,32.957698973238365
2018-10-01,Khulna,2017,32.71,32.74092281341553,32.42955155172814
2018-11-01,Khulna,2017,30.72,30.78478563308716,30.211528204481425
2018-12-01,Khulna,2017,26.01,27.84893620491028,26.458610883963477
2019-01-01,Khulna,2017,26.86,26.34889343261719,25.27620159083397
2019-02-01,Khulna,2017,28.64,28.293791084289552,29.196154339445663
2019-03-01,Khulna,2017,31.78,32.17146537780762,33.11884120883388
2019-04-01,Khulna,2017,34.64,35.06237686157227,35.301911909200605
2019-05-01,Khulna,2017,36.17,35.682320766448974,35.373002220247514
2019-06-01,Khulna,2017,35.17,34.54148157119751,33.76287753692636
2019-07-01,Khulna,2017,33.66,33.2771981048584,32.34156151232193
2019-08-01,Khulna,2017,33.06,32.76113079071045,32.657334231880185
2019-09-01,Khulna,2017,32.9,32.82871644973755,33.003183290992766
2019-10-01,Khulna,2017,32.05,32.58016193389893,32.48456798721761
2019-11-01,Khulna,2017,29.74,31.050959472656253,30.238897319948308
2019-12-01,Khulna,2017,24.6,28.431321887969972,26.48915752232105
2020-01-01,Khulna,2017,24.03,26.61097400665283,25.308219375553467
2020-02-01,Khulna,2017,26.95,27.977608852386474,29.227149533710147
2020-03-01,Khulna,2017,32.29,31.684594230651854,33.14832741212941
2020-04-01,Khulna,2017,34.43,34.68852241516113,35.329954593886555
2020-05-01,Khulna,2017,34.15,35.55462358474732,35.400765402742394
2020-06-01,Khulna,2017,33.56,34.59970138549805,33.790329316548885
2020-07-01,Khulna,2017,33.27,33.33235977172852,32.36811227042857
2020-08-01,Khulna,2017,32.74,32.765196590423585,32.68296316222032
2020-09-01,Khulna,2017,33.45,32.78310001373291,33.02821490800264
2020-10-01,Khulna,2017,32.96,32.5710870552063,32.508712153667645
2020-11-01,Khulna,2017,30.57,31.257849197387696,30.26198615413976
2020-12-01,Khulna,2017,25.98,28.818715267181396,26.51192844946396
2021-01-01,Khulna,2020,25.91,24.146226214170458,25.040916295401086
2021-02-01,Khulna,2020,29.51,26.74337127685547,28.858177405219344
2021-03-01,Khulna,2020,34.58,31.658858757019043,32.96608387806196
2021-04-01,Khulna,2020,36.47,34.802920989990234,35.11670063648317
2021-05-01,Khulna,2020,35.48,35.67253177642822,35.229158189425206
2021-06-01,Khulna,2020,32.61,34.41090562820435,33.945445708809665
2021-07-01,Khulna,2020,32.65,32.84764469146729,32.60390169690434
2021-08-01,Khulna,2020,32.73,32.358336811065676,32.74835868303917
2021-09-01,Khulna,2020,32.29,32.6163395690918,33.13114478667839
2021-10-01,Khulna,2020,33.06,32.589244537353515,32.487612385363434
2021-11-01,Khulna,2020,29.98,30.765259151458743,30.228877013780682
2021-12-01,Khulna,2020,25.86,26.735330657958986,26.18599442467746
2022-01-01,Khulna,2020,24.29,24.50001392841339,25.163488479843235
2022-02-01,Khulna,2020,27.29,26.731551532745364,28.901105647215154
2022-03-01,Khulna,2020,33.62,31.580703048706056,32.94691448533958
2022-04-01,Khulna,2020,35.19,34.782454662323,35.09116258393442
2022-05-01,Khulna,2020,34.88,35.713079910278324,35.19316088195781
2022-06-01,Khulna,2020,34.06,34.342966346740724,33.8929445733116
2022-07-01,Khulna,2020,33.78,32.726014881134034,32.5581090384232
2022-08-01,Khulna,2020,33.42,32.35825183868408,32.72903691665781
2022-09-01,Khulna,2020,33.33,32.606419258117675,33.10984914197658
2022-10-01,Khulna,2020,32.58,32.59154651641846,32.476813306436775
2022-11-01,Khulna,2020,30.66,31.08460338592529,30.22810434142152
2022-12-01,Khulna,2020,27.48,27.08827374458313,26.189098385786398
2023-01-01,Khulna,2020,25.35,24.686016969680786,25.157425382883
2023-02-01,Khulna,2020,29.45857,26.54913471221924,28.893842200853108
2023-03-01,Khulna,2020,32.54,31.364358215332032,32.93991182781671
2023-04-01,Khulna,2020,36.74,34.62593124389649,35.085774141304455
2023-05-01,Khulna,2020,35.69,35.6580933380127,35.18936222377403
2023-06-01,Khulna,2020,34.71,34.39318244934082,33.890824020250264
2023-07-01,Khulna,2020,33.89,32.76670291900635,32.55786861427408
2023-08-01,Khulna,2020,32.71,32.3444588470459,32.730328986088985
2023-09-01,Khulna,2020,33.2,32.57566612243652,33.11196399381036
2023-10-01,Khulna,2020,33.13,32.60240924835205,32.47979576845814
2023-11-01,Khulna,2020,30.62,31.334023933410645,30.23171082721237
2023-12-01,Khulna,2020,26.56,27.349620895385744,26.193131482769864
2012-01-01,Rajshahi,2011,23.42,23.99191411137581,23.44167133483461
2012-02-01,Rajshahi,2011,28.4,28.617298231124877,28.195686200065147
2012-03-01,Rajshahi,2011,33.94,33.74247237920761,33.365723288713966
2012-04-01,Rajshahi,2011,35.47,36.36255511045456,36.049384805607055
2012-05-01,Rajshahi,2011,38.34,35.674503159523006,35.23322471580559
2012-06-01,Rajshahi,2011,36.22,34.12281367301941,34.25575338205321
2012-07-01,Rajshahi,2011,33.37,33.1264936876297,32.92841924980319
2012-08-01,Rajshahi,2011,34.23,32.711145260334014,33.058634959351615
2012-09-01,Rajshahi,2011,33.53,32.41765891551971,32.9161601763394
2012-10-01,Rajshahi,2011,32.37,31.53674161672592,31.932349788332004
2012-11-01,Rajshahi,2011,28.16,28.827501957416533,29.521599399585416
2012-12-01,Rajshahi,2011,23.06,25.317826876640318,25.682629596350342
2013-01-01,Rajshahi,2011,23.39,25.259908923506735,23.92917448018887
2013-02-01,Rajshahi,2011,27.89,29.419361023902894,28.331005910853378
2013-03-01,Rajshahi,2011,33.95,33.951360993385315,33.52929470322721
2013-04-01,Rajshahi,2011,36.42,36.052881376743315,36.228779696022436
2013-05-01,Rajshahi,2011,33.87,35.25644670963287,35.38046553007631
2013-06-01,Rajshahi,2011,35.15,33.785012099742886,34.40105037308091
2013-07-01,Rajshahi,2011,34.31,32.94519045591354,33.0771101083539
2013-08-01,Rajshahi,2011,33.44,32.63609328269958,33.22574473961188
2013-09-01,Rajshahi,2011,34.39,32.25232566356659,33.051069401726885
2013-10-01,Rajshahi,2011,31.38,31.22645615339279,32.072506968327254
2013-11-01,Rajshahi,2011,29.57,28.693666386604306,29.683648060521218
2013-12-01,Rajshahi,2011,25.54,25.720806962251665,25.82023090648488
2014-01-01,Rajshahi,2011,22.96,25.972480947971345,24.02705718613222
2014-02-01,Rajshahi,2011,25.99,29.86484939098358,28.427364022477583
2014-03-01,Rajshahi,2011,32.53,33.98205831050873,33.623211531161985
2014-04-01,Rajshahi,2011,37.96,35.71672422647476,36.3188120987692
2014-05-01,Rajshahi,2011,37.11,34.87610648155212,35.46586110446216
2014-06-01,Rajshahi,2011,34.89,33.53284521341324,34.4824699453788
2014-07-01,Rajshahi,2011,33.97,32.798150477409365,33.154449676657364
2014-08-01,Rajshahi,2011,33.82,32.50923185586929,33.298867628849145
2014-09-01,Rajshahi,2011,34.08,32.089281601905824,33.11956420612634
2014-10-01,Rajshahi,2011,32.51,31.007882175445555,32.13731936894108
2014-11-01,Rajshahi,2011,30.15,28.52994771718979,29.744688781376603
2014-12-01,Rajshahi,2011,24.57,25.869156191349028,25.877060470499185
2015-01-01,Rajshahi,2014,23.72,24.058508180975913,23.54217066425959
2015-02-01,Rajshahi,2014,28.51,25.82794330596924,28.157973306797746
2015-03-01,Rajshahi,2014,33.04,31.368104598522187,33.63690689199607
2015-04-01,Rajshahi,2014,33.89,35.54277560472488,36.49640278430011
2015-05-01,Rajshahi,2014,36.0,35.88604224681854,35.76051172944219
2015-06-01,Rajshahi,2014,34.55,34.78986326217651,34.75060113327274
2015-07-01,Rajshahi,2014,33.48,34.04275489091873,33.37375720492019
2015-08-01,Rajshahi,2014,33.83,33.485400998592375,33.414183711135145
2015-09-01,Rajshahi,2014,34.34,32.70598925352096,33.34870116584314
2015-10-01,Rajshahi,2014,32.93,31.344421923160553,32.052947760923644
2015-11-01,Rajshahi,2014,30.54,29.25570789694786,29.541360624172775
2015-12-01,Rajshahi,2014,25.33,26.70858724474907,25.31719858383518
2016-01-01,Rajshahi,2014,24.13,25.174836143255234,23.70124384624622
2016-02-01,Rajshahi,2014,29.44,26.684215041399,28.060687692094497
2016-03-01,Rajshahi,2014,34.07,30.994755566120148,33.51623109950434
2016-04-01,Rajshahi,2014,37.72,34.33466715097427,36.38220776167119
2016-05-01,Rajshahi,2014,34.72,34.84358996152878,35.6903345308098
2016-06-01,Rajshahi,2014,35.35,34.01469845533371,34.704191560795536
2016-07-01,Rajshahi,2014,33.39,33.24618061304092,33.32969924732865
2016-08-01,Rajshahi,2014,34.18,32.5654449057579,33.38598695202726
2016-09-01,Rajshahi,2014,34.04,31.63450858592987,33.32703816811753
2016-10-01,Rajshahi,2014,33.04,30.208064877986907,32.04517365451429
2016-11-01,Rajshahi,2014,29.98,28.31518532633781,29.53843896049745
2016-12-01,Rajshahi,2014,26.15,26.536466351747514,25.323655024591236
2017-01-01,Rajshahi,2014,25.22,26.279260689020155,23.690158234708274
2017-02-01,Rajshahi,2014,28.73,28.65092897295952,28.05357040162375
2017-03-01,Rajshahi,2014,31.31,32.11803395986557,33.51280601639411
2017-04-01,Rajshahi,2014,35.23,34.007481324672696,36.382452573702764
2017-05-01,Rajshahi,2014,35.3,33.88671268224716,35.693727689870556
2017-06-01,Rajshahi,2014,35.25,33.1173422551155,34.70969090033602
2017-07-01,Rajshahi,2014,32.65,32.423822038173675,33.33676555539643
2017-08-01,Rajshahi,2014,34.14,31.649247646331787,33.39450308947405
2017-09-01,Rajshahi,2014,33.93,30.545839807987214,33.33666898682462
2017-10-01,Rajshahi,2014,31.81,29.06388483405113,32.05577691408732
2017-11-01,Rajshahi,2014,29.36,27.527403329610824,29.549760394610576
2017-12-01,Rajshahi,2014,26.18,26.828334916830062,25.335614681127375
2018-01-01,Rajshahi,2017,22.55,24.904768438935278,24.119345969698855
2018-02-01,Rajshahi,2017,28.9,27.54677192568779,28.270468526673863
2018-03-01,Rajshahi,2017,34.12,32.35699004411697,33.27103483050763
2018-04-01,Rajshahi,2017,34.06,35.881897618770594,36.21270511770162
2018-05-01,Rajshahi,2017,33.45,36.17484363794327,35.628020166129666
2018-06-01,Rajshahi,2017,35.67,34.79287821531295,34.855519271791614
2018-07-01,Rajshahi,2017,33.93,33.57425845623016,33.30843247269225
2018-08-01,Rajshahi,2017,34.65,33.240696361064906,33.63909156511406
2018-09-01,Rajshahi,2017,34.32,32.88325336456299,33.576230748263846
2018-10-01,Rajshahi,2017,32.11,31.756265161037444,32.23101905124515
2018-11-01,Rajshahi,2017,30.01,29.487222514152528,29.70610639161466
2018-12-01,Rajshahi,2017,25.26,26.572729449272156,25.57644824832869
2019-01-01,Rajshahi,2017,25.46,25.118720607757567,24.01156164508653
2019-02-01,Rajshahi,2017,27.62,27.87567571043968,28.35578375094689
2019-03-01,Rajshahi,2017,32.08,32.783328289985654,33.342858208488224
2019-04-01,Rajshahi,2017,34.53,35.95612365484237,36.221840618053804
2019-05-01,Rajshahi,2017,36.14,35.99649994134903,35.625943936180775
2019-06-01,Rajshahi,2017,35.81,34.469948918819426,34.84991939494846
2019-07-01,Rajshahi,2017,34.5,33.4511750459671,33.316384298666335
2019-08-01,Rajshahi,2017,34.52,33.07930205106735,33.62804010447305
2019-09-01,Rajshahi,2017,33.45,32.58223762989044,33.58654899498599
2019-10-01,Rajshahi,2017,31.39,31.335906732082364,32.24509248289162
2019-11-01,Rajshahi,2017,29.99,29.0583957862854,29.70838483984627
2019-12-01,Rajshahi,2017,24.42,26.311051446199418,25.575289354422722
2020-01-01,Rajshahi,2017,23.33,25.393373886346815,24.029193059928325
2020-02-01,Rajshahi,2017,26.72,28.646565870046615,28.37100559266228
2020-03-01,Rajshahi,2017,31.61,33.41364532709122,33.356091792771174
2020-04-01,Rajshahi,2017,34.53,36.05493184328079,36.23391187214579
2020-05-01,Rajshahi,2017,33.8,35.68477787256241,35.638562251069224
2020-06-01,Rajshahi,2017,34.73,34.153497135639185,34.86332280472038
2020-07-01,Rajshahi,2017,33.87,33.31564069986343,33.33058950746819
2020-08-01,Rajshahi,2017,34.48,32.98110559225082,33.642682405107195
2020-09-01,Rajshahi,2017,34.09,32.384174711704254,33.602040423065034
2020-10-01,Rajshahi,2017,33.63,30.971612150669095,32.26088133757841
2020-11-01,Rajshahi,2017,30.23,28.585274078845977,29.724401056526496
2020-12-01,Rajshahi,2017,25.17,25.995049934387207,25.591812263545474
2021-01-01,Rajshahi,2020,23.77,23.077781972289085,23.72624687928839
2021-02-01,Rajshahi,2020,29.09,25.27811374127865,28.053171059879315
2021-03-01,Rajshahi,2020,34.56,30.989369361400605,33.02128447306841
2021-04-01,Rajshahi,2020,37.5,35.165011248588556,35.62798714244192
2021-05-01,Rajshahi,2020,34.65,36.16348401069641,35.26207670050738
2021-06-01,Rajshahi,2020,34.13,35.28673052310943,35.03350381571759
2021-07-01,Rajshahi,2020,34.16,34.05718488931656,33.555739982906765
2021-08-01,Rajshahi,2020,34.17,33.48128727674484,33.89644458323539
2021-09-01,Rajshahi,2020,34.15,33.3857690000534,33.67124553263274
2021-10-01,Rajshahi,2020,33.2,32.964464201927186,32.24790965909629
2021-11-01,Rajshahi,2020,29.43,30.874548563957212,29.726326535982935
2021-12-01,Rajshahi,2020,26.34,26.625976036787034,25.2636200994039
2022-01-01,Rajshahi,2020,23.41,23.500019018650057,23.82919066611678
2022-02-01,Rajshahi,2020,26.01,24.818891564607622,28.05572282319086
2022-03-01,Rajshahi,2020,34.83,30.43439950942993,32.9781937731762
2022-04-01,Rajshahi,2020,36.77,34.910153391361234,35.556558540515475
2022-05-01,Rajshahi,2020,34.76,36.24995955944061,35.175692682491416
2022-06-01,Rajshahi,2020,34.96,35.265772922039034,34.928608049919184
2022-07-01,Rajshahi,2020,36.41,33.94897801876068,33.46279261567578
2022-08-01,Rajshahi,2020,34.71,33.36277691841126,33.81922605153717
2022-09-01,Rajshahi,2020,34.07,33.28712386846542,33.61155100822319
2022-10-01,Rajshahi,2020,33.06,32.92289216518402,32.19890463003991
2022-11-01,Rajshahi,2020,30.33,31.27043354511261,29.707305953727303
2022-12-01,Rajshahi,2020,26.78,27.28559641480446,25.246340642726217
2023-01-01,Rajshahi,2020,24.24,23.850373038649558,23.808968022316833
2023-02-01,Rajshahi,2020,29.49,24.38831250846386,28.035754103244265
2023-03-01,Rajshahi,2020,32.76,29.758387122154232,32.95980776759629
2023-04-01,Rajshahi,2020,37.48,34.47615573644638,35.540887423547474
2023-05-01,Rajshahi,2020,36.27,36.1609283876419,35.163247563249314
2023-06-01,Rajshahi,2020,37.26,35.31526547193527,34.91949981625087
2023-07-01,Rajshahi,2020,35.75,33.971115384101864,33.45712283712261
2023-08-01,Rajshahi,2020,34.04,33.32557437896728,33.8164985282756
2023-09-01,Rajshahi,2020,34.33,33.23353891134262,33.61127047226035
2023-10-01,Rajshahi,2020,32.38,32.942589006423944,32.20061168886315
2023-11-01,Rajshahi,2020,30.42,31.555903460979458,29.71072385363221
2023-12-01,Rajshahi,2020,26.25,27.810580325126647,25.25087767124719
2012-01-01,Rangamati,2011,26.43,26.484140121936797,26.3456808015793
2012-02-01,Rangamati,2011,30.49,29.729952340126037,29.39483047798261
2012-03-01,Rangamati,2011,33.16,32.66000514984131,32.89434035646188
2012-04-01,Rangamati,2011,32.86,34.13111499786377,33.997182979452184
2012-05-01,Rangamati,2011,33.95,33.77389792919159,33.553925337043864
2012-06-01,Rangamati,2011,32.17,32.60880383968353,32.18528567250212
2012-07-01,Rangamati,2011,31.03,32.18233904361725,31.58981541154389
2012-08-01,Rangamati,2011,32.63,32.356809144020076,32.05544360037068
2012-09-01,Rangamati,2011,33.12,32.81278905391693,32.44352854162296
2012-10-01,Rangamati,2011,31.89,32.491300768852234,32.227257815865194
2012-11-01,Rangamati,2011,28.99,30.34958515167236,29.974781556831402
2012-12-01,Rangamati,2011,26.21,27.690556902885437,27.136267447228676
2013-01-01,Rangamati,2011,25.8,27.149226945638656,26.5718365669713
2013-02-01,Rangamati,2011,30.85,29.613322553634642,29.54427696767644
2013-03-01,Rangamati,2011,34.81,32.36255516529083,33.03124999910493
2013-04-01,Rangamati,2011,35.35,34.00238982200622,34.105142498934704
2013-05-01,Rangamati,2011,31.49,33.925076069831846,33.636671290729026
2013-06-01,Rangamati,2011,33.34,32.89443420886993,32.257415210105094
2013-07-01,Rangamati,2011,32.63,32.30616230010986,31.657600577809696
2013-08-01,Rangamati,2011,31.75,32.45894474506378,32.136583982917074
2013-09-01,Rangamati,2011,32.62,32.9451868391037,32.50367832131948
2013-10-01,Rangamati,2011,31.36,32.841728544235224,32.286901891477875
2013-11-01,Rangamati,2011,29.95,31.155518622398375,30.035981503646934
2013-12-01,Rangamati,2011,26.76,28.824864983558655,27.192383073149614
2014-01-01,Rangamati,2011,26.98,28.030502347946165,26.61831497264177
2014-02-01,Rangamati,2011,28.94,29.66061925411224,29.591507428118366
2014-03-01,Rangamati,2011,33.75,31.985464129447934,33.079227633831756
2014-04-01,Rangamati,2011,37.32,33.60435674190521,34.15274843614695
2014-05-01,Rangamati,2011,34.52,33.846153635978695,33.68385075571545
2014-06-01,Rangamati,2011,32.46,33.09826329708099,32.30429965607833
2014-07-01,Rangamati,2011,33.22,32.46835899829864,31.70409242908095
2014-08-01,Rangamati,2011,31.89,32.44933934688568,32.18255903409048
2014-09-01,Rangamati,2011,32.27,32.886655631065366,32.54863459767273
2014-10-01,Rangamati,2011,32.51,33.055500817298885,32.33141028331708
2014-11-01,Rangamati,2011,30.49,32.00297796726227,30.079991995453096
2014-12-01,Rangamati,2011,27.49,30.09965365409851,27.23582350076994
2015-01-01,Rangamati,2014,26.16,26.874243783950806,26.905001866815606
2015-02-01,Rangamati,2014,29.3,29.778486957550047,29.97228119074728
2015-03-01,Rangamati,2014,33.7,33.21508270263672,33.4757667141616
2015-04-01,Rangamati,2014,32.24,34.62052574157715,34.54761086751568
2015-05-01,Rangamati,2014,33.59,33.60819278717041,33.766015230962736
2015-06-01,Rangamati,2014,32.23,32.33286027908325,32.527703281261985
2015-07-01,Rangamati,2014,30.53,32.12035060882568,31.980331411159565
2015-08-01,Rangamati,2014,31.46,32.174578514099125,32.32404313910089
2015-09-01,Rangamati,2014,32.41,32.543241310119626,32.71347854432009
2015-10-01,Rangamati,2014,31.58,32.322805156707766,32.403953631174005
2015-11-01,Rangamati,2014,29.61,29.81360520362854,30.176798396471675
2015-12-01,Rangamati,2014,25.37,27.34109788417816,27.308211047274437
2016-01-01,Rangamati,2014,25.35,26.739544987678528,26.721982385755414
2016-02-01,Rangamati,2014,29.77,30.190275030136107,29.84387634610019
2016-03-01,Rangamati,2014,32.85,33.45272392272949,33.354685943310805
2016-04-01,Rangamati,2014,33.71,34.466447296142576,34.4645108203637
2016-05-01,Rangamati,2014,33.57,33.296901588439944,33.760469912825116
2016-06-01,Rangamati,2014,32.66,32.13736095428467,32.51808903332602
2016-07-01,Rangamati,2014,31.5,31.887962951660157,31.957715435759944
2016-08-01,Rangamati,2014,32.13,32.193420333862306,32.32980185514815
2016-09-01,Rangamati,2014,32.74,32.566228580474856,32.69765799108155
2016-10-01,Rangamati,2014,32.37,32.06090198516846,32.3814030847587
2016-11-01,Rangamati,2014,29.07,29.296705598831178,30.164850421964896
2016-12-01,Rangamati,2014,28.21,26.977723450660704,27.306819044678306
2017-01-01,Rangamati,2014,27.83,26.724308052062987,26.724113257959566
2017-02-01,Rangamati,2014,30.6,30.557535676956178,29.849483719455684
2017-03-01,Rangamati,2014,30.64,33.669865455627445,33.36314099619975
2017-04-01,Rangamati,2014,31.92,34.40327785491944,34.47603219683772
2017-05-01,Rangamati,2014,34.0,33.06749965667724,33.77436181192907
2017-06-01,Rangamati,2014,31.66,31.975288772583006,32.53279321775149
2017-07-01,Rangamati,2014,31.4,31.803264694213865,31.973652256355773
2017-08-01,Rangamati,2014,32.68,32.19053157806397,32.347417604236306
2017-09-01,Rangamati,2014,32.48,32.53089488983154,32.71635005380951
2017-10-01,Rangamati,2014,31.59,31.72861843109131,32.401730057044325
2017-11-01,Rangamati,2014,30.31,28.83813477516174,30.186903381842086
2017-12-01,Rangamati,2014,27.58,26.60934823989868,27.330270152970915
2018-01-01,Rangamati,2017,24.97,27.69183596611023,26.658072378000583
2018-02-01,Rangamati,2017,29.58,30.323151931762695,29.659138165294703
2018-03-01,Rangamati,2017,33.11,32.35250444412232,33.0987524587399
2018-04-01,Rangamati,2017,33.7,33.26476007461548,34.19761299981075
2018-05-01,Rangamati,2017,32.17,33.06128030776978,33.78044203552559
2018-06-01,Rangamati,2017,31.79,31.966310482025147,32.38050873240874
2018-07-01,Rangamati,2017,31.91,31.633624973297117,31.76936819721912
2018-08-01,Rangamati,2017,32.96,32.07131917953491,32.230042498050295
2018-09-01,Rangamati,2017,33.2,32.33124464035034,32.60124704921729
2018-10-01,Rangamati,2017,30.23,31.814494400024415,32.32891737262944
2018-11-01,Rangamati,2017,29.43,30.019796600341795,30.099680351954152
2018-12-01,Rangamati,2017,26.45,27.75115203857422,27.241794218745028
2019-01-01,Rangamati,2017,27.25,27.72180583000183,26.688904078169173
2019-02-01,Rangamati,2017,29.09,30.52763228416443,29.719022131279587
2019-03-01,Rangamati,2017,32.0,32.87580795288086,33.16810704642084
2019-04-01,Rangamati,2017,34.72,33.56569898605347,34.1939466154883
2019-05-01,Rangamati,2017,34.64,32.95404521942139,33.74694266175947
2019-06-01,Rangamati,2017,33.58,32.02759605407715,32.385834210311764
2019-07-01,Rangamati,2017,31.35,31.736484699249267,31.767350370815887
2019-08-01,Rangamati,2017,32.98,32.046329956054684,32.23183504174851
2019-09-01,Rangamati,2017,33.12,32.325306034088136,32.62290076760984
2019-10-01,Rangamati,2017,32.36,31.81640172958374,32.34684401480392
2019-11-01,Rangamati,2017,30.46,29.851621980667115,30.102682753374378
2019-12-01,Rangamati,2017,26.1,27.736985874176025,27.25995737278986
2020-01-01,Rangamati,2017,25.25,27.856098566055298,26.717007187112912
2020-02-01,Rangamati,2017,27.98,30.75665533065796,29.744364082601713
2020-03-01,Rangamati,2017,33.0,33.043889904022215,33.19140065119547
2020-04-01,Rangamati,2017,34.56,33.61196287155151,34.21594767845449
2020-05-01,Rangamati,2017,33.55,32.90142826080322,33.76994642350618
2020-06-01,Rangamati,2017,32.76,32.03073583602905,32.410596976216354
2020-07-01,Rangamati,2017,32.11,31.787885627746583,31.79286676411043
2020-08-01,Rangamati,2017,32.43,32.08376726150513,32.25830397162065
2020-09-01,Rangamati,2017,33.03,32.338622150421145,32.6502015354144
2020-10-01,Rangamati,2017,33.67,31.766642246246338,32.37449759662805
2020-11-01,Rangamati,2017,30.27,29.715417613983153,30.130821943164992
2020-12-01,Rangamati,2017,26.83,27.69845687866211,27.288929529992384
2021-01-01,Rangamati,2020,27.89,25.141599004268645,26.643394801263614
2021-02-01,Rangamati,2020,30.12,27.966352224349976,29.758296729923234
2021-03-01,Rangamati,2020,34.94,31.836945991516114,33.26159912455979
2021-04-01,Rangamati,2020,36.36,33.78453357696533,34.3206292486071
2021-05-01,Rangamati,2020,35.69,33.879863300323485,33.82752604009925
2021-06-01,Rangamati,2020,31.47,32.59589111328125,32.53378936788645
2021-07-01,Rangamati,2020,32.02,31.66368320465088,31.884846198866132
2021-08-01,Rangamati,2020,31.47,31.74548801422119,32.3811682658436
2021-09-01,Rangamati,2020,33.54,32.19467311859131,32.76440795285862
2021-10-01,Rangamati,2020,33.05,32.37553394317627,32.41166729314331
2021-11-01,Rangamati,2020,30.33,30.16253077507019,30.164555285915057
2021-12-01,Rangamati,2020,26.79,27.09717592716217,27.280712583465082
2022-01-01,Rangamati,2020,25.93,25.18862114906311,26.730997784977195
2022-02-01,Rangamati,2020,28.52,27.710042400360106,29.78409424958954
2022-03-01,Rangamati,2020,34.45,31.43236846923828,33.2452455901045
2022-04-01,Rangamati,2020,34.82,33.446830673217775,34.30949739997918
2022-05-01,Rangamati,2020,32.6,33.62404418945312,33.825128115777304
2022-06-01,Rangamati,2020,31.79,32.39819980621338,32.524833476384856
2022-07-01,Rangamati,2020,33.68,31.544389476776125,31.883606808683528
2022-08-01,Rangamati,2020,33.55,31.68910566329956,32.384377199016015
2022-09-01,Rangamati,2020,32.9,32.14228607177734,32.767754571150185
2022-10-01,Rangamati,2020,32.85,32.220576515197756,32.42091553840583
2022-11-01,Rangamati,2020,31.37,30.207820663452146,30.197437242050434
2022-12-01,Rangamati,2020,28.21,27.17267614841461,27.303679068981516
2023-01-01,Rangamati,2020,27.56,25.17698782682419,26.741171594410396
2023-02-01,Rangamati,2020,30.7,27.432935919761658,29.79671604312104
2023-03-01,Rangamati,2020,32.84,31.178541927337648,33.26049689820783
2023-04-01,Rangamati,2020,35.75,33.3191185760498,34.32740135639865
2023-05-01,Rangamati,2020,34.84,33.56602821350098,33.84495574068914
2023-06-01,Rangamati,2020,33.19,32.38815797805786,32.54604154673697
2023-07-01,Rangamati,2020,33.89,31.50043565750122,31.906116833982473
2023-08-01,Rangamati,2020,30.62,31.637208938598633,32.407880906245985
2023-09-01,Rangamati,2020,33.62,32.09856060028076,32.792084753275745
2023-10-01,Rangamati,2020,31.98,32.19837673187256,32.4460260812105
2023-11-01,Rangamati,2020,30.44,30.314485664367677,30.22317763696634
2023-12-01,Rangamati,2020,27.45,27.271600198745727,27.329583687927865
2012-01-01,Rangpur,2011,21.97,21.582074386328458,22.408197004161227
2012-02-01,Rangpur,2011,26.5,25.715940549373627,26.21566548266835
2012-03-01,Rangpur,2011,30.79,30.24725921988487,30.20891123023012
2012-04-01,Rangpur,2011,31.38,32.36179330945015,31.3710723327034
2012-05-01,Rangpur,2011,33.27,32.281663151979444,31.945991765608102
2012-06-01,Rangpur,2011,31.91,32.07226931333542,31.772884102247495
2012-07-01,Rangpur,2011,31.69,32.0484203338623,31.8530334711267
2012-08-01,Rangpur,2011,32.76,32.07181425690651,32.21123368710605
2012-09-01,Rangpur,2011,31.98,31.88918578147888,31.779199142408554
2012-10-01,Rangpur,2011,31.24,30.87013090610504,30.60405607033823
2012-11-01,Rangpur,2011,28.38,27.841120696663857,28.47652669493364
2012-12-01,Rangpur,2011,22.73,24.43623890519142,25.15041389120874
2013-01-01,Rangpur,2011,22.52,22.527357637882233,22.72493705146581
2013-02-01,Rangpur,2011,27.27,26.296099784374235,26.39415537354266
2013-03-01,Rangpur,2011,31.59,30.489419635534286,30.21751510534284
2013-04-01,Rangpur,2011,31.23,32.236781011819836,31.417483040785804
2013-05-01,Rangpur,2011,31.08,32.09957772731781,31.951202214394932
2013-06-01,Rangpur,2011,33.37,31.94299306154251,31.923180239281105
2013-07-01,Rangpur,2011,32.8,31.997853759527203,31.958833058220392
2013-08-01,Rangpur,2011,32.18,32.06507389068604,32.271800199508476
2013-09-01,Rangpur,2011,32.94,31.849937793016434,31.931962510755252
2013-10-01,Rangpur,2011,30.05,30.74325564265251,30.875541730647555
2013-11-01,Rangpur,2011,28.63,27.975711806416513,28.521262477503008
2013-12-01,Rangpur,2011,24.36,24.77493413686752,24.988357922848394
2014-01-01,Rangpur,2011,22.22,22.95326908528805,22.69547568338827
2014-02-01,Rangpur,2011,24.36,26.44295856177807,26.38598093073043
2014-03-01,Rangpur,2011,30.44,30.43927040576935,30.242793654951598
2014-04-01,Rangpur,2011,34.29,32.11213200509548,31.440362014238247
2014-05-01,Rangpur,2011,33.28,32.01807611525059,31.981695963163933
2014-06-01,Rangpur,2011,32.64,31.894470469951628,31.934535493201437
2014-07-01,Rangpur,2011,33.2,31.96233673095703,31.977419660900622
2014-08-01,Rangpur,2011,32.04,32.04552657723427,32.29327855779675
2014-09-01,Rangpur,2011,31.44,31.850307369232176,31.93855122217266
2014-10-01,Rangpur,2011,31.49,30.786053574085237,30.867059142286866
2014-11-01,Rangpur,2011,29.36,28.131861528754236,28.540733394335703
2014-12-01,Rangpur,2011,24.14,24.991998567581177,25.024605069877733
2015-01-01,Rangpur,2014,22.4,22.130088032931088,22.685247952019843
2015-02-01,Rangpur,2014,26.49,25.88322092682123,26.65298469833429
2015-03-01,Rangpur,2014,30.19,30.5208373850584,30.632677781517415
2015-04-01,Rangpur,2014,30.24,32.562953392267225,31.577975218215865
2015-05-01,Rangpur,2014,32.04,32.44993472278118,32.06278162615924
2015-06-01,Rangpur,2014,31.62,32.20929158091545,32.139112250546425
2015-07-01,Rangpur,2014,32.99,32.19951038181782,32.06535339156533
2015-08-01,Rangpur,2014,31.92,32.15599215388298,32.350139591505425
2015-09-01,Rangpur,2014,32.24,31.85950026333332,32.08125120709793
2015-10-01,Rangpur,2014,32.26,30.84143469572067,30.88543279966077
2015-11-01,Rangpur,2014,29.25,28.107269625663754,28.557559570545955
2015-12-01,Rangpur,2014,24.41,24.33491594016552,24.79338039616524
2016-01-01,Rangpur,2014,23.13,22.701563169658183,22.689791875471514
2016-02-01,Rangpur,2014,27.88,26.46006528943777,26.330970921960834
2016-03-01,Rangpur,2014,31.2,30.59369795322418,30.44901554193246
2016-04-01,Rangpur,2014,32.88,32.3017384314537,31.722490899357098
2016-05-01,Rangpur,2014,31.26,32.233722580075266,32.129332029522274
2016-06-01,Rangpur,2014,33.03,32.08260613381863,32.133170395353474
2016-07-01,Rangpur,2014,31.93,32.111390338540076,32.13031710091805
2016-08-01,Rangpur,2014,33.94,32.12445498347282,32.287212033294594
2016-09-01,Rangpur,2014,32.32,31.83074497103691,31.958312613321176
2016-10-01,Rangpur,2014,32.09,30.675349155664442,30.880412070311507
2016-11-01,Rangpur,2014,29.85,27.869942613244056,28.59208976251863
2016-12-01,Rangpur,2014,27.01,24.368069692254068,24.690330497484876
2017-01-01,Rangpur,2014,25.27,23.05635822236538,22.60662661567977
2017-02-01,Rangpur,2014,27.64,26.764944297373294,26.28979638761103
2017-03-01,Rangpur,2014,27.99,30.670725681781768,30.39489360848952
2017-04-01,Rangpur,2014,30.37,32.21709919273853,31.644632777062352
2017-05-01,Rangpur,2014,32.35,32.15693369328976,32.07306974523605
2017-06-01,Rangpur,2014,33.42,32.03947508096695,32.08563822804486
2017-07-01,Rangpur,2014,32.37,32.081301303505896,32.076747499917175
2017-08-01,Rangpur,2014,32.75,32.09761168241501,32.250405741988025
2017-09-01,Rangpur,2014,32.91,31.792754044532774,31.924893416749608
2017-10-01,Rangpur,2014,31.36,30.596160537600518,30.83438698592301
2017-11-01,Rangpur,2014,29.18,27.78134991466999,28.545655229338337
2017-12-01,Rangpur,2014,26.69,24.373988568484783,24.66076101689128
2018-01-01,Rangpur,2017,21.41,25.075667982995512,23.601807089153585
2018-02-01,Rangpur,2017,26.75,26.110658004283906,27.050004861576618
2018-03-01,Rangpur,2017,30.99,29.19101416647434,31.062832074788346
2018-04-01,Rangpur,2017,30.6,31.654981310963628,32.33384410919901
2018-05-01,Rangpur,2017,31.1,32.52281917512417,32.64255534938161
2018-06-01,Rangpur,2017,33.35,32.75089798271656,32.72757133224634
2018-07-01,Rangpur,2017,33.32,32.7926701515913,32.71535391497525
2018-08-01,Rangpur,2017,33.59,32.83435432612896,32.95376066162141
2018-09-01,Rangpur,2017,32.99,32.728453141450885,32.5282166791105
2018-10-01,Rangpur,2017,30.82,32.06501732289791,31.608454484416075
2018-11-01,Rangpur,2017,29.25,30.29063414275646,29.2643338011385
2018-12-01,Rangpur,2017,25.68,27.60122676372528,25.356891921709927
2019-01-01,Rangpur,2017,25.71,25.189981426298615,23.32840447373062
2019-02-01,Rangpur,2017,26.35,25.176163172721864,26.976956663432283
2019-03-01,Rangpur,2017,30.14,28.46032050490379,30.66210987942428
2019-04-01,Rangpur,2017,31.08,31.362025535702706,31.978909673638984
2019-05-01,Rangpur,2017,32.06,32.46105972111225,32.45465718202759
2019-06-01,Rangpur,2017,33.74,32.71951417386532,32.65648817535173
2019-07-01,Rangpur,2017,32.82,32.8126448661089,32.55651560996436
2019-08-01,Rangpur,2017,34.17,32.8340124052763,32.79252341534154
2019-09-01,Rangpur,2017,31.59,32.750417785048484,32.43515258537165
2019-10-01,Rangpur,2017,30.69,32.305597611665725,31.459047949614124
2019-11-01,Rangpur,2017,29.94,30.90444492638111,29.12607688720165
2019-12-01,Rangpur,2017,23.55,28.30271887600422,25.376314695422494
2020-01-01,Rangpur,2017,22.5,25.661381546258923,23.270326683581345
2020-02-01,Rangpur,2017,26.05,24.664807966947556,26.892148719959685
2020-03-01,Rangpur,2017,29.87,27.57915778398514,30.605813995051438
2020-04-01,Rangpur,2017,31.39,30.834738326668738,31.904061974375733
2020-05-01,Rangpur,2017,31.58,32.34782357990741,32.36245659710351
2020-06-01,Rangpur,2017,32.94,32.693100787997246,32.55701332436351
2020-07-01,Rangpur,2017,32.0,32.81012445688248,32.473655182596
2020-08-01,Rangpur,2017,34.12,32.8463517254591,32.7110653997772
2020-09-01,Rangpur,2017,31.49,32.79744698703289,32.35077939239578
2020-10-01,Rangpur,2017,33.1,32.484376963377,31.385887661991838
2020-11-01,Rangpur,2017,29.48,31.383327707648277,29.054062525817177
2020-12-01,Rangpur,2017,25.14,28.993866625428197,25.291029409835982
2021-01-01,Rangpur,2020,22.67,23.77825747847557,23.22962797684556
2021-02-01,Rangpur,2020,28.12,25.88636609584093,26.804753702151626
2021-03-01,Rangpur,2020,31.26,29.670548105835913,30.573427900681835
2021-04-01,Rangpur,2020,33.34,31.901590468883512,31.721379630300127
2021-05-01,Rangpur,2020,31.82,32.55520989060402,32.2631990432526
2021-06-01,Rangpur,2020,32.7,32.644285300970076,32.77925119174904
2021-07-01,Rangpur,2020,33.23,32.53858398914337,32.606852150980934
2021-08-01,Rangpur,2020,33.01,32.47685721874237,32.93348910540351
2021-09-01,Rangpur,2020,33.73,32.163795994520186,32.34232494115679
2021-10-01,Rangpur,2020,32.38,31.54013235926628,31.274573206964078
2021-11-01,Rangpur,2020,29.56,29.46012976169586,29.107820968387326
2021-12-01,Rangpur,2020,26.97,26.534933385550975,25.13670074459713
2022-01-01,Rangpur,2020,23.49,24.580165585577486,23.158981537001285
2022-02-01,Rangpur,2020,24.51,26.164537565410136,26.68065469201153
2022-03-01,Rangpur,2020,32.22,29.573149688243866,30.417012758147173
2022-04-01,Rangpur,2020,30.58,31.683537987470626,31.586458768760913
2022-05-01,Rangpur,2020,32.09,32.333323370218274,32.08606474031927
2022-06-01,Rangpur,2020,31.83,32.39672706127167,32.6804607555711
2022-07-01,Rangpur,2020,34.75,32.320508880615236,32.442852487237474
2022-08-01,Rangpur,2020,34.07,32.204333728551866,32.94793665085755
2022-09-01,Rangpur,2020,32.82,31.97614429950714,32.18050730084013
2022-10-01,Rangpur,2020,32.04,31.299374824762346,31.363910018272858
2022-11-01,Rangpur,2020,30.09,29.599608328342438,29.09778028822808
2022-12-01,Rangpur,2020,26.55,27.07939708918333,25.07870950381476
2023-01-01,Rangpur,2020,23.94,25.15612749069929,23.091038401421386
2023-02-01,Rangpur,2020,27.68,26.26477631449699,26.618010903272463
2023-03-01,Rangpur,2020,30.71,29.333974794745444,30.35629081714694
2023-04-01,Rangpur,2020,34.08,31.394722974300386,31.524166042214823
2023-05-01,Rangpur,2020,34.01,32.11017978787422,32.031011102970034
2023-06-01,Rangpur,2020,33.66,32.21927013874054,32.61839686894216
2023-07-01,Rangpur,2020,33.99,32.16529944062233,32.39329936326823
2023-08-01,Rangpur,2020,33.4,32.0591103887558,32.879670075713115
2023-09-01,Rangpur,2020,33.86,31.853578244447707,32.1396353416775
2023-10-01,Rangpur,2020,31.83,31.250952798128125,31.292488044642802
2023-11-01,Rangpur,2020,30.98,29.779046380519866,29.04685183541559
2023-12-01,Rangpur,2020,26.7,27.49163295954466,25.03262545283199
2012-01-01,Sylhet,2011,24.79,26.857086106538773,26.678872413024866
2012-02-01,Sylhet,2011,29.29,29.29892133116722,28.823859110573807
2012-03-01,Sylhet,2011,32.35,31.19909173488617,31.785309778359853
2012-04-01,Sylhet,2011,30.3,31.70547704935074,32.149358718205406
2012-05-01,Sylhet,2011,32.95,31.847052993774415,32.36161248484424
2012-06-01,Sylhet,2011,30.88,32.0727813744545,32.340458755813096
2012-07-01,Sylhet,2011,33.12,32.32089292049408,32.52398037182622
2012-08-01,Sylhet,2011,32.95,32.561250462532044,33.22698061324009
2012-09-01,Sylhet,2011,32.55,32.74015379190445,32.79348634971707
2012-10-01,Sylhet,2011,31.84,32.41741553783417,32.27242810661661
2012-11-01,Sylhet,2011,29.15,30.512165936231614,30.64339258650924
2012-12-01,Sylhet,2011,24.7,28.917427905797958,27.868117648150587
2013-01-01,Sylhet,2011,25.6,28.21240124642849,26.775755486866448
2013-02-01,Sylhet,2011,31.24,29.550245960950853,29.005073349066933
2013-03-01,Sylhet,2011,34.21,30.966535391807557,32.02513912272834
2013-04-01,Sylhet,2011,32.98,31.543088128566744,32.20645164675986
2013-05-01,Sylhet,2011,30.45,31.778947480916976,32.341933941941676
2013-06-01,Sylhet,2011,34.06,31.98839041233063,32.31363657308891
2013-07-01,Sylhet,2011,33.21,32.20213828921318,32.697775333630226
2013-08-01,Sylhet,2011,32.58,32.38219789505005,33.299608273671154
2013-09-01,Sylhet,2011,32.83,32.448178359270095,32.891922821141875
2013-10-01,Sylhet,2011,31.47,32.14494310259819,32.565339324790834
2013-11-01,Sylhet,2011,30.1,30.904111131429673,30.747071577016342
2013-12-01,Sylhet,2011,26.2,29.63284032583237,27.905869537971423
2014-01-01,Sylhet,2011,27.15,29.091882153749467,26.617771610015083
2014-02-01,Sylhet,2011,27.37,29.85492704153061,29.126537009757662
2014-03-01,Sylhet,2011,32.41,30.867854561805725,32.058910829144246
2014-04-01,Sylhet,2011,34.95,31.423013314008713,32.418039345470724
2014-05-01,Sylhet,2011,32.37,31.697149690389637,32.40153415104496
2014-06-01,Sylhet,2011,32.08,31.900282528400425,32.45240721143777
2014-07-01,Sylhet,2011,34.19,32.08025603532791,32.7785988900687
2014-08-01,Sylhet,2011,32.47,32.21614945173263,33.334977963068425
2014-09-01,Sylhet,2011,32.23,32.247327461242676,33.069418954563545
2014-10-01,Sylhet,2011,33.12,32.01547649145127,32.748396353701985
2014-11-01,Sylhet,2011,31.22,31.20844654083252,30.762554676357475
2014-12-01,Sylhet,2011,27.85,30.240099760293962,27.993308458016962
2015-01-01,Sylhet,2014,27.22,27.472225942015648,26.383113120139605
2015-02-01,Sylhet,2014,28.75,28.395887669324875,29.306089238602638
2015-03-01,Sylhet,2014,33.08,30.316426947116852,32.025704436262394
2015-04-01,Sylhet,2014,30.55,31.473014278411867,31.904409748119555
2015-05-01,Sylhet,2014,31.24,31.845679121017458,32.38381695618157
2015-06-01,Sylhet,2014,32.08,32.20239185452461,32.14248269680033
2015-07-01,Sylhet,2014,32.59,32.48923375248909,32.64277866735732
2015-08-01,Sylhet,2014,31.99,32.28630427122116,33.22940870508077
2015-09-01,Sylhet,2014,32.66,32.048739260435106,33.05436666588984
2015-10-01,Sylhet,2014,32.96,31.646938345432282,32.597718021651566
2015-11-01,Sylhet,2014,30.58,30.332681376934055,30.396479800947155
2015-12-01,Sylhet,2014,26.07,28.416173042058944,27.594973690966253
2016-01-01,Sylhet,2014,24.6,27.68392967402935,26.307324810166513
2016-02-01,Sylhet,2014,29.1,28.380557576417925,29.41377495403075
2016-03-01,Sylhet,2014,32.04,29.7568389415741,32.278872352201475
2016-04-01,Sylhet,2014,31.0,30.827207183837892,32.245839967684184
2016-05-01,Sylhet,2014,31.25,31.44767493724823,32.257192103535544
2016-06-01,Sylhet,2014,33.15,31.786019775867466,32.397084389616495
2016-07-01,Sylhet,2014,32.59,31.93037618160248,32.86184187348426
2016-08-01,Sylhet,2014,34.32,31.904348800182344,33.19499530258136
2016-09-01,Sylhet,2014,33.29,31.729907660484315,33.03628126155963
2016-10-01,Sylhet,2014,33.18,31.221273553371432,32.56350716989946
2016-11-01,Sylhet,2014,29.59,30.060659449100495,30.48296706755331
2016-12-01,Sylhet,2014,28.62,28.55222987532616,27.539471384440354
2017-01-01,Sylhet,2014,27.75,27.824878890514373,26.443847020988777
2017-02-01,Sylhet,2014,29.65,28.379655479192735,29.242275032010745
2017-03-01,Sylhet,2014,28.06,29.566036343574524,32.3244116017942
2017-04-01,Sylhet,2014,29.75,30.571160299777986,32.5581256951987
2017-05-01,Sylhet,2014,32.83,31.18328539133072,32.3372968958314
2017-06-01,Sylhet,2014,31.36,31.49851346731186,32.40552255887062
2017-07-01,Sylhet,2014,32.68,31.63609927892685,33.04480546908778
2017-08-01,Sylhet,2014,32.4,31.65287981629372,33.184664810022134
2017-09-01,Sylhet,2014,32.28,31.512813584804537,33.01475402869601
2017-10-01,Sylhet,2014,32.05,31.02120256662369,32.68501932723103
2017-11-01,Sylhet,2014,30.78,29.961271686553957,30.61749376624449
2017-12-01,Sylhet,2014,27.03,28.633282060027124,27.64091653666258
2018-01-01,Sylhet,2017,24.81,26.15593960225582,25.89690704524915
2018-02-01,Sylhet,2017,28.5,28.08247247517109,28.586845912896962
2018-03-01,Sylhet,2017,31.51,30.50510565519333,32.24294386854554
2018-04-01,Sylhet,2017,30.99,31.50430412530899,32.26524875843596
2018-05-01,Sylhet,2017,30.42,31.57584085226059,31.875757497677252
2018-06-01,Sylhet,2017,32.65,31.704122135639192,32.0751132911318
2018-07-01,Sylhet,2017,33.36,32.042861728668214,32.590010464847495
2018-08-01,Sylhet,2017,33.87,32.35872085571289,32.78673661752797
2018-09-01,Sylhet,2017,32.9,32.546155531406406,32.6621894950969
2018-10-01,Sylhet,2017,31.21,32.166974461078645,32.35397962058711
2018-11-01,Sylhet,2017,29.56,30.296253467798234,30.26607272503708
2018-12-01,Sylhet,2017,27.0,27.567287738323213,27.219792915999847
2019-01-01,Sylhet,2017,27.85,25.67672321230173,26.06051939548338
2019-02-01,Sylhet,2017,28.33,27.898475568294526,28.87061309303699
2019-03-01,Sylhet,2017,31.06,30.861513983011246,32.065210633105906
2019-04-01,Sylhet,2017,32.49,31.644109735488893,32.012425194616576
2019-05-01,Sylhet,2017,32.33,31.58552554011345,31.89106851069436
2019-06-01,Sylhet,2017,32.76,31.745421230793,32.17814631096305
2019-07-01,Sylhet,2017,32.39,32.05065673828125,32.63097818418458
2019-08-01,Sylhet,2017,34.38,32.39047495603562,32.95059622209992
2019-09-01,Sylhet,2017,33.24,32.59898451328278,32.734358372357086
2019-10-01,Sylhet,2017,31.55,32.1671426486969,32.448469795766876
2019-11-01,Sylhet,2017,30.14,30.184642218351364,30.269488890610514
2019-12-01,Sylhet,2017,26.15,27.5827067899704,27.389610645380145
2020-01-01,Sylhet,2017,24.71,25.54666414409876,26.278169492193374
2020-02-01,Sylhet,2017,28.12,27.919890300035476,28.988640413786882
2020-03-01,Sylhet,2017,31.88,30.92168484091759,31.74196316364435
2020-04-01,Sylhet,2017,32.84,31.659203531742097,31.85575638505449
2020-05-01,Sylhet,2017,31.56,31.588721104860305,32.027508542319076
2020-06-01,Sylhet,2017,32.14,31.750871343612673,32.13949507960983
2020-07-01,Sylhet,2017,31.9,32.05711250185966,32.67994213139472
2020-08-01,Sylhet,2017,33.72,32.39968635559082,32.9324546337027
2020-09-01,Sylhet,2017,31.98,32.60757667660714,32.73102427173838
2020-10-01,Sylhet,2017,32.67,32.15026550769806,32.448434663997766
2020-11-01,Sylhet,2017,30.31,30.129569808244707,30.364363605733214
2020-12-01,Sylhet,2017,26.62,27.53655527353287,27.38834752430217
2021-01-01,Sylhet,2020,26.56,25.245380524396897,26.142700329619828
2021-02-01,Sylhet,2020,29.59,28.423440554141997,28.902697792510633
2021-03-01,Sylhet,2020,33.27,31.267886543273928,31.785635881228924
2021-04-01,Sylhet,2020,33.84,31.82971797704697,31.79259820966769
2021-05-01,Sylhet,2020,33.07,31.75520113229752,31.958476251943406
2021-06-01,Sylhet,2020,32.15,31.90535306096077,32.172624599442656
2021-07-01,Sylhet,2020,32.98,32.16143121957779,32.71283200898631
2021-08-01,Sylhet,2020,31.84,32.51594847917557,32.92781907124062
2021-09-01,Sylhet,2020,34.56,32.48776662826538,32.77375175912921
2021-10-01,Sylhet,2020,33.54,32.08225099086762,32.34745095022441
2021-11-01,Sylhet,2020,30.41,29.948509582281112,30.364110230696085
2021-12-01,Sylhet,2020,27.33,27.12989290237427,27.521974087647102
2022-01-01,Sylhet,2020,25.9,25.641199832856657,26.39675364816464
2022-02-01,Sylhet,2020,26.68,28.38817883849144,28.930770621993446
2022-03-01,Sylhet,2020,33.54,31.044280409812927,31.795068285332846
2022-04-01,Sylhet,2020,32.06,31.67603758335114,31.984956044569717
2022-05-01,Sylhet,2020,31.13,31.672936537265777,32.03569254343342
2022-06-01,Sylhet,2020,29.85,31.810725286006928,32.283477297347474
2022-07-01,Sylhet,2020,34.02,32.06630235671997,32.70659650699811
2022-08-01,Sylhet,2020,34.3,32.33541088581085,33.15310519725283
2022-09-01,Sylhet,2020,33.28,32.421083712577826,32.82722054337599
2022-10-01,Sylhet,2020,32.11,31.849661414623263,32.39644602896621
2022-11-01,Sylhet,2020,31.32,29.83031886100769,30.422347446096676
2022-12-01,Sylhet,2020,27.34,27.234151850938797,27.436105213174788
2023-01-01,Sylhet,2020,26.48,25.83723118931055,26.342164172813238
2023-02-01,Sylhet,2020,29.07,28.396120491027833,28.949407523330457
2023-03-01,Sylhet,2020,30.77,30.958823029994967,31.871851162414384
2023-04-01,Sylhet,2020,33.3,31.604560625553134,32.09585370089404
2023-05-01,Sylhet,2020,33.34,31.620379991531372,32.0735404308454
2023-06-01,Sylhet,2020,31.9,31.759624049663543,32.33646948033282
2023-07-01,Sylhet,2020,33.18,32.01011518239975,32.726289538411386
2023-08-01,Sylhet,2020,32.0,32.26623017549515,33.23710591328213
2023-09-01,Sylhet,2020,34.4,32.34592678189278,32.837132869802296
2023-10-01,Sylhet,2020,31.78,31.7260747897625,32.473546820648814
2023-11-01,Sylhet,2020,30.74,29.748150869607926,30.473563375143556
2023-12-01,Sylhet,2020,27.51,27.2322816324234,27.453373336736135
2012-01-01,Srimongal,2011,24.35,24.8332879281044,25.480327690753786
2012-02-01,Srimongal,2011,29.11,28.14662385344505,28.602072624545045
2012-03-01,Srimongal,2011,33.03,31.517927858829495,32.21143676301577
2012-04-01,Srimongal,2011,32.2,32.702726576328274,33.36342372876895
2012-05-01,Srimongal,2011,33.4,32.40858337640762,32.697446875632444
2012-06-01,Srimongal,2011,31.67,32.17811200380325,32.54220701277979
2012-07-01,Srimongal,2011,32.73,32.266205880641934,32.707507032546445
2012-08-01,Srimongal,2011,33.13,32.42809591054916,33.11339926355143
2012-09-01,Srimongal,2011,32.75,32.40632930755615,32.86377368194603
2012-10-01,Srimongal,2011,31.67,31.67281005144119,32.2112222311669
2012-11-01,Srimongal,2011,28.65,29.55801692962646,29.979247587634557
2012-12-01,Srimongal,2011,24.05,26.885389420986176,27.086276848161006
2013-01-01,Srimongal,2011,24.9,25.60600737094879,25.646711527282775
2013-02-01,Srimongal,2011,29.79,28.523908797502514,28.72141811877203
2013-03-01,Srimongal,2011,33.56,31.620361301898953,32.3656756976859
2013-04-01,Srimongal,2011,33.73,32.56143698453903,33.49981556639855
2013-05-01,Srimongal,2011,31.31,32.33515760660171,32.84629456152458
2013-06-01,Srimongal,2011,33.65,32.19703254461288,32.6826523826176
2013-07-01,Srimongal,2011,33.5,32.33478102445602,32.850149102767105
2013-08-01,Srimongal,2011,32.6,32.45586690664291,33.254558825658776
2013-09-01,Srimongal,2011,32.95,32.24396196365356,32.984989536384774
2013-10-01,Srimongal,2011,31.73,31.344480011463162,32.35200101698489
2013-11-01,Srimongal,2011,30.38,29.35482064247131,30.14264557393183
2013-12-01,Srimongal,2011,26.51,26.991837028265,27.241178280159627
2014-01-01,Srimongal,2011,25.68,26.033025953769684,25.75047967705154
2014-02-01,Srimongal,2011,27.15,28.94936100006103,28.823252587197334
2014-03-01,Srimongal,2011,32.28,31.73783633470535,32.466306236088826
2014-04-01,Srimongal,2011,35.1,32.51955268144607,33.59732913639695
2014-05-01,Srimongal,2011,33.47,32.31086805820465,32.94084635606415
2014-06-01,Srimongal,2011,33.1,32.223027560710904,32.77349451647493
2014-07-01,Srimongal,2011,34.02,32.37005111932754,32.93738110612753
2014-08-01,Srimongal,2011,32.55,32.45624038934707,33.337985783582
2014-09-01,Srimongal,2011,32.76,32.15976330995559,33.06460868671528
2014-10-01,Srimongal,2011,32.18,31.15641519784927,32.42843193847532
2014-11-01,Srimongal,2011,30.73,29.148486558198925,30.215198245883823
2014-12-01,Srimongal,2011,26.45,26.92269507408142,27.309194127357735
2015-01-01,Srimongal,2014,26.22,25.23355174422264,25.600047543087072
2015-02-01,Srimongal,2014,28.57,27.923654291629788,28.750814780716528
2015-03-01,Srimongal,2014,31.95,31.447757277488705,32.47489630193189
2015-04-01,Srimongal,2014,31.64,32.92557719707489,33.50502053471571
2015-05-01,Srimongal,2014,32.96,32.56629535913467,32.713651216332316
2015-06-01,Srimongal,2014,32.72,32.217791054248806,32.552269903165545
2015-07-01,Srimongal,2014,32.35,32.34837052583694,32.76901901823476
2015-08-01,Srimongal,2014,32.72,32.5444923377037,32.954929807418935
2015-09-01,Srimongal,2014,33.18,32.59950045108795,32.76359156218426
2015-10-01,Srimongal,2014,32.44,31.94835660219192,32.0671191514231
2015-11-01,Srimongal,2014,30.41,29.815187666416165,29.905498569769467
2015-12-01,Srimongal,2014,26.05,26.978692296743393,26.747003250397377
2016-01-01,Srimongal,2014,24.86,25.1493259704113,25.379226996317037
2016-02-01,Srimongal,2014,29.47,27.822242501974102,28.571383487561217
2016-03-01,Srimongal,2014,32.14,31.291815850734707,32.281618232690484
2016-04-01,Srimongal,2014,33.48,32.74347338438034,33.3437891185631
2016-05-01,Srimongal,2014,32.35,32.414307270050045,32.62372405694249
2016-06-01,Srimongal,2014,33.3,32.11637112855911,32.48859486630369
2016-07-01,Srimongal,2014,32.8,32.26951918363571,32.71956396459194
2016-08-01,Srimongal,2014,34.04,32.53064868211746,32.93659376270287
2016-09-01,Srimongal,2014,33.3,32.553627941608426,32.723106137018206
2016-10-01,Srimongal,2014,32.81,31.82694605350494,32.02550555079154
2016-11-01,Srimongal,2014,29.46,29.624794397354123,29.8679917322649
2016-12-01,Srimongal,2014,28.59,26.962273005247116,26.732899688141792
2017-01-01,Srimongal,2014,27.14,25.083872739076615,25.351216996351717
2017-02-01,Srimongal,2014,29.95,27.782368961572647,28.54931748510467
2017-03-01,Srimongal,2014,29.65,31.271423850059506,32.26421705811505
2017-04-01,Srimongal,2014,31.04,32.713049266338345,33.33130262417455
2017-05-01,Srimongal,2014,33.27,32.37556347608566,32.61509683622906
2017-06-01,Srimongal,2014,32.06,32.09261158466339,32.481883467761975
2017-07-01,Srimongal,2014,32.47,32.26231918096542,32.71426387631191
2017-08-01,Srimongal,2014,32.86,32.52904084682464,32.93252983178107
2017-09-01,Srimongal,2014,32.94,32.53718695402145,32.719636356861145
2017-10-01,Srimongal,2014,31.68,31.777918312549588,32.02341450335204
2017-11-01,Srimongal,2014,30.13,29.55610224962234,29.86733804645508
2017-12-01,Srimongal,2014,26.82,26.91348198413849,26.73356614860878
2018-01-01,Srimongal,2017,23.79,26.161964271068573,25.32465149147761
2018-02-01,Srimongal,2017,28.79,28.4864245390892,28.49056567895664
2018-03-01,Srimongal,2017,32.28,31.14241579532623,31.93609303931958
2018-04-01,Srimongal,2017,31.77,32.498007688522335,33.06137748427074
2018-05-01,Srimongal,2017,31.69,32.35284379482269,32.624428050663596
2018-06-01,Srimongal,2017,33.04,32.082973096370694,32.44930650100605
2018-07-01,Srimongal,2017,33.67,32.193014893531796,32.625215685592025
2018-08-01,Srimongal,2017,33.82,32.384007129669186,32.91851562194856
2018-09-01,Srimongal,2017,33.49,32.343473408222195,32.71423334895679
2018-10-01,Srimongal,2017,31.28,31.567584786415097,31.993495736428372
2018-11-01,Srimongal,2017,29.79,29.586970362663266,29.81340529071275
2018-12-01,Srimongal,2017,26.52,27.01310423374176,26.7312746978195
2019-01-01,Srimongal,2017,27.1,25.872248623371124,25.39686679983905
2019-02-01,Srimongal,2017,28.31,28.54530075550079,28.58229159403963
2019-03-01,Srimongal,2017,30.96,31.589358363151547,32.03292638763062
2019-04-01,Srimongal,2017,32.97,32.60837880134582,33.07267938010518
2019-05-01,Srimongal,2017,33.67,32.234375391006466,32.58904727921819
2019-06-01,Srimongal,2017,33.39,32.078391346931454,32.44753473812405
2019-07-01,Srimongal,2017,32.67,32.211279127597805,32.61977900563251
2019-08-01,Srimongal,2017,34.04,32.35802916049957,32.916122922970686
2019-09-01,Srimongal,2017,33.37,32.236229631900784,32.715889129296066
2019-10-01,Srimongal,2017,31.56,31.398514125347134,32.00441328329949
2019-11-01,Srimongal,2017,29.82,29.282807055711743,29.81737104825426
2019-12-01,Srimongal,2017,25.51,26.812902394533157,26.745934322902762
2020-01-01,Srimongal,2017,23.61,25.833719078302384,25.41302672199926
2020-02-01,Srimongal,2017,27.52,28.854567292928692,28.595946614964646
2020-03-01,Srimongal,2017,31.9,31.82192805767059,32.04430608221937
2020-04-01,Srimongal,2017,32.81,32.603906307220456,33.08223807276036
2020-05-01,Srimongal,2017,32.41,32.18844321727752,32.59915745076323
2020-06-01,Srimongal,2017,32.82,32.082646105289456,32.4591973633214
2020-07-01,Srimongal,2017,33.04,32.23353544235229,32.63197892412187
2020-08-01,Srimongal,2017,33.94,32.362289342880246,32.928887040090444
2020-09-01,Srimongal,2017,33.07,32.18692139148712,32.72908937193362
2020-10-01,Srimongal,2017,33.27,31.24208298683166,32.017921359546676
2020-11-01,Srimongal,2017,30.7,29.016228739023205,29.830963586456193
2020-12-01,Srimongal,2017,26.33,26.585328224897385,26.759794933425685
2021-01-01,Srimongal,2020,25.81,24.13548382729292,25.604107294003022
2021-02-01,Srimongal,2020,29.38,26.86542824268341,28.861599964708773
2021-03-01,Srimongal,2020,33.47,31.079574618339535,32.28605965149776
2021-04-01,Srimongal,2020,35.1,33.14333078622818,33.25553466244511
2021-05-01,Srimongal,2020,34.4,32.94042197227478,32.85363342539278
2021-06-01,Srimongal,2020,32.91,32.55635002613067,32.79764168784556
2021-07-01,Srimongal,2020,32.91,32.573020372390744,32.92927704765986
2021-08-01,Srimongal,2020,32.9,32.762366805076596,33.285461895395464
2021-09-01,Srimongal,2020,34.33,32.80771163463592,33.00160937255375
2021-10-01,Srimongal,2020,33.46,32.308244380950924,32.19642569780146
2021-11-01,Srimongal,2020,30.22,30.15648731946945,30.027934593404137
2021-12-01,Srimongal,2020,26.98,27.083724621534348,26.78331837330315
2022-01-01,Srimongal,2020,25.35,24.522698800861836,25.480180300436718
2022-02-01,Srimongal,2020,26.9,26.984783086776734,28.713053840089675
2022-03-01,Srimongal,2020,33.25,31.066990885734555,32.13881389710029
2022-04-01,Srimongal,2020,33.99,33.01215544700622,33.131279996402256
2022-05-01,Srimongal,2020,32.38,32.74139598369598,32.74279964286101
2022-06-01,Srimongal,2020,31.98,32.38500360012054,32.69597545057877
2022-07-01,Srimongal,2020,34.08,32.454732511043545,32.84462420441759
2022-08-01,Srimongal,2020,34.0,32.65073421955108,33.214272345936315
2022-09-01,Srimongal,2020,33.62,32.70562997817993,32.952136748003554
2022-10-01,Srimongal,2020,32.2,32.09413573503494,32.14858399623538
2022-11-01,Srimongal,2020,31.67,30.04358938694,30.00537691133498
2022-12-01,Srimongal,2020,28.01,27.14833480477333,26.768940437571445
2023-01-01,Srimongal,2020,26.67,24.690671000480652,25.447393003661126
2023-02-01,Srimongal,2020,29.6,27.122443619966507,28.683588694947925
2023-03-01,Srimongal,2020,31.27,31.085758004188534,32.11357365053578
2023-04-01,Srimongal,2020,34.88,32.933485422134396,33.11023420022847
2023-05-01,Srimongal,2020,34.45,32.656489882469174,32.72532311974656
2023-06-01,Srimongal,2020,33.37,32.33706298828125,32.681680905264166
2023-07-01,Srimongal,2020,34.43,32.4228276348114,32.83322100453709
2023-08-01,Srimongal,2020,32.9,32.62234488487243,33.20530051615318
2023-09-01,Srimongal,2020,34.94,32.666939649581906,32.94526085350594
2023-10-01,Srimongal,2020,32.39,32.02365520954132,32.14331762602283
2023-11-01,Srimongal,2020,30.86,29.988847050666806,30.001724495213338
2023-12-01,Srimongal,2020,27.44,27.133863899707794,26.766361997200725
2012-01-01,Bhola,2011,24.73,24.998463577479125,25.375962510610613
2012-02-01,Bhola,2011,29.32,28.751912913918495,28.494513370410356
2012-03-01,Bhola,2011,32.41,31.765509254932404,31.938531502983352
2012-04-01,Bhola,2011,32.96,33.271327627897264,33.106290683010286
2012-05-01,Bhola,2011,34.18,32.826007581949234,33.01325521402647
2012-06-01,Bhola,2011,32.51,31.556926323175432,31.681914847784665
2012-07-01,Bhola,2011,31.61,30.901236413121225,30.888175177837134
2012-08-01,Bhola,2011,31.77,31.019772554636006,31.27370555161881
2012-09-01,Bhola,2011,31.75,31.470635582208637,31.483953481311943
2012-10-01,Bhola,2011,31.69,31.647391439676287,31.87976330594712
2012-11-01,Bhola,2011,29.31,29.663216037750246,29.94938586226055
2012-12-01,Bhola,2011,25.34,26.608466612994672,26.91204126639003
2013-01-01,Bhola,2011,25.3,25.481027514934542,25.670575933117302
2013-02-01,Bhola,2011,29.29,28.881493757367135,28.680469095806508
2013-03-01,Bhola,2011,32.86,31.836095939278607,32.10259358861496
2013-04-01,Bhola,2011,33.59,33.26798228740692,33.23967869225539
2013-05-01,Bhola,2011,30.78,32.744829435348514,33.12825524631027
2013-06-01,Bhola,2011,32.36,31.52117244124413,31.787813680210867
2013-07-01,Bhola,2011,31.11,30.935113222599032,30.986639923484372
2013-08-01,Bhola,2011,31.0,31.14375645935536,31.37107659846334
2013-09-01,Bhola,2011,31.96,31.561443485021595,31.564361973307125
2013-10-01,Bhola,2011,31.12,31.588841633200648,31.951162917999604
2013-11-01,Bhola,2011,30.43,29.726418851017954,30.045260000457812
2013-12-01,Bhola,2011,27.14,26.832627913057806,26.995893585511777
2014-01-01,Bhola,2011,25.13,25.70687767237425,25.72709479260604
2014-02-01,Bhola,2011,27.83,28.931225703358653,28.736257553961682
2014-03-01,Bhola,2011,32.24,31.832424951791765,32.15765850277267
2014-04-01,Bhola,2011,35.54,33.23824747920037,33.292785192518544
2014-05-01,Bhola,2011,34.49,32.73300965547562,33.17918072191256
2014-06-01,Bhola,2011,32.77,31.54897495031357,31.83643248197643
2014-07-01,Bhola,2011,31.73,30.965738005638123,31.032849616974737
2014-08-01,Bhola,2011,31.28,31.16180479347706,31.414902297248318
2014-09-01,Bhola,2011,32.0,31.564024538993838,31.605766386749597
2014-10-01,Bhola,2011,32.48,31.58262704432011,31.990571737735387
2014-11-01,Bhola,2011,30.5,29.80881008028984,30.082874413545
2014-12-01,Bhola,2011,26.17,26.95888182491064,27.03109386070862
2015-01-01,Bhola,2014,25.9,26.183542324304582,25.598791801221946
2015-02-01,Bhola,2014,29.02,27.910383110046386,28.835898240429827
2015-03-01,Bhola,2014,32.32,31.129879875183107,32.30454137896476
2015-04-01,Bhola,2014,32.84,33.19199343204498,33.521663949793606
2015-05-01,Bhola,2014,34.11,33.25737390041351,33.21845322393234
2015-06-01,Bhola,2014,31.96,32.71208408355713,31.98437197689681
2015-07-01,Bhola,2014,30.82,32.36378470420837,31.11261978856907
2015-08-01,Bhola,2014,31.82,32.18955757141113,31.40720555819872
2015-09-01,Bhola,2014,32.39,31.973781137466432,31.63745618319933
2015-10-01,Bhola,2014,31.96,31.256966881752014,31.93052078422725
2015-11-01,Bhola,2014,30.19,29.525503132343292,30.042691879647695
2015-12-01,Bhola,2014,26.34,27.37205180644989,26.819373166712317
2016-01-01,Bhola,2014,25.62,26.65349508047104,25.566866500727063
2016-02-01,Bhola,2014,29.94,27.961412444114686,28.761382491576175
2016-03-01,Bhola,2014,33.06,30.66442539215088,32.201813924455855
2016-04-01,Bhola,2014,33.85,32.571611495018004,33.42801530732023
2016-05-01,Bhola,2014,33.58,32.942547712326046,33.17767776275694
2016-06-01,Bhola,2014,32.48,32.62471261024475,31.959738190799058
2016-07-01,Bhola,2014,31.19,32.35708480834961,31.09241538190729
2016-08-01,Bhola,2014,31.89,32.23035091400146,31.391070535771718
2016-09-01,Bhola,2014,32.85,31.947979078292846,31.610884688501173
2016-10-01,Bhola,2014,32.74,31.095019102096558,31.912057231124123
2016-11-01,Bhola,2014,29.62,29.518965582847596,30.034287962667516
2016-12-01,Bhola,2014,28.19,27.759635808467866,26.816219574918236
2017-01-01,Bhola,2014,27.16,26.906378848552706,25.543869195150496
2017-02-01,Bhola,2014,30.49,27.9247491645813,28.744158145222187
2017-03-01,Bhola,2014,30.91,30.341247425079345,32.18941301665889
2017-04-01,Bhola,2014,32.8,32.22887665271759,33.419809903211736
2017-05-01,Bhola,2014,34.82,32.747164397239686,33.17262947218753
2017-06-01,Bhola,2014,33.83,32.51752564430237,31.95623200199158
2017-07-01,Bhola,2014,31.96,32.2610041809082,31.089992639038137
2017-08-01,Bhola,2014,33.06,32.13381273269653,31.389632517482323
2017-09-01,Bhola,2014,32.9,31.860239572525025,31.610358911729733
2017-10-01,Bhola,2014,31.67,31.04523383140564,31.912680461089217
2017-11-01,Bhola,2014,30.47,29.58267569541931,30.035847005419864
2017-12-01,Bhola,2014,26.74,27.94309643507004,26.818491144706343
2018-01-01,Bhola,2017,24.7,26.536711028814317,26.144728023587252
2018-02-01,Bhola,2017,29.6,29.308058118820192,29.397902890515383
2018-03-01,Bhola,2017,33.05,31.77279136657715,32.58019299177846
2018-04-01,Bhola,2017,33.17,33.06582863807678,33.8661137445631
2018-05-01,Bhola,2017,32.32,33.08487680435181,33.86865624075612
2018-06-01,Bhola,2017,32.86,32.325294051170346,32.57179083328439
2018-07-01,Bhola,2017,31.79,31.45413352012634,31.5557594017742
2018-08-01,Bhola,2017,32.34,31.387968673706055,31.980892502586993
2018-09-01,Bhola,2017,33.68,31.695727643966677,32.216917821625294
2018-10-01,Bhola,2017,31.95,31.62650272846222,32.34877747064182
2018-11-01,Bhola,2017,30.51,29.942556018829347,30.490924925396474
2018-12-01,Bhola,2017,26.26,27.08809451818466,27.304815809264177
2019-01-01,Bhola,2017,27.37,26.364093327522276,26.143591254873016
2019-02-01,Bhola,2017,28.55,29.148414804935456,29.4340360899495
2019-03-01,Bhola,2017,31.73,31.887947158813475,32.64741596266919
2019-04-01,Bhola,2017,33.92,33.15717599868774,33.86346004266915
2019-05-01,Bhola,2017,34.5,32.91123937606812,33.85002684149888
2019-06-01,Bhola,2017,33.87,31.984439868927,32.60776315261502
2019-07-01,Bhola,2017,31.9,31.23554497718811,31.630480589535452
2019-08-01,Bhola,2017,32.43,31.236097736358644,32.051450274954206
2019-09-01,Bhola,2017,32.19,31.594198999404906,32.31255492272943
2019-10-01,Bhola,2017,32.03,31.562816772460938,32.448050160028714
2019-11-01,Bhola,2017,30.23,29.78288535118103,30.549069527978155
2019-12-01,Bhola,2017,25.65,27.077856040000917,27.36327162743276
2020-01-01,Bhola,2017,24.57,26.314208410978317,26.181072185217218
2020-02-01,Bhola,2017,27.79,29.16051760196686,29.475736714730267
2020-03-01,Bhola,2017,32.21,31.9379789686203,32.69060837340519
2020-04-01,Bhola,2017,32.88,33.18318338871002,33.9062860774087
2020-05-01,Bhola,2017,33.49,32.86334471225739,33.89430516193802
2020-06-01,Bhola,2017,32.33,31.875907239913943,32.653436055999066
2020-07-01,Bhola,2017,32.43,31.16329480648041,31.675342738656038
2020-08-01,Bhola,2017,31.76,31.223871669769288,32.09419574014039
2020-09-01,Bhola,2017,33.0,31.59563205242157,32.353467459734645
2020-10-01,Bhola,2017,33.01,31.541945495605468,32.48643163233147
2020-11-01,Bhola,2017,30.61,29.69571565628052,30.585004333437137
2020-12-01,Bhola,2017,26.41,27.01927102804184,27.398248522221287
2021-01-01,Bhola,2020,26.63,24.702472706437113,25.77186290952427
2021-02-01,Bhola,2020,29.51,27.925839407444002,29.11142274764721
2021-03-01,Bhola,2020,33.82,31.67509651184082,32.42848790783492
2021-04-01,Bhola,2020,35.13,33.50891839981079,33.6029999122884
2021-05-01,Bhola,2020,34.36,33.65180025100708,33.651843368170496
2021-06-01,Bhola,2020,31.87,32.56368885040283,32.57415053173387
2021-07-01,Bhola,2020,32.09,31.61726568222046,31.573871682414264
2021-08-01,Bhola,2020,32.69,31.307154998779296,31.904557044595872
2021-09-01,Bhola,2020,32.82,31.786206078529357,32.27762277464657
2021-10-01,Bhola,2020,33.5,32.081373791694645,32.213671843711005
2021-11-01,Bhola,2020,30.25,30.41200841426849,30.29253150913602
2021-12-01,Bhola,2020,26.68,26.908801255226138,26.840308413365
2022-01-01,Bhola,2020,25.14,24.97056063771248,25.808808401320512
2022-02-01,Bhola,2020,27.52,28.008181340694428,29.097402660640494
2022-03-01,Bhola,2020,33.42,31.583028717041017,32.381531743368186
2022-04-01,Bhola,2020,33.69,33.40350765228271,33.561698048812445
2022-05-01,Bhola,2020,33.37,33.44266403198242,33.59896537229773
2022-06-01,Bhola,2020,32.74,32.259327430725094,32.52797800427146
2022-07-01,Bhola,2020,33.11,31.288952312469483,31.528807550178193
2022-08-01,Bhola,2020,32.96,31.277184510231017,31.886789388576183
2022-09-01,Bhola,2020,33.04,31.770543384552,32.251538129603205
2022-10-01,Bhola,2020,32.72,31.97469127178192,32.20643268063426
2022-11-01,Bhola,2020,31.19,30.389188270568848,30.29862701688604
2022-12-01,Bhola,2020,27.95,26.963504874706267,26.844621809836674
2023-01-01,Bhola,2020,26.41,25.02510484158993,25.796866299286695
2023-02-01,Bhola,2020,29.91,27.96077122926712,29.08756352182413
2023-03-01,Bhola,2020,32.33,31.505010809898376,32.374334702740285
2023-04-01,Bhola,2020,35.42,33.338108711242675,33.55735290503512
2023-05-01,Bhola,2020,34.39,33.366469945907596,33.59688692807193
2023-06-01,Bhola,2020,33.48,32.152617201805114,32.528139426648806
2023-07-01,Bhola,2020,33.47,31.188681230545043,31.530809195517904
2023-08-01,Bhola,2020,32.15,31.23570128440857,31.890449552679314
2023-09-01,Bhola,2020,33.0,31.740119605064393,32.25613176177752
2023-10-01,Bhola,2020,32.8,31.942896251678466,32.212167268567875
2023-11-01,Bhola,2020,31.05,30.390761289596558,30.305050916932313
2023-12-01,Bhola,2020,27.44,26.978398110866546,26.851482754878088
2012-01-01,Mymensingh,2011,23.16,23.380933499336244,23.78323643676666
2012-02-01,Mymensingh,2011,27.4,27.612582936286927,27.068436995585103
2012-03-01,Mymensingh,2011,31.37,31.19826225280762,30.51421528208628
2012-04-01,Mymensingh,2011,31.09,32.62370718479157,31.841376956284392
2012-05-01,Mymensingh,2011,33.43,32.103034884929656,31.990205427268798
2012-06-01,Mymensingh,2011,31.4,31.758635106086736,31.568365135878754
2012-07-01,Mymensingh,2011,31.55,31.803184928894048,31.3460450541965
2012-08-01,Mymensingh,2011,32.15,31.980681896209717,31.760462116019525
2012-09-01,Mymensingh,2011,32.01,32.06462962627411,31.656534675967084
2012-10-01,Mymensingh,2011,31.71,31.546617994308473,31.448028985829794
2012-11-01,Mymensingh,2011,28.37,28.850749192237856,29.45322106602074
2012-12-01,Mymensingh,2011,22.89,25.604566863775254,26.13158776981441
2013-01-01,Mymensingh,2011,23.85,24.25113265812397,24.035281676904237
2013-02-01,Mymensingh,2011,28.33,27.844443778991703,27.24028629591318
2013-03-01,Mymensingh,2011,31.83,31.271655871868134,30.580507921095776
2013-04-01,Mymensingh,2011,32.48,32.579989831447605,31.94357819627653
2013-05-01,Mymensingh,2011,30.5,32.10730427503586,32.06881012746239
2013-06-01,Mymensingh,2011,33.06,31.804217622280124,31.715279098684817
2013-07-01,Mymensingh,2011,32.29,31.83193862438202,31.497188731256465
2013-08-01,Mymensingh,2011,31.7,31.995749516487123,31.850538519520853
2013-09-01,Mymensingh,2011,32.39,32.03327147960663,31.817830074270155
2013-10-01,Mymensingh,2011,30.49,31.460273737907414,31.657098589760704
2013-11-01,Mymensingh,2011,29.6,29.114213070869447,29.538041523565415
2013-12-01,Mymensingh,2011,25.07,26.092179113626482,26.1049856115801
2014-01-01,Mymensingh,2011,24.28,24.65174453318119,24.07784725909068
2014-02-01,Mymensingh,2011,25.6,27.753330342769623,27.291346882593952
2014-03-01,Mymensingh,2011,30.59,31.120681643486023,30.646565449823118
2014-04-01,Mymensingh,2011,33.54,32.508091731071474,32.006378619565076
2014-05-01,Mymensingh,2011,33.17,32.12125526189804,32.133552055787675
2014-06-01,Mymensingh,2011,32.33,31.817331519126896,31.771347732851847
2014-07-01,Mymensingh,2011,32.46,31.81835574150086,31.55172367867629
2014-08-01,Mymensingh,2011,31.72,31.959860148429875,31.90743708269506
2014-09-01,Mymensingh,2011,31.94,31.992364192008974,31.862799426500167
2014-10-01,Mymensingh,2011,31.77,31.46251162528992,31.69610075607645
2014-11-01,Mymensingh,2011,29.9,29.343920736312867,29.585702655315856
2014-12-01,Mymensingh,2011,24.69,26.407184095382693,26.15487670654573
2015-01-01,Mymensingh,2014,24.23,23.84750722050667,23.591693656942166
2015-02-01,Mymensingh,2014,26.83,26.851000442504883,27.445566646598706
2015-03-01,Mymensingh,2014,30.57,31.13592099428177,30.643493015036857
2015-04-01,Mymensingh,2014,30.57,32.95195890426636,32.05962331020046
2015-05-01,Mymensingh,2014,32.17,32.74664775371552,31.899105609604725
2015-06-01,Mymensingh,2014,31.57,32.27122143983841,31.868107098600554
2015-07-01,Mymensingh,2014,31.93,32.167239766120915,31.429739654348364
2015-08-01,Mymensingh,2014,31.77,32.27719119310379,31.814280924745894
2015-09-01,Mymensingh,2014,32.44,32.3469530582428,31.71734453969519
2015-10-01,Mymensingh,2014,32.45,31.52626138210297,31.48389315800239
2015-11-01,Mymensingh,2014,29.95,28.88701436519623,29.22656268243652
2015-12-01,Mymensingh,2014,25.34,25.197913616895676,25.51231548808906
2016-01-01,Mymensingh,2014,23.74,24.105794540643693,23.788416054381344
2016-02-01,Mymensingh,2014,27.84,27.316914579868318,27.14104288126166
2016-03-01,Mymensingh,2014,31.08,31.17955671787262,30.611877788433116
2016-04-01,Mymensingh,2014,32.47,32.7614350605011,32.016969300448324
2016-05-01,Mymensingh,2014,32.04,32.6481884098053,32.016996636311525
2016-06-01,Mymensingh,2014,32.74,32.26047480583191,31.80491007862681
2016-07-01,Mymensingh,2014,31.7,32.14535452127457,31.53805975256849
2016-08-01,Mymensingh,2014,33.23,32.307224011421205,31.7378351143742
2016-09-01,Mymensingh,2014,32.04,32.397494196891785,31.75325899966687
2016-10-01,Mymensingh,2014,32.42,31.445619657039643,31.445518943264094
2016-11-01,Mymensingh,2014,29.52,28.707143974304202,29.299382585952266
2016-12-01,Mymensingh,2014,27.57,25.383276689052582,25.398461723567866
2017-01-01,Mymensingh,2014,25.93,24.332912771701814,23.75481160838738
2017-02-01,Mymensingh,2014,28.3,27.445185725688937,27.102437342305198
2017-03-01,Mymensingh,2014,28.06,31.113646852970128,30.603930640194225
2017-04-01,Mymensingh,2014,30.39,32.6555166053772,31.96971109419643
2017-05-01,Mymensingh,2014,32.72,32.597678844928744,32.00449544244076
2017-06-01,Mymensingh,2014,31.89,32.24132877826691,31.77319725938961
2017-07-01,Mymensingh,2014,31.65,32.124469625949864,31.527528831664558
2017-08-01,Mymensingh,2014,32.15,32.286640992164614,31.7146560428371
2017-09-01,Mymensingh,2014,32.39,32.38223251342774,31.747984088120578
2017-10-01,Mymensingh,2014,31.48,31.42401395559311,31.422611423722806
2017-11-01,Mymensingh,2014,29.88,28.72532661676407,29.290422524463406
2017-12-01,Mymensingh,2014,26.82,25.527188018560413,25.386706381555232
2018-01-01,Mymensingh,2017,22.75,25.561872192621234,24.36024802630667
2018-02-01,Mymensingh,2017,27.3,26.553949385881424,27.343888449611043
2018-03-01,Mymensingh,2017,31.11,28.999631080627445,30.80708921124978
2018-04-01,Mymensingh,2017,30.41,31.35212278604508,32.10894050418424
2018-05-01,Mymensingh,2017,30.54,32.2149785399437,32.313382679581345
2018-06-01,Mymensingh,2017,32.37,31.973730275630956,32.070208450999566
2018-07-01,Mymensingh,2017,32.45,31.760751318931582,31.832742512196546
2018-08-01,Mymensingh,2017,32.75,31.800722944736485,32.11074755401971
2018-09-01,Mymensingh,2017,32.71,31.985905430316926,32.083538885153835
2018-10-01,Mymensingh,2017,30.9,31.681141517162324,31.830858098005322
2018-11-01,Mymensingh,2017,29.31,30.106483557224276,29.6329123566018
2018-12-01,Mymensingh,2017,25.96,27.414935741424564,25.867119406911904
2019-01-01,Mymensingh,2017,26.28,25.464477500915528,24.263977922514613
2019-02-01,Mymensingh,2017,27.03,26.158068571090702,27.426253367947353
2019-03-01,Mymensingh,2017,29.85,29.03348817586899,30.591829683860162
2019-04-01,Mymensingh,2017,31.69,31.345703299045567,31.912384047758263
2019-05-01,Mymensingh,2017,32.45,32.08336596488953,32.285787699183665
2019-06-01,Mymensingh,2017,32.35,31.939641382694248,32.009741307625134
2019-07-01,Mymensingh,2017,32.51,31.72167299985886,31.766298033869077
2019-08-01,Mymensingh,2017,33.58,31.71365172147751,32.06152331662053
2019-09-01,Mymensingh,2017,32.42,31.862807762622836,32.06444902885346
2019-10-01,Mymensingh,2017,31.16,31.641591131687164,31.75964546091842
2019-11-01,Mymensingh,2017,30.03,30.220337040424347,29.607558071239904
2019-12-01,Mymensingh,2017,24.48,27.637366422414782,25.914355472834767
2020-01-01,Mymensingh,2017,23.46,25.52265756726265,24.251120403755937
2020-02-01,Mymensingh,2017,26.39,26.06487088084221,27.393805789670793
2020-03-01,Mymensingh,2017,30.31,28.941427526474,30.582521431415156
2020-04-01,Mymensingh,2017,31.46,31.255239820480348,31.891617753029525
2020-05-01,Mymensingh,2017,32.01,32.01464064359665,32.24928629576769
2020-06-01,Mymensingh,2017,32.61,31.901986963748932,31.98077479291632
2020-07-01,Mymensingh,2017,32.06,31.687915246486668,31.73934313434827
2020-08-01,Mymensingh,2017,33.08,31.675128638744354,32.03492525537737
2020-09-01,Mymensingh,2017,32.16,31.820241696834564,32.0379107509538
2020-10-01,Mymensingh,2017,32.87,31.634059631824496,31.74037615194122
2020-11-01,Mymensingh,2017,30.12,30.312683393955233,29.585023705568528
2020-12-01,Mymensingh,2017,24.78,27.804107129573822,25.888006952731942
2021-01-01,Mymensingh,2020,23.69,23.074438611865045,24.113590577509942
2021-02-01,Mymensingh,2020,28.38,26.106963340044025,27.363682604073528
2021-03-01,Mymensingh,2020,31.84,30.270087294578552,30.575806161275978
2021-04-01,Mymensingh,2020,33.71,32.500363087654115,31.758749070282175
2021-05-01,Mymensingh,2020,33.1,32.574408974647525,32.181992076494545
2021-06-01,Mymensingh,2020,32.1,32.132935247421266,32.13639269181809
2021-07-01,Mymensingh,2020,32.55,31.976963891983033,31.949026272843806
2021-08-01,Mymensingh,2020,32.18,32.07479792118073,32.3312974729119
2021-09-01,Mymensingh,2020,33.65,32.137401781082154,32.178657334266106
2021-10-01,Mymensingh,2020,33.11,31.82172720432282,31.633124341838524
2021-11-01,Mymensingh,2020,29.83,29.418611960411074,29.607545593907954
2021-12-01,Mymensingh,2020,26.23,25.69574691295624,25.712765204427647
2022-01-01,Mymensingh,2020,24.23,23.4494666826725,24.23310164840347
2022-02-01,Mymensingh,2020,25.03,26.498904749155045,27.260603082129414
2022-03-01,Mymensingh,2020,32.04,30.502173004150393,30.50238807769292
2022-04-01,Mymensingh,2020,32.03,32.4942516374588,31.679704726752828
2022-05-01,Mymensingh,2020,31.89,32.41529564380646,32.11643896870773
2022-06-01,Mymensingh,2020,31.02,31.995686368942263,32.14067532938489
2022-07-01,Mymensingh,2020,33.22,31.90918655395508,31.93304548578486
2022-08-01,Mymensingh,2020,33.36,32.01580271244049,32.382620847986146
2022-09-01,Mymensingh,2020,32.38,32.1013137292862,32.172086835518684
2022-10-01,Mymensingh,2020,31.98,31.65572309017182,31.746591597715067
2022-11-01,Mymensingh,2020,30.43,29.311412072181703,29.672626642118995
2022-12-01,Mymensingh,2020,26.41,25.894670535326007,25.63338437069054
2023-01-01,Mymensingh,2020,24.36,23.71368371129036,24.192088385680204
2023-02-01,Mymensingh,2020,27.86,26.667976909875872,27.245523805235205
2023-03-01,Mymensingh,2020,29.83,30.53881552219391,30.486098256562457
2023-04-01,Mymensingh,2020,34.07,32.448563618659975,31.66768141908196
2023-05-01,Mymensingh,2020,33.45,32.3611766576767,32.10561330471877
2023-06-01,Mymensingh,2020,32.83,31.97139304637909,32.12528710206651
2023-07-01,Mymensingh,2020,33.57,31.89393873214722,31.92298555823187
2023-08-01,Mymensingh,2020,32.65,31.99826617717743,32.36706405930813
2023-09-01,Mymensingh,2020,33.47,32.07975115299225,32.16527654137695
2023-10-01,Mymensingh,2020,31.56,31.613144702911377,31.727300830659846
2023-11-01,Mymensingh,2020,30.66,29.306079955101016,29.66141694484939
2023-12-01,Mymensingh,2020,26.42,25.977768468856812,25.63666222988436
