date,station,origin,actual,SNAIVE,SARIMA,LSTM,SARIMA+LSTM
2012-01-01,Dhaka,2011,24.05,23.45,24.368450981773847,23.777919926643374,24.316711292063285
2012-02-01,Dhaka,2011,28.51,28.73,28.152264961009465,28.4036194562912,28.107443210115235
2012-03-01,Dhaka,2011,33.0,32.08,32.46861177496765,32.3240835505724,32.39190794146944
2012-04-01,Dhaka,2011,33.51,33.47,34.2678449176615,34.36783793330193,34.21545300161604
2012-05-01,Dhaka,2011,34.63,33.4,33.58991886479078,33.09942101299763,33.54359014346067
2012-06-01,Dhaka,2011,33.2,32.63,32.98709722401873,32.5235633045435,32.96617852592766
2012-07-01,Dhaka,2011,32.56,32.32,32.29879046942162,32.14431085526944,32.3025921279754
2012-08-01,Dhaka,2011,32.55,31.12,32.51105676763027,32.18094529926777,32.5349268306138
2012-09-01,Dhaka,2011,32.91,32.42,32.465552052919776,32.40960723340511,32.547185628647206
2012-10-01,Dhaka,2011,32.34,32.65,32.24141899057995,32.1312606137991,32.333378845090365
2012-11-01,Dhaka,2011,28.74,29.71,30.075550892773894,29.9011416888237,30.16778218916406
2012-12-01,Dhaka,2011,23.96,24.98,26.146850446839164,25.974871975481513,26.228533375635642
2013-01-01,Dhaka,2011,24.23,24.05,23.90383732607693,23.613768846243623,23.945176248215425
2013-02-01,Dhaka,2011,28.91,28.51,28.099405606270317,28.873561601638798,28.08841708603737
2013-03-01,Dhaka,2011,33.39,33.0,32.623374098243886,32.737088925242425,32.58307793868972
2013-04-01,Dhaka,2011,34.22,33.51,34.37913216555087,34.57310267388821,34.339250401593695
2013-05-01,Dhaka,2011,31.73,34.63,33.97555186384933,33.34000850081444,33.96860050975588
2013-06-01,Dhaka,2011,33.7,33.2,32.1452621676842,31.93837095081806,32.06204372907187
2013-07-01,Dhaka,2011,32.68,32.56,32.20293012515918,32.00206638395787,32.12518860083852
2013-08-01,Dhaka,2011,32.04,32.55,32.52046115881531,32.134875242710116,32.46521357208503
2013-09-01,Dhaka,2011,32.63,32.91,32.33975924106356,32.15964383542538,32.298597700971115
2013-10-01,Dhaka,2011,31.51,32.34,32.10728673634815,31.671363396644594,32.07698329690341
2013-11-01,Dhaka,2011,30.18,28.74,29.64771066906243,28.860536821484565,29.619813191733698
2013-12-01,Dhaka,2011,26.25,23.96,26.346329181686453,26.30134706735611,26.371424987703797
2014-01-01,Dhaka,2011,24.29,24.23,24.826647986733683,24.776889396309855,24.91336109945547
2014-02-01,Dhaka,2011,27.17,28.91,28.493307795382695,28.512510481476784,28.552847363562023
2014-03-01,Dhaka,2011,32.4,33.39,32.22237562232605,31.721440537571908,32.212061452217576
2014-04-01,Dhaka,2011,36.44,34.22,33.88578157386189,34.32540445506573,33.82807058825421
2014-05-01,Dhaka,2011,35.18,31.73,34.3757244769427,34.02028218865395,34.376952117671216
2014-06-01,Dhaka,2011,33.23,33.7,33.62414199597116,32.993751283288006,33.74881187336455
2014-07-01,Dhaka,2011,32.87,32.68,32.54656586009956,32.545773473978045,32.663055466298516
2014-08-01,Dhaka,2011,32.16,32.04,32.652925510670464,32.64727896153927,32.790898167459325
2014-09-01,Dhaka,2011,32.86,32.63,32.4670372256055,32.59208585202694,32.625476940493904
2014-10-01,Dhaka,2011,32.2,31.51,32.17577521415347,32.22977834761143,32.33563936072435
2014-11-01,Dhaka,2011,30.22,30.18,29.966337626974386,30.350263501405717,30.14394335095247
2014-12-01,Dhaka,2011,24.52,26.25,26.450242098009895,27.07007907420397,26.615830349675175
2015-01-01,Dhaka,2014,24.77,24.29,24.197627855091785,24.21637432575226,24.212613173857466
2015-02-01,Dhaka,2014,28.42,27.17,28.40571635702762,27.96426908224821,28.40239213393498
2015-03-01,Dhaka,2014,32.11,32.4,32.672032027234785,32.94826859295368,32.67509793743427
2015-04-01,Dhaka,2014,32.82,36.44,34.175280947894564,35.35598019778729,34.1346034174562
2015-05-01,Dhaka,2014,34.07,35.18,33.28921152434086,34.51364962279797,33.124436130100015
2015-06-01,Dhaka,2014,32.75,33.23,32.869918933519386,33.20015036940575,32.672839405112605
2015-07-01,Dhaka,2014,31.73,32.87,32.18886445953218,32.34299252867699,31.998107483438886
2015-08-01,Dhaka,2014,32.62,32.16,32.09927504945523,32.015786521434784,31.89091312183292
2015-09-01,Dhaka,2014,32.86,32.86,32.50564813944787,32.41622717559338,32.32270476098219
2015-10-01,Dhaka,2014,32.39,32.2,32.174115192725715,32.026245854496956,32.00686168714212
2015-11-01,Dhaka,2014,30.23,30.22,30.039401001866,29.98773211300373,29.902807088905156
2015-12-01,Dhaka,2014,25.94,24.52,26.256286975278307,26.74432216703892,26.145388757443254
2016-01-01,Dhaka,2014,24.87,24.77,24.73751770384769,25.05981312647462,24.688362917780175
2016-02-01,Dhaka,2014,29.8,28.42,28.591962908188815,27.45604233622551,28.53754746524812
2016-03-01,Dhaka,2014,33.11,32.11,33.14153765009305,31.8464635014534,33.12703804876683
2016-04-01,Dhaka,2014,35.14,32.82,34.54641100724228,33.9056070548296,34.57369862239001
2016-05-01,Dhaka,2014,33.68,34.07,34.28511598763677,34.25029006063939,34.37444848409081
2016-06-01,Dhaka,2014,33.93,32.75,33.01120290591426,33.04679422855377,33.07806056978263
2016-07-01,Dhaka,2014,32.23,31.73,32.591428998984235,32.6717156791687,32.67869654477879
2016-08-01,Dhaka,2014,33.28,32.62,32.45140882428693,32.34266943335533,32.54691101639301
2016-09-01,Dhaka,2014,32.87,32.86,32.854459970393144,32.696591385006904,32.94968160550275
2016-10-01,Dhaka,2014,33.07,32.39,32.29767688797358,32.11262819826603,32.39068050257303
2016-11-01,Dhaka,2014,29.6,30.23,30.32017854798685,30.521980763077735,30.42834545812697
2016-12-01,Dhaka,2014,27.76,25.94,26.102897509939762,27.072364007830622,26.197094984098694
2017-01-01,Dhaka,2014,26.37,24.87,25.32409306606368,26.090985673666,25.455648964109304
2017-02-01,Dhaka,2014,29.57,29.8,29.377840470968007,28.25388672411442,29.54993045932855
2017-03-01,Dhaka,2014,30.48,33.11,33.26997147512657,31.78662501871586,33.44463678910828
2017-04-01,Dhaka,2014,32.79,35.14,33.77087505342,33.42645581483841,33.88750728059368
2017-05-01,Dhaka,2014,34.5,33.68,33.207985302372485,33.755269396901134,33.228032159291956
2017-06-01,Dhaka,2014,33.04,33.93,33.06911352656386,33.63075302541256,33.07336135772724
2017-07-01,Dhaka,2014,31.98,32.23,32.261442697857994,32.52909982383251,32.220223666833725
2017-08-01,Dhaka,2014,32.59,33.28,32.36117882590383,32.068279853463174,32.30722856181292
2017-09-01,Dhaka,2014,33.08,32.87,32.58347676707317,32.241204332709316,32.50034473794278
2017-10-01,Dhaka,2014,31.99,33.07,32.36274855552054,32.31479719400406,32.29083027868101
2017-11-01,Dhaka,2014,30.19,29.6,29.90056722989953,30.508533676266673,29.811550752276133
2017-12-01,Dhaka,2014,26.76,27.76,26.350142018609493,28.223119796514514,26.29010776092778
2018-01-01,Dhaka,2017,23.6,26.37,25.147586356174248,25.764298550486565,25.112420768183473
2018-02-01,Dhaka,2017,29.22,29.57,28.384722858866336,27.86908721983433,28.306179599523904
2018-03-01,Dhaka,2017,33.32,30.48,32.64442111768618,32.61595276296139,32.5707583536433
2018-04-01,Dhaka,2017,33.03,32.79,34.51494433208625,34.239124834537506,34.5341250349488
2018-05-01,Dhaka,2017,32.33,34.5,33.64774934060883,33.337459735274315,33.66243016272867
2018-06-01,Dhaka,2017,33.54,33.04,32.45597593110918,32.310524960756304,32.38068775922255
2018-07-01,Dhaka,2017,32.79,31.98,32.23769142043212,32.1008896535635,32.15092372555339
2018-08-01,Dhaka,2017,33.8,32.59,32.65841444577735,32.13938452959061,32.589166127110886
2018-09-01,Dhaka,2017,34.13,33.08,33.10756924246515,32.697939078807835,33.07393209317738
2018-10-01,Dhaka,2017,31.99,31.99,32.82991088976123,32.59838972270489,32.84565239195361
2018-11-01,Dhaka,2017,30.29,30.19,30.09902618873115,30.198934608101844,30.150123835733833
2018-12-01,Dhaka,2017,26.14,26.76,26.510977677676756,26.835390270948412,26.57437032824282
2019-01-01,Dhaka,2017,27.17,23.6,24.84983345852985,24.124041496813298,24.906264408273444
2019-02-01,Dhaka,2017,28.35,29.22,29.579101195213838,29.76168391466141,29.72683222197076
2019-03-01,Dhaka,2017,31.51,33.32,32.75327769786233,32.2551079672575,32.88429543108797
2019-04-01,Dhaka,2017,33.68,33.03,33.823479739267604,33.502010953426364,33.90431273833211
2019-05-01,Dhaka,2017,34.59,32.33,33.59219607801025,33.62481000304222,33.67288298259839
2019-06-01,Dhaka,2017,33.58,33.54,33.30748225119834,33.304138774275785,33.40805509164509
2019-07-01,Dhaka,2017,32.97,32.79,32.5275750141089,32.645619586110115,32.596741386729114
2019-08-01,Dhaka,2017,33.75,33.8,32.89006799779525,32.57422605574131,32.955483330658325
2019-09-01,Dhaka,2017,33.34,34.13,33.222809545147456,33.05024994373322,33.29108824431188
2019-10-01,Dhaka,2017,32.06,31.99,32.51882657948062,32.57557989537716,32.59121514694062
2019-11-01,Dhaka,2017,30.32,30.29,30.073543475580937,30.41712930738926,30.174135966161934
2019-12-01,Dhaka,2017,24.76,26.14,26.485487493544003,27.32437309086323,26.58533242466993
2020-01-01,Dhaka,2017,24.02,27.17,24.596755190531372,24.79150770366192,24.659783459260193
2020-02-01,Dhaka,2017,27.45,28.35,28.323738609756752,28.3968024083972,28.277970065632054
2020-03-01,Dhaka,2017,32.29,31.51,32.024265152034104,32.10320399940014,31.951947995010354
2020-04-01,Dhaka,2017,33.83,33.68,33.88987056544996,34.25503025531769,33.80902781322372
2020-05-01,Dhaka,2017,33.39,34.59,33.75327084851588,33.862100689411164,33.64696194948154
2020-06-01,Dhaka,2017,33.38,33.58,32.96740030908044,32.82317275702954,32.81304384157281
2020-07-01,Dhaka,2017,33.02,32.97,32.39894300549988,32.281204938292504,32.240838488472924
2020-08-01,Dhaka,2017,32.94,33.75,32.935613121155235,32.30797443926335,32.79405786175627
2020-09-01,Dhaka,2017,33.54,33.34,32.967045238201855,32.548913117647174,32.83475800733848
2020-10-01,Dhaka,2017,33.16,32.06,32.4758565289184,32.39291075587273,32.385519771612735
2020-11-01,Dhaka,2017,30.77,30.32,30.459552669604328,30.496279759407045,30.43449066803149
2020-12-01,Dhaka,2017,25.97,24.76,26.606220305827968,27.011002674996853,26.623221552496354
2021-01-01,Dhaka,2020,25.58,24.02,25.01672439837904,23.36686739102006,25.09560181233282
2021-02-01,Dhaka,2020,29.53,27.45,28.91334851463448,27.3945286744833,29.02231436925834
2021-03-01,Dhaka,2020,34.47,32.29,32.91560086817639,32.607482924461365,33.06653205566639
2021-04-01,Dhaka,2020,36.13,33.83,34.85320412552239,34.84414189577103,35.047630291011515
2021-05-01,Dhaka,2020,34.97,33.39,34.7608127847205,34.51979457974434,35.02277267586202
2021-06-01,Dhaka,2020,32.5,33.38,33.82256604573626,33.71725214004517,34.137096524084
2021-07-01,Dhaka,2020,32.84,33.02,32.40369312994997,32.676123120784766,32.689945069421334
2021-08-01,Dhaka,2020,33.23,32.94,32.880359311247446,32.5956425344944,33.136186502055864
2021-09-01,Dhaka,2020,33.89,33.54,33.10688390685041,32.947618012428286,33.35037039138607
2021-10-01,Dhaka,2020,33.53,33.16,32.67332738923539,32.85335495233536,32.90634254360625
2021-11-01,Dhaka,2020,30.0,30.77,30.64716095094088,30.56225617527962,30.883443769613976
2021-12-01,Dhaka,2020,26.51,25.97,26.329091717561912,26.409089260399345,26.548190738141255
2022-01-01,Dhaka,2020,25.15,25.58,25.19504654172415,24.489433551877738,25.415032542544232
2022-02-01,Dhaka,2020,27.15,29.53,28.869100157278936,28.45728752076626,29.054330053441372
2022-03-01,Dhaka,2020,33.92,34.47,32.25351918443012,31.881135668158535,32.35513504070596
2022-04-01,Dhaka,2020,34.1,36.13,34.57413621513762,35.39278760313988,34.6311245142068
2022-05-01,Dhaka,2020,33.5,34.97,34.018382265122256,34.24148834705353,34.03331067144434
2022-06-01,Dhaka,2020,33.37,32.5,33.03034833661339,33.11197870969772,33.02043573384883
2022-07-01,Dhaka,2020,34.27,32.84,32.54760784124229,32.6672309756279,32.561520049748765
2022-08-01,Dhaka,2020,34.21,33.23,33.413668291781434,33.03387041568756,33.456035322743254
2022-09-01,Dhaka,2020,33.21,33.89,33.63863204554369,33.552837008237844,33.7267292618262
2022-10-01,Dhaka,2020,32.72,33.53,32.65925755113794,33.09728489637375,32.756999019531534
2022-11-01,Dhaka,2020,31.04,30.0,30.31148686823771,30.65424878835678,30.409203947883732
2022-12-01,Dhaka,2020,27.41,26.51,26.615284332917934,27.232634651958943,26.758847123531055
2023-01-01,Dhaka,2020,25.08,25.15,25.566395149183666,24.267930637449027,25.742091184408253
2023-02-01,Dhaka,2020,29.32,27.15,28.809190477201355,26.926260830163958,28.99265967693801
2023-03-01,Dhaka,2020,32.35,33.92,33.13568289818284,32.63487491071224,33.365531794096654
2023-04-01,Dhaka,2020,36.36,34.1,34.23070062120367,34.05047404170037,34.3923050948033
2023-05-01,Dhaka,2020,35.44,33.5,34.636598109901335,34.83984859108925,34.84101553231353
2023-06-01,Dhaka,2020,34.2,33.37,33.880729240324456,33.959336577653886,34.134814561108726
2023-07-01,Dhaka,2020,34.41,34.27,33.197455735956005,33.445302456617355,33.4697932531269
2023-08-01,Dhaka,2020,32.73,34.21,33.67223510344538,33.55986169755459,33.948883866591046
2023-09-01,Dhaka,2020,34.03,33.21,33.178790513946105,33.162557175159456,33.439087691524904
2023-10-01,Dhaka,2020,32.81,32.72,32.824449675695426,33.21025148808956,33.10703303408425
2023-11-01,Dhaka,2020,30.92,31.04,30.454604879315966,30.93183508038521,30.73096397260009
2023-12-01,Dhaka,2020,26.74,27.41,26.673962673630665,27.304833725690845,26.931231795655336
2012-01-01,Chittagong,2011,25.37,25.04,25.050209106817135,25.646542265713215,24.743163574015238
2012-02-01,Chittagong,2011,29.55,28.81,28.165911610538135,28.398188428282737,27.851472476531672
2012-03-01,Chittagong,2011,30.28,30.51,31.21131130048923,30.81070503115654,30.91374464786152
2012-04-01,Chittagong,2011,31.31,31.16,31.51829406965658,31.433811331987382,31.24560780521839
2012-05-01,Chittagong,2011,32.32,31.47,31.857483464679,31.25622882962227,31.606636705677758
2012-06-01,Chittagong,2011,31.09,30.58,31.280032123156715,30.88661965250969,31.063027085101655
2012-07-01,Chittagong,2011,30.14,31.19,30.567046808639727,30.94403835654259,30.37770481227725
2012-08-01,Chittagong,2011,31.11,30.4,30.762057664226074,30.920072854757308,30.55960913341327
2012-09-01,Chittagong,2011,31.24,30.68,31.420236403413977,31.16715661406517,31.25576001706108
2012-10-01,Chittagong,2011,31.15,31.16,31.47302276154964,30.618168498277665,31.330840893016095
2012-11-01,Chittagong,2011,28.76,28.81,29.711556068611873,28.561062065958975,29.571830178024797
2012-12-01,Chittagong,2011,24.73,25.15,26.58285575076647,26.092932823002336,26.439993152596887
2013-01-01,Chittagong,2011,25.0,25.37,24.90201278182188,25.715344772934912,24.72374633130642
2013-02-01,Chittagong,2011,29.28,29.55,28.09675490571478,28.530442373156546,27.863218684457713
2013-03-01,Chittagong,2011,31.13,30.28,31.004808882365992,30.77170630812645,30.747665374231413
2013-04-01,Chittagong,2011,31.94,31.31,31.801006986310036,31.86368953704834,31.58584097607884
2013-05-01,Chittagong,2011,30.35,32.32,32.14006999817948,31.67584858059883,31.953217269558287
2013-06-01,Chittagong,2011,31.72,31.09,30.509641197051177,30.55504317998886,30.28790651917572
2013-07-01,Chittagong,2011,31.33,30.14,30.729450328154524,30.72916786789894,30.5309066591616
2013-08-01,Chittagong,2011,30.25,31.11,31.234485110987414,31.22675794482231,31.080443675271017
2013-09-01,Chittagong,2011,31.29,31.24,31.09265263258342,31.023382045030594,30.93421041044027
2013-10-01,Chittagong,2011,29.93,31.15,31.45894364076847,30.45137329220772,31.314904388355977
2013-11-01,Chittagong,2011,28.72,28.76,29.151926739637698,27.738680426478385,28.984112662455093
2013-12-01,Chittagong,2011,26.02,24.73,26.379109282886585,25.673836015611887,26.19864228359796
2014-01-01,Chittagong,2011,25.46,25.0,25.370115796983356,26.182917359173295,25.19582265459487
2014-02-01,Chittagong,2011,27.8,29.28,28.371054348613477,28.882820243835447,28.17252779119733
2014-03-01,Chittagong,2011,30.66,31.13,30.451694060893995,30.611465491056443,30.204728829744305
2014-04-01,Chittagong,2011,33.26,31.94,31.586939569473127,31.60789750933647,31.337371978615653
2014-05-01,Chittagong,2011,32.42,30.35,32.48529122446778,31.495700515508652,32.28526133725212
2014-06-01,Chittagong,2011,31.16,31.72,31.426017946947105,31.203638590574265,31.307782330070992
2014-07-01,Chittagong,2011,31.19,31.33,30.64205831361086,31.12773373246193,30.51983072143311
2014-08-01,Chittagong,2011,30.33,30.25,31.16862828822337,31.359531511068344,31.068587566491086
2014-09-01,Chittagong,2011,30.94,31.29,31.186157896800296,30.984666455984115,31.112566694847725
2014-10-01,Chittagong,2011,31.14,29.93,31.25744021513465,29.964779878854753,31.172430613560426
2014-11-01,Chittagong,2011,30.63,28.72,29.628961551894253,28.302859060168267,29.567229606004958
2014-12-01,Chittagong,2011,27.76,26.02,27.186355519263017,26.800810360610484,27.14743579417039
2015-01-01,Chittagong,2014,26.56,25.46,26.11920314292783,26.09706687748432,26.203720566627332
2015-02-01,Chittagong,2014,28.91,27.8,28.886564053093096,28.139739985466,28.993919640205124
2015-03-01,Chittagong,2014,32.52,30.66,31.03845891168893,30.99862300872803,31.169785563986714
2015-04-01,Chittagong,2014,32.26,33.26,32.59265108639195,32.72960763692856,32.75827010407568
2015-05-01,Chittagong,2014,33.67,32.42,32.27295393899972,32.02924915075302,32.41935140033701
2015-06-01,Chittagong,2014,32.49,31.16,32.02397865542668,31.731917245388033,32.213043963459896
2015-07-01,Chittagong,2014,30.73,31.19,31.355233853188526,31.647676749229433,31.58205329231816
2015-08-01,Chittagong,2014,32.04,30.33,31.102066840356038,31.349653823375704,31.313043448929168
2015-09-01,Chittagong,2014,32.91,30.94,31.98152070624905,32.01574224948883,32.21776486418104
2015-10-01,Chittagong,2014,31.74,31.14,32.20921787870465,32.21574006795883,32.46694970870969
2015-11-01,Chittagong,2014,30.09,30.63,30.177153539649893,30.16355891942978,30.424456679482304
2015-12-01,Chittagong,2014,26.47,27.76,27.244213489958103,27.352646223902703,27.448104857791307
2016-01-01,Chittagong,2014,25.6,26.56,25.91487387974265,26.18921912431717,26.06210174028545
2016-02-01,Chittagong,2014,29.38,28.91,28.71700771223587,28.836676184535026,28.809330264106837
2016-03-01,Chittagong,2014,32.38,32.52,31.487411145466016,31.48673948764801,31.559539075455373
2016-04-01,Chittagong,2014,32.67,32.26,32.67387472715825,32.837317879199986,32.72499667904979
2016-05-01,Chittagong,2014,32.99,33.67,32.679528471075606,32.3717382144928,32.74554453804036
2016-06-01,Chittagong,2014,33.03,32.49,31.939053042822334,31.62627030134201,31.98810243068178
2016-07-01,Chittagong,2014,31.29,30.73,31.633121795330343,31.348438842296602,31.7104621973251
2016-08-01,Chittagong,2014,31.93,32.04,31.512361499515347,31.58630393266678,31.617448473459547
2016-09-01,Chittagong,2014,32.81,32.91,32.13886633810489,32.14449769973755,32.23949256985078
2016-10-01,Chittagong,2014,32.65,31.74,32.25413903191584,32.1055065703392,32.361672249534614
2016-11-01,Chittagong,2014,29.48,30.09,30.632711228738504,29.73069587469101,30.77473754358124
2016-12-01,Chittagong,2014,28.64,26.47,27.077760490281925,26.75786566108465,27.200040786122113
2017-01-01,Chittagong,2014,27.47,25.6,26.83867746112686,26.69773711532354,26.992026550098828
2017-02-01,Chittagong,2014,30.05,29.38,29.66095520002092,29.639281566143033,29.83986247807368
2017-03-01,Chittagong,2014,30.26,32.38,32.029663817129446,31.820825655460357,32.211333577351205
2017-04-01,Chittagong,2014,31.87,32.67,32.06602058794368,31.997839720249175,32.188242506095364
2017-05-01,Chittagong,2014,33.71,32.99,32.522824932523115,32.34557164430618,32.602893789050256
2017-06-01,Chittagong,2014,32.46,33.03,32.39695833025294,32.270023686885835,32.46703554882088
2017-07-01,Chittagong,2014,31.36,31.29,31.49841997011993,31.53681081056595,31.545748933159246
2017-08-01,Chittagong,2014,32.52,31.93,31.656072978840985,31.648654158115388,31.705964004391426
2017-09-01,Chittagong,2014,32.09,32.81,32.500424923256276,32.42676600933075,32.55777143520744
2017-10-01,Chittagong,2014,31.68,32.65,32.097150694036145,32.4470702958107,32.1410328760123
2017-11-01,Chittagong,2014,30.91,29.48,30.232896185516832,29.800199301242827,30.25623472820094
2017-12-01,Chittagong,2014,27.8,28.64,27.778182997858934,28.312894586920738,27.830401638626018
2018-01-01,Chittagong,2017,25.02,27.47,26.668534335792128,27.394084129929542,26.698126426793003
2018-02-01,Chittagong,2017,28.79,30.05,28.752330954822433,28.467668260335923,28.72629448663999
2018-03-01,Chittagong,2017,31.66,30.26,31.37934214888043,30.758972330093385,31.315193645743655
2018-04-01,Chittagong,2017,32.94,31.87,32.52696662095082,32.49812445163727,32.498832542607246
2018-05-01,Chittagong,2017,32.82,33.71,33.00659349244894,32.618016506433484,32.98578127264702
2018-06-01,Chittagong,2017,32.15,32.46,32.06536861021276,31.755887628793715,32.0139484117627
2018-07-01,Chittagong,2017,31.97,31.36,31.37798473688946,31.245780534744263,31.332289597085563
2018-08-01,Chittagong,2017,32.84,32.52,31.940102298437196,31.531253356933593,31.922678334157606
2018-09-01,Chittagong,2017,33.01,32.09,32.600468764398705,32.023962898254396,32.60524147102832
2018-10-01,Chittagong,2017,30.5,31.68,32.468952309803846,31.990232528448104,32.53053272217507
2018-11-01,Chittagong,2017,30.46,30.91,29.907099029926865,29.86273828268051,29.956617638835542
2018-12-01,Chittagong,2017,26.78,27.8,27.622707375777132,27.701120154261588,27.647419992628873
2019-01-01,Chittagong,2017,27.39,25.02,26.145959335425584,25.99185100764036,26.1429701058361
2019-02-01,Chittagong,2017,28.9,28.79,29.585208739958105,29.423474348783493,29.635139396118923
2019-03-01,Chittagong,2017,31.03,31.66,31.471602999605143,31.188609166145326,31.50521932533385
2019-04-01,Chittagong,2017,33.21,32.94,32.3469225466345,32.25937849998474,32.349317338849836
2019-05-01,Chittagong,2017,33.78,32.82,33.103894090202914,32.56388204813003,33.1024882681946
2019-06-01,Chittagong,2017,33.28,32.15,32.45301811834707,31.873901886940004,32.48244700998277
2019-07-01,Chittagong,2017,31.47,31.97,31.89967439107851,31.63871192455292,31.967937568294175
2019-08-01,Chittagong,2017,32.67,32.84,31.901108751787376,31.75631504178047,31.97207032461344
2019-09-01,Chittagong,2017,32.48,33.01,32.6274968949995,32.289120585918425,32.70785457784058
2019-10-01,Chittagong,2017,32.36,30.5,32.20119244872133,31.590234721899034,32.29105369154113
2019-11-01,Chittagong,2017,30.65,30.46,30.67606617352539,30.307574857473373,30.830033310491505
2019-12-01,Chittagong,2017,26.81,26.78,27.74546830643635,28.01932966530323,27.882686329928788
2020-01-01,Chittagong,2017,25.33,27.39,26.332500435991417,26.813481148779392,26.459066274965526
2020-02-01,Chittagong,2017,27.22,28.9,28.85014462494188,28.477726567983627,28.886995350302854
2020-03-01,Chittagong,2017,31.76,31.03,30.80204711338266,30.29115417122841,30.770051065328914
2020-04-01,Chittagong,2017,32.71,33.21,32.60576763227913,32.699253721237184,32.545607858664795
2020-05-01,Chittagong,2017,33.19,33.78,32.92047455442364,32.740873332023625,32.8172933725855
2020-06-01,Chittagong,2017,32.62,33.28,32.227478045423176,31.96548542499542,32.10860325134908
2020-07-01,Chittagong,2017,32.03,31.47,31.552257550636316,31.28036627292633,31.433336039186695
2020-08-01,Chittagong,2017,31.93,32.67,32.071175863703154,31.46975036382675,32.00014869419389
2020-09-01,Chittagong,2017,32.83,32.48,32.27917958842516,31.82433716773987,32.21444369215344
2020-10-01,Chittagong,2017,33.06,32.36,32.26217917655854,32.00671233654022,32.2396524290748
2020-11-01,Chittagong,2017,31.09,30.65,30.8822227815275,30.65482892513275,30.905677455180903
2020-12-01,Chittagong,2017,27.36,26.81,27.832663694818386,28.131444756388664,27.898906501267128
2021-01-01,Chittagong,2020,27.24,25.33,26.49875025133484,25.505577272623775,26.58765681650004
2021-02-01,Chittagong,2020,28.89,27.22,29.474246516899125,28.3841464471817,29.605611672628335
2021-03-01,Chittagong,2020,32.97,31.76,31.58454407833916,31.431817461252212,31.740668442970186
2021-04-01,Chittagong,2020,33.7,32.71,33.2201788954125,33.21870857596397,33.370841514177215
2021-05-01,Chittagong,2020,33.78,33.19,33.499445850523834,32.89473278641701,33.6705768623932
2021-06-01,Chittagong,2020,31.63,32.62,32.66659380820835,32.29446812987327,32.84957235340706
2021-07-01,Chittagong,2020,31.92,32.03,31.42608559811649,31.805073751211168,31.578508815004326
2021-08-01,Chittagong,2020,31.7,31.93,32.165883786478055,32.09032852768898,32.298290045677426
2021-09-01,Chittagong,2020,33.0,32.83,32.35697480376482,32.46283738732338,32.468883715725944
2021-10-01,Chittagong,2020,33.22,33.06,32.50770794211392,32.85451582789421,32.60163135575941
2021-11-01,Chittagong,2020,31.52,31.09,31.058096990197587,31.077249641418458,31.14854839849045
2021-12-01,Chittagong,2020,27.69,27.36,28.094456491530483,28.181433634161948,28.202369110386662
2022-01-01,Chittagong,2020,26.02,27.24,26.773687477328092,26.76802417755127,26.894476902262525
2022-02-01,Chittagong,2020,27.93,28.89,29.09553244694787,28.965722633600237,29.173276726612016
2022-03-01,Chittagong,2020,32.44,32.97,31.349327847281256,31.070848752260208,31.387016729469348
2022-04-01,Chittagong,2020,33.12,33.7,33.06032737618438,33.15221168518066,33.052217357063455
2022-05-01,Chittagong,2020,33.15,33.78,33.289106417785675,32.90074368834496,33.26825066452457
2022-06-01,Chittagong,2020,32.14,31.63,32.348396509836235,32.042722965478895,32.319354208803674
2022-07-01,Chittagong,2020,33.25,31.92,31.597973067823528,31.667635525465013,31.58734777509752
2022-08-01,Chittagong,2020,33.27,31.7,32.6237243513284,32.10155625462532,32.63859457423474
2022-09-01,Chittagong,2020,32.55,33.0,33.015792456359776,32.77327481627464,33.08838757026647
2022-10-01,Chittagong,2020,32.82,33.22,32.46059197725361,32.9012329351902,32.53689571093796
2022-11-01,Chittagong,2020,31.47,31.52,30.992478306673533,31.454113448858262,31.07300031515369
2022-12-01,Chittagong,2020,28.5,27.69,28.096714713213935,28.247642238140106,28.192616036651863
2023-01-01,Chittagong,2020,27.1,26.02,27.0791070009749,26.3998648416996,27.210614436693902
2023-02-01,Chittagong,2020,28.91,27.93,29.51011397480157,28.669704426527023,29.670680775262635
2023-03-01,Chittagong,2020,32.1,32.44,31.877188580418622,31.579514141082765,32.04597679814537
2023-04-01,Chittagong,2020,34.13,33.12,33.062764884889205,32.964201499223705,33.18806523930303
2023-05-01,Chittagong,2020,33.24,33.15,33.76957742568797,33.14374587059021,33.90621970576501
2023-06-01,Chittagong,2020,32.88,32.14,32.505349253001846,32.281434203386304,32.63625301060224
2023-07-01,Chittagong,2020,33.69,33.25,32.088740792469245,32.253540624380115,32.22096959084983
2023-08-01,Chittagong,2020,31.26,33.27,32.96613457795313,32.6931533229351,33.095791439800536
2023-09-01,Chittagong,2020,33.1,32.55,32.37536039663056,32.494564665555956,32.472581156822834
2023-10-01,Chittagong,2020,32.26,32.82,32.744970299968976,33.046172041893,32.85390814422205
2023-11-01,Chittagong,2020,31.21,31.47,30.877634521112025,31.574087406396867,30.96068954927914
2023-12-01,Chittagong,2020,28.1,28.5,28.06438959583847,28.50471731841564,28.129599226336357
2012-01-01,Barisal,2011,24.65,24.96,25.70427597501499,25.210938296318055,25.67580639094199
2012-02-01,Barisal,2011,29.61,29.35,28.678112982035834,28.745508288145068,28.63682217426311
2012-03-01,Barisal,2011,33.27,32.42,32.79858743823781,32.76885640621185,32.74014794959913
2012-04-01,Barisal,2011,33.77,33.31,34.11218249368441,34.36312986135483,34.081202455513676
2012-05-01,Barisal,2011,34.61,33.82,33.82945507420991,33.36848007678986,33.82048795985514
2012-06-01,Barisal,2011,33.33,32.3,32.62407949382857,32.47077301502228,32.636501107712384
2012-07-01,Barisal,2011,31.94,31.76,31.84489854724142,31.884607396125794,31.900483117204953
2012-08-01,Barisal,2011,32.09,31.01,31.959749725620398,31.849099707603457,32.04236454155254
2012-09-01,Barisal,2011,31.82,31.67,32.219765089906254,32.31060386180878,32.34884426258408
2012-10-01,Barisal,2011,32.05,32.91,32.15808072209091,32.205137979984286,32.294276396733835
2012-11-01,Barisal,2011,29.16,30.34,30.21598330889992,29.820304574966432,30.32118840154113
2012-12-01,Barisal,2011,25.2,26.13,26.799464574138383,26.505659935474394,26.870126661114902
2013-01-01,Barisal,2011,24.81,24.65,25.330844431070865,25.343931326866148,25.35298556574766
2013-02-01,Barisal,2011,29.04,29.61,28.651694563014658,29.74015499353409,28.624688084409915
2013-03-01,Barisal,2011,33.15,33.27,32.67340736010142,32.81085636615754,32.5790453599529
2013-04-01,Barisal,2011,34.05,33.77,34.021339885297465,34.51202717781067,33.907255322052976
2013-05-01,Barisal,2011,31.39,34.61,33.91566658393107,33.62889077663422,33.81531992658073
2013-06-01,Barisal,2011,32.85,33.33,31.945154651101767,31.891948835849764,31.766574883713304
2013-07-01,Barisal,2011,31.3,31.94,31.480831664734794,31.59289105653763,31.275141861925103
2013-08-01,Barisal,2011,31.42,32.09,31.69033131214755,31.572862043380738,31.48460878669718
2013-09-01,Barisal,2011,32.06,31.82,31.95158542057049,31.878160285949708,31.74819740899227
2013-10-01,Barisal,2011,30.82,32.05,32.12481418402756,31.76906713485718,31.948701614095373
2013-11-01,Barisal,2011,30.04,29.16,29.87884130948599,28.65694229245186,29.69007045667446
2013-12-01,Barisal,2011,26.82,25.2,26.8250615627077,26.319635968208313,26.66183185158611
2014-01-01,Barisal,2011,24.54,24.81,25.727853641046167,25.47117861509323,25.607148570383337
2014-02-01,Barisal,2011,27.35,29.04,28.777797137121873,28.90546942591667,28.640617337514513
2014-03-01,Barisal,2011,32.43,33.15,32.35786118427587,31.861153655052185,32.15455946185287
2014-04-01,Barisal,2011,36.18,34.05,33.73938220945961,34.14266702175141,33.49448216626234
2014-05-01,Barisal,2011,34.74,31.39,34.183237521512005,34.03498755455017,33.99652774680803
2014-06-01,Barisal,2011,32.99,32.85,32.92068333373116,32.50300240755081,32.86801804640663
2014-07-01,Barisal,2011,31.91,31.3,31.863112245339316,31.917976768016814,31.84064592106523
2014-08-01,Barisal,2011,31.64,31.42,31.97421265864135,32.229810390472416,32.00166920527973
2014-09-01,Barisal,2011,32.38,32.06,32.12937103125703,32.496311016082764,32.18637657068575
2014-10-01,Barisal,2011,32.03,30.82,32.207682461899246,32.337266788482665,32.282225543711604
2014-11-01,Barisal,2011,30.3,30.04,30.23149409066989,30.368169350624086,30.34510531592332
2014-12-01,Barisal,2011,25.92,26.82,27.024071204405942,27.26150251865387,27.132302020671773
2015-01-01,Barisal,2014,25.68,24.54,25.437174107505474,24.847870726287365,25.3913460381905
2015-02-01,Barisal,2014,29.14,27.35,28.952785290183105,28.290171118378638,28.908769177503736
2015-03-01,Barisal,2014,32.43,32.43,32.865815506821974,32.703177762627604,32.834237614142815
2015-04-01,Barisal,2014,33.08,36.18,34.05970645759915,34.863856842517855,33.99647890111026
2015-05-01,Barisal,2014,34.73,34.74,33.568210267854695,34.109908882975574,33.408867034879144
2015-06-01,Barisal,2014,32.4,32.99,32.73540940750481,32.91427085340023,32.57163192020643
2015-07-01,Barisal,2014,30.92,31.91,31.630467838205103,31.68944607436657,31.46899953173652
2015-08-01,Barisal,2014,31.71,31.64,31.63625453402028,31.246747015118597,31.460440413649707
2015-09-01,Barisal,2014,32.42,32.38,32.036701245862425,31.741053893566132,31.862390668742137
2015-10-01,Barisal,2014,31.77,32.03,32.164213669960255,31.780591184496878,31.99317424570313
2015-11-01,Barisal,2014,30.02,30.3,30.14833181747349,29.86083497941494,29.982584247286756
2015-12-01,Barisal,2014,26.38,25.92,26.84221261868642,26.68231431663036,26.67500921189506
2016-01-01,Barisal,2014,25.77,25.68,25.553946178277428,25.76508169218898,25.399760414454917
2016-02-01,Barisal,2014,30.17,29.14,29.02658306472881,28.59740198612213,28.864967606775732
2016-03-01,Barisal,2014,33.32,32.43,33.12020683825876,32.336155881881716,32.98722567054494
2016-04-01,Barisal,2014,34.7,33.08,34.310448889528594,33.96791997730732,34.22050740326938
2016-05-01,Barisal,2014,34.09,34.73,34.135954156275666,33.901017494797706,34.09955632456088
2016-06-01,Barisal,2014,33.04,32.4,32.71402848832794,32.36386536955833,32.672799742809275
2016-07-01,Barisal,2014,31.57,30.92,31.75432493032914,31.578225738406182,31.74303512862234
2016-08-01,Barisal,2014,32.05,31.71,31.859041222035103,31.51369225203991,31.86910227202204
2016-09-01,Barisal,2014,32.61,32.42,32.21739543856955,31.922372466921807,32.22802829637981
2016-10-01,Barisal,2014,32.32,31.77,32.243330411781606,31.749327455759047,32.25370995402266
2016-11-01,Barisal,2014,29.55,30.02,30.315785821706456,29.93674442708492,30.338841445251433
2016-12-01,Barisal,2014,27.52,26.38,26.76095190099659,26.74927449300885,26.763776771133944
2017-01-01,Barisal,2014,26.58,25.77,25.841092944529148,26.377132421433924,25.84941774138392
2017-02-01,Barisal,2014,29.92,30.17,29.384505392139555,29.0998128926754,29.400474675017794
2017-03-01,Barisal,2014,30.9,33.32,33.165922645770756,32.33702595770359,33.18019800676579
2017-04-01,Barisal,2014,33.04,34.7,33.762642572197585,33.5844256567955,33.73047629755529
2017-05-01,Barisal,2014,34.92,34.09,33.571485377877224,33.65798926055432,33.47463583494162
2017-06-01,Barisal,2014,32.99,33.04,32.78396665630263,32.978207609653474,32.68062654583388
2017-07-01,Barisal,2014,31.34,31.57,31.7562538815188,31.767518388628957,31.65026347650504
2017-08-01,Barisal,2014,32.54,32.05,31.828886529559863,31.35943639755249,31.72214043336087
2017-09-01,Barisal,2014,32.66,32.61,32.35960313515967,32.02773603498936,32.263868763063215
2017-10-01,Barisal,2014,31.62,32.32,32.3053992521574,32.12069971561432,32.22322722989479
2017-11-01,Barisal,2014,30.44,29.55,30.12559739411823,30.20262316763401,30.041761686578823
2017-12-01,Barisal,2014,27.01,27.52,26.993478731059323,27.945508319139478,26.931032622864823
2018-01-01,Barisal,2017,24.89,26.58,25.828198656335886,25.95324809834361,25.828692541776338
2018-02-01,Barisal,2017,29.87,29.92,29.00714679082956,28.427660649120806,28.97011234038368
2018-03-01,Barisal,2017,33.16,30.9,32.91680563197212,32.518723928928374,32.876984568420575
2018-04-01,Barisal,2017,33.56,33.04,34.24769164432281,34.042888398766515,34.27490288461936
2018-05-01,Barisal,2017,32.87,34.92,33.94810255232177,33.52415815591812,33.97603772820676
2018-06-01,Barisal,2017,33.25,32.99,32.406685660166254,32.234621394276616,32.360716533211566
2018-07-01,Barisal,2017,31.89,31.34,31.70634051204976,31.55568143904209,31.65013973217222
2018-08-01,Barisal,2017,32.41,32.54,32.01119085072744,31.664457347393036,31.968943345498236
2018-09-01,Barisal,2017,33.55,32.66,32.39564521075939,32.19507140696049,32.35291089028336
2018-10-01,Barisal,2017,31.66,31.62,32.48820010523081,32.30574057042599,32.48593836488297
2018-11-01,Barisal,2017,30.33,30.44,30.22083434436069,29.97186113536358,30.249315615577913
2018-12-01,Barisal,2017,26.05,27.01,27.004521390341335,26.780628403425215,27.03435307986778
2019-01-01,Barisal,2017,27.05,24.89,25.55408011910946,24.995890415012834,25.56324102249128
2019-02-01,Barisal,2017,28.88,29.87,29.53674469314969,29.6845221427083,29.587450158204128
2019-03-01,Barisal,2017,31.91,33.16,32.823490319694756,32.32133621275425,32.850072831812746
2019-04-01,Barisal,2017,33.79,33.56,33.89150805774511,33.564543864130975,33.885422302797
2019-05-01,Barisal,2017,34.89,32.87,33.87247391346903,33.57370467960834,33.85714540520461
2019-06-01,Barisal,2017,34.04,33.25,32.95236228849561,32.967953411340716,32.9666917865967
2019-07-01,Barisal,2017,32.32,31.89,32.040584775337116,32.08676675856113,32.06736713319758
2019-08-01,Barisal,2017,32.71,32.41,32.230155819387605,32.01435105741024,32.28789989640096
2019-09-01,Barisal,2017,32.31,33.55,32.59797102644665,32.699210515618326,32.68405143337587
2019-10-01,Barisal,2017,32.17,31.66,32.18481244681609,32.321844815015794,32.26332341556708
2019-11-01,Barisal,2017,30.29,30.33,30.299851497976587,30.319482192397118,30.408060891333125
2019-12-01,Barisal,2017,25.83,26.05,26.96662311045638,27.126941732764244,27.071193964025316
2020-01-01,Barisal,2017,24.82,27.05,25.609648176044562,25.69197179749608,25.698462203275824
2020-02-01,Barisal,2017,27.9,28.88,28.9652304912345,28.750555869042874,28.96314793841755
2020-03-01,Barisal,2017,32.57,31.91,32.41434697619082,32.07552149534226,32.3588970773951
2020-04-01,Barisal,2017,33.67,33.79,33.968953694389,34.234505981206894,33.885348898666074
2020-05-01,Barisal,2017,33.63,34.89,33.938404720328656,33.96488031327724,33.814764759653194
2020-06-01,Barisal,2017,32.67,34.04,32.72954475235421,32.824720259904865,32.55017522411484
2020-07-01,Barisal,2017,32.64,32.32,31.670142807569935,31.745683593153952,31.45293821391141
2020-08-01,Barisal,2017,32.18,32.71,32.253130788294904,31.80527295768261,32.059525057726844
2020-09-01,Barisal,2017,33.11,32.31,32.463903763434416,32.16800121963024,32.291553536217044
2020-10-01,Barisal,2017,32.84,32.17,32.35932846567793,32.39902912914753,32.24305495379734
2020-11-01,Barisal,2017,30.59,30.29,30.515200409664587,30.5112506377697,30.452882104609717
2020-12-01,Barisal,2017,26.69,25.83,27.034505596349828,26.94632444798946,27.016319518513885
2021-01-01,Barisal,2020,26.61,24.82,25.796059386029235,24.810256470963356,25.831607821686752
2021-02-01,Barisal,2020,29.59,27.9,29.412704368726693,28.41976051002741,29.496464934480123
2021-03-01,Barisal,2020,34.05,32.57,32.952175541235576,32.468234885334965,33.080399343378
2021-04-01,Barisal,2020,35.41,33.67,34.446164737160025,34.27689099669456,34.60649341255811
2021-05-01,Barisal,2020,34.79,33.63,34.47559540467268,33.95843876481056,34.6899206412693
2021-06-01,Barisal,2020,31.94,32.67,33.15673723704538,32.95055114805698,33.41193453677129
2021-07-01,Barisal,2020,32.56,32.64,31.66202102787288,31.96281045436859,31.89739722603989
2021-08-01,Barisal,2020,32.54,32.18,32.23809773841305,31.945635979175567,32.44791154113487
2021-09-01,Barisal,2020,32.77,33.11,32.602218507205855,32.37503669500351,32.81349358313095
2021-10-01,Barisal,2020,33.42,32.84,32.331307311172935,32.29964854598045,32.52400822069874
2021-11-01,Barisal,2020,30.53,30.59,30.655945548721636,30.298789324760435,30.858620591486385
2021-12-01,Barisal,2020,26.78,26.69,27.02155080276203,27.018122507333754,27.22881636429819
2022-01-01,Barisal,2020,25.33,26.61,25.88997779789154,25.51795868694782,26.092619139706027
2022-02-01,Barisal,2020,27.91,29.59,29.136468874931133,28.989375251531598,29.28686835169062
2022-03-01,Barisal,2020,33.52,34.05,32.566184822939086,32.12658411681652,32.64804285771384
2022-04-01,Barisal,2020,33.88,35.41,34.29192643379257,34.59168741643429,34.32391425171862
2022-05-01,Barisal,2020,33.69,34.79,34.09064313488393,33.99964077591896,34.07626608413432
2022-06-01,Barisal,2020,33.1,31.94,32.7344071394401,32.779355328083035,32.687756261337526
2022-07-01,Barisal,2020,33.18,32.56,31.937456765903004,32.14792748749256,31.910820657486823
2022-08-01,Barisal,2020,32.91,32.54,32.46842195623913,32.083085553646086,32.450087515236994
2022-09-01,Barisal,2020,32.85,32.77,32.76196312808942,32.47166813731194,32.77707351012528
2022-10-01,Barisal,2020,32.41,33.42,32.46709628257699,32.65407262504101,32.51200819025473
2022-11-01,Barisal,2020,30.91,30.53,30.430602867900312,30.702837599515913,30.473541472603838
2022-12-01,Barisal,2020,27.94,26.78,27.062237660849046,27.211379790604113,27.137891126007936
2023-01-01,Barisal,2020,26.33,25.33,26.159216303185474,25.340932238698006,26.281900118451162
2023-02-01,Barisal,2020,29.94,27.91,29.378964754294376,28.10204056084156,29.543178924584435
2023-03-01,Barisal,2020,32.53,33.52,33.20313849442239,32.58338736653328,33.42017912891796
2023-04-01,Barisal,2020,35.42,33.88,34.16589814572683,33.57133194923401,34.34964044398153
2023-05-01,Barisal,2020,34.61,33.69,34.427620635911,34.0758937728405,34.63838480543015
2023-06-01,Barisal,2020,33.53,33.1,33.07377109996954,33.02941437244415,33.301973938537216
2023-07-01,Barisal,2020,33.4,33.18,32.20482874380279,32.40613835811615,32.43300237488024
2023-08-01,Barisal,2020,31.83,32.91,32.60434880657671,32.31851836204529,32.83670450090842
2023-09-01,Barisal,2020,32.87,32.85,32.54296690170321,32.225382159948346,32.76354388924606
2023-10-01,Barisal,2020,32.45,32.41,32.43104876076291,32.338524878025055,32.64681145522462
2023-11-01,Barisal,2020,30.68,30.91,30.476920017231755,30.506492480635643,30.68254501650926
2023-12-01,Barisal,2020,27.27,27.94,27.079692349888592,27.306504470705985,27.262710302385706
2012-01-01,Bogra,2011,23.95,22.25,23.529443186685803,22.686286744326353,23.624493378762132
2012-02-01,Bogra,2011,28.06,28.29,27.771091472443427,27.218875966370103,27.88535404098142
2012-03-01,Bogra,2011,32.6,31.61,31.464748948403816,31.68936790704727,31.53504280346381
2012-04-01,Bogra,2011,33.43,33.14,33.76043856109585,34.30098162770271,33.85411513794546
2012-05-01,Bogra,2011,35.16,32.97,33.75479444721289,33.45867499113083,33.866996918566386
2012-06-01,Bogra,2011,33.44,33.33,33.429658687340755,32.82797015190124,33.60941384910888
2012-07-01,Bogra,2011,32.86,32.89,32.640701311938,32.40307525515556,32.833274277244186
2012-08-01,Bogra,2011,33.27,32.09,32.76695472008542,32.371815327405926,32.975264665528115
2012-09-01,Bogra,2011,33.02,32.88,32.860429595848416,32.53733366847038,33.11661351645682
2012-10-01,Bogra,2011,32.56,33.82,32.15193126639317,32.12497572422028,32.41305928998213
2012-11-01,Bogra,2011,29.27,29.92,30.31355865188192,29.66446455866098,30.54699292514374
2012-12-01,Bogra,2011,23.06,24.44,26.08770971761539,25.783150058984756,26.321242338861676
2013-01-01,Bogra,2011,23.65,23.95,23.057833133525072,22.833593422323464,23.22685077958546
2013-02-01,Bogra,2011,28.57,28.06,27.85643748943855,27.951024238467213,27.935308461103862
2013-03-01,Bogra,2011,32.88,32.6,31.859552501041613,32.346848008632655,31.89659366506322
2013-04-01,Bogra,2011,34.47,33.43,33.860638290437926,34.58594289779663,33.88065613479113
2013-05-01,Bogra,2011,32.01,35.16,34.07990632195463,33.60984743058681,34.143288463033635
2013-06-01,Bogra,2011,34.48,33.44,32.68501404211688,32.34083091497421,32.68309442413428
2013-07-01,Bogra,2011,33.33,32.86,33.026983234785725,32.32961020171642,33.05950560201124
2013-08-01,Bogra,2011,32.28,33.27,32.92675756610347,32.459073240756986,32.99230857332992
2013-09-01,Bogra,2011,33.64,33.02,32.646375386044646,32.38510944426059,32.71161962571691
2013-10-01,Bogra,2011,31.4,32.56,32.44328201703323,31.863407112359997,32.54301318238334
2013-11-01,Bogra,2011,30.73,29.27,30.028007429330252,28.699076481461525,30.116547115097312
2013-12-01,Bogra,2011,25.96,23.06,26.315553595945037,25.886987659633157,26.447417848457416
2014-01-01,Bogra,2011,23.13,23.65,23.611482286375566,23.81292845696211,23.812338626955988
2014-02-01,Bogra,2011,25.81,28.57,27.854489898286477,26.9721012198925,28.00772627505179
2014-03-01,Bogra,2011,31.45,32.88,31.23079898510676,30.931414206624027,31.282751918031
2014-04-01,Bogra,2011,35.51,34.47,33.48324881027379,34.045644287467,33.457307534258135
2014-05-01,Bogra,2011,35.13,32.01,34.22062006938328,34.2583732843399,34.208420807435175
2014-06-01,Bogra,2011,33.13,34.48,33.553031377825484,32.88627683520317,33.647654309783874
2014-07-01,Bogra,2011,33.15,33.33,32.7362088046995,32.42215619921684,32.811957390685876
2014-08-01,Bogra,2011,32.84,32.28,32.798652485982146,32.49922205686569,32.90371854100604
2014-09-01,Bogra,2011,32.37,33.64,32.8572595710102,32.59942516803741,33.00565800851328
2014-10-01,Bogra,2011,32.77,31.4,32.30183654776874,31.95223365306854,32.42682425710252
2014-11-01,Bogra,2011,30.88,30.73,30.282096161242904,30.204946678280827,30.446212039547834
2014-12-01,Bogra,2011,25.03,25.96,26.07821612316147,26.835030338168142,26.245347572115854
2015-01-01,Bogra,2014,24.16,23.13,23.489044531395486,23.34210219040513,23.51862137928726
2015-02-01,Bogra,2014,27.85,25.81,28.096937509796625,26.378243035078047,28.139348654443232
2015-03-01,Bogra,2014,31.26,31.45,31.913957454983503,31.60201145172119,31.989917696107618
2015-04-01,Bogra,2014,31.89,35.51,33.51972940804524,34.331350655555724,33.55372951858912
2015-05-01,Bogra,2014,33.65,35.13,33.520314648235235,34.237298373579975,33.43499472627436
2015-06-01,Bogra,2014,33.22,33.13,33.26680991009235,33.29172578036785,33.11753429708273
2015-07-01,Bogra,2014,32.89,33.15,32.828254395573836,32.71681279301643,32.66312761888352
2015-08-01,Bogra,2014,32.56,32.84,32.791712996331356,32.667726823091506,32.607668065234016
2015-09-01,Bogra,2014,33.47,32.37,32.85869335539424,32.73114964485168,32.668577911292886
2015-10-01,Bogra,2014,33.38,32.77,32.58423040636231,32.562035527229305,32.42614114145007
2015-11-01,Bogra,2014,31.2,30.88,30.357616277996332,30.860564537644386,30.233882321599076
2015-12-01,Bogra,2014,25.71,25.03,25.74534818297796,27.457463684678075,25.671741281845755
2016-01-01,Bogra,2014,24.43,24.16,23.729662848659498,24.472204938530922,23.72604667434466
2016-02-01,Bogra,2014,29.07,27.85,28.152115622261288,26.120966026782988,28.18471487022573
2016-03-01,Bogra,2014,32.51,31.26,32.277319499900095,30.384963761568066,32.37698829864785
2016-04-01,Bogra,2014,35.57,31.89,33.904324279416045,32.916564415097234,34.06230788878401
2016-05-01,Bogra,2014,33.23,33.65,34.1702894246304,34.00277551174163,34.42883374595734
2016-06-01,Bogra,2014,33.82,33.22,33.34567367891002,33.15122905671596,33.60578420626212
2016-07-01,Bogra,2014,32.31,32.89,33.01717514383064,32.66336986005306,33.2792229235231
2016-08-01,Bogra,2014,33.74,32.56,32.58850431220623,31.9524538642168,32.81592565919024
2016-09-01,Bogra,2014,32.87,33.47,33.24032524676896,32.28016927957535,33.46730914967612
2016-10-01,Bogra,2014,33.02,33.38,32.35796629119578,31.666130100488658,32.54745238368169
2016-11-01,Bogra,2014,30.88,31.2,30.43577161432598,29.925380078554152,30.60161099024078
2016-12-01,Bogra,2014,27.65,25.71,25.69393562485954,26.799861411154268,25.84521436221621
2017-01-01,Bogra,2014,25.88,24.43,24.15859830492257,25.12919308438897,24.363557028751835
2017-02-01,Bogra,2014,28.71,29.07,28.282771226332443,26.68332295656204,28.553029544925728
2017-03-01,Bogra,2014,29.15,32.51,32.176100260800105,30.21593008637428,32.489494991888606
2017-04-01,Bogra,2014,32.05,35.57,33.34515283118143,32.5001250231266,33.60012339063051
2017-05-01,Bogra,2014,33.59,33.23,33.46087041722146,33.26669511318207,33.58661270563334
2017-06-01,Bogra,2014,33.15,33.82,33.37112749613866,33.390112903714176,33.445789726118065
2017-07-01,Bogra,2014,31.86,32.31,32.88305154300412,32.686788662076,32.88211471366001
2017-08-01,Bogra,2014,32.92,33.74,32.535156789177584,32.233229111433026,32.47287428668078
2017-09-01,Bogra,2014,33.32,32.87,32.99078458667153,32.36286007404327,32.85906141724566
2017-10-01,Bogra,2014,31.75,33.02,32.590332595879865,32.46455941438675,32.453628292412205
2017-11-01,Bogra,2014,30.23,30.88,30.252457560153438,30.726295063495634,30.07456548830375
2017-12-01,Bogra,2014,26.8,27.65,25.542114401848615,27.960320366621016,25.343276114548097
2018-01-01,Bogra,2017,22.0,25.88,24.139540190214177,25.55146027892828,23.9840695327309
2018-02-01,Bogra,2017,28.31,28.71,27.43911775140019,26.684417979121207,27.22600877041944
2018-03-01,Bogra,2017,32.12,29.15,31.940295301420516,30.978453922271726,31.740941388849112
2018-04-01,Bogra,2017,31.81,32.05,33.84675995829386,33.873949978947635,33.75053416228172
2018-05-01,Bogra,2017,31.57,33.59,33.380752788125925,33.15554881513118,33.27218726126054
2018-06-01,Bogra,2017,33.39,33.15,32.872445318781494,32.40075549662113,32.67681218581286
2018-07-01,Bogra,2017,32.92,31.86,32.875826879207814,32.2975599271059,32.64381080634227
2018-08-01,Bogra,2017,33.31,32.92,32.837856685486955,32.362726338505745,32.61163862732086
2018-09-01,Bogra,2017,33.64,33.32,33.13289290689448,32.66729042291641,32.90577533029537
2018-10-01,Bogra,2017,31.66,31.75,32.74340109516342,32.61618635356426,32.54237637011467
2018-11-01,Bogra,2017,30.43,30.23,30.30074384468038,30.500847113132473,30.12590416289435
2018-12-01,Bogra,2017,26.45,26.8,25.780806648660878,26.92197251498699,25.61762694615872
2019-01-01,Bogra,2017,26.68,22.0,24.137163265075962,23.915030512213704,23.980570400727675
2019-02-01,Bogra,2017,27.74,28.31,28.719358719720827,27.869734147787092,28.7206681845904
2019-03-01,Bogra,2017,31.12,32.12,31.725128416620947,30.88625784933567,31.754088253590005
2019-04-01,Bogra,2017,32.51,31.81,33.674505652431705,33.15007671892643,33.71785843356648
2019-05-01,Bogra,2017,33.78,31.57,33.424225972100515,33.29541205465793,33.492209522135944
2019-06-01,Bogra,2017,33.64,33.39,33.47418469017065,33.162082751393314,33.56297435151821
2019-07-01,Bogra,2017,32.71,32.92,32.842052972612095,32.7972763377428,32.89766595301725
2019-08-01,Bogra,2017,33.9,33.31,32.92519509210248,32.597773081660264,32.96159973446412
2019-09-01,Bogra,2017,32.39,33.64,33.277097117447425,32.9939600867033,33.31580135871903
2019-10-01,Bogra,2017,31.44,31.66,32.42937763181003,32.319944038391114,32.44434835028305
2019-11-01,Bogra,2017,30.74,30.43,30.281774714215146,30.33230916440487,30.286012239808585
2019-12-01,Bogra,2017,24.84,26.45,26.099304057687487,27.62449836552143,26.081138347937603
2020-01-01,Bogra,2017,23.57,26.68,23.85806423649357,24.822156652212144,23.77788369385828
2020-02-01,Bogra,2017,26.78,27.74,28.004391930361678,27.511278161108493,27.828019399048145
2020-03-01,Bogra,2017,30.73,31.12,31.233198014203293,31.060578603148457,31.03618005783687
2020-04-01,Bogra,2017,32.24,32.51,33.359722522054234,33.51216719508171,33.13398652266584
2020-05-01,Bogra,2017,32.09,33.78,33.32961593642723,33.519323554635044,33.07566148220469
2020-06-01,Bogra,2017,33.38,33.64,33.0740792226501,32.601831402182576,32.742258479532495
2020-07-01,Bogra,2017,32.42,32.71,32.71135230225738,32.284795724749564,32.348361346416254
2020-08-01,Bogra,2017,33.65,33.9,32.92390683251634,32.241546858549114,32.554444278161796
2020-09-01,Bogra,2017,32.68,32.39,33.25642028814606,32.64999127864837,32.89407045424835
2020-10-01,Bogra,2017,33.01,31.44,32.3531206801237,32.424819849133485,32.03969283286133
2020-11-01,Bogra,2017,30.57,30.74,30.676719122701364,31.031422244906423,30.434896643360524
2020-12-01,Bogra,2017,24.87,24.84,26.13742497500045,27.105473760962486,25.924973671517098
2021-01-01,Bogra,2020,23.79,23.57,23.778213705725136,23.15438123628497,23.497679293880882
2021-02-01,Bogra,2020,29.1,26.78,28.017064944708018,27.040122834742068,27.744850046359655
2021-03-01,Bogra,2020,32.74,30.73,31.801401433337823,31.96589277744293,31.594372389232202
2021-04-01,Bogra,2020,34.96,32.24,33.57958517505995,34.142387368679046,33.438902304240024
2021-05-01,Bogra,2020,33.32,32.09,33.81704599312262,33.731776030659674,33.78019480399868
2021-06-01,Bogra,2020,32.72,33.38,33.41438504790485,32.904574471116064,33.442614258971936
2021-07-01,Bogra,2020,33.13,32.42,32.5515158995072,32.45016223073006,32.56865199328109
2021-08-01,Bogra,2020,32.99,33.65,33.17542376076552,32.53002647936344,33.20522342601825
2021-09-01,Bogra,2020,33.7,32.68,33.05560382047178,32.5455468404293,33.06111206379174
2021-10-01,Bogra,2020,33.27,33.01,32.46794336111717,32.36137591123581,32.4953243971344
2021-11-01,Bogra,2020,30.07,30.57,30.754601522286976,30.028522354960437,30.78880429979163
2021-12-01,Bogra,2020,26.75,24.87,25.9299490565884,25.612154091298578,25.960351594542978
2022-01-01,Bogra,2020,23.47,23.79,24.421198345965152,23.899772091805932,24.490322313816208
2022-02-01,Bogra,2020,25.51,29.1,27.828717915222622,27.144367172420022,27.86683968976329
2022-03-01,Bogra,2020,33.3,32.74,30.913769031779708,30.738806877732273,30.83173224162571
2022-04-01,Bogra,2020,33.45,34.96,33.65044738725419,34.75112941384315,33.54424020397139
2022-05-01,Bogra,2020,32.85,33.32,33.43125396118381,33.77420036196708,33.29407638304315
2022-06-01,Bogra,2020,32.53,32.72,33.317459497114,32.91981931686401,33.18213239422556
2022-07-01,Bogra,2020,34.15,33.13,32.5055914533029,32.43914463460445,32.35494203893618
2022-08-01,Bogra,2020,33.82,32.99,33.52508775238608,32.640927428007124,33.383573579164576
2022-09-01,Bogra,2020,32.83,33.7,33.177074156317545,32.895085281133646,33.07066936836552
2022-10-01,Bogra,2020,32.69,33.27,32.27673273662014,32.54249002814293,32.16896418442384
2022-11-01,Bogra,2020,31.01,30.07,30.633147432565572,30.637242278456686,30.53034819976044
2022-12-01,Bogra,2020,26.73,26.75,26.01540829132564,26.49599466204643,25.95777584005826
2023-01-01,Bogra,2020,24.13,23.47,24.360369707666337,23.33121091403067,24.321489258113253
2023-02-01,Bogra,2020,28.55,25.51,27.926233180094542,26.341583912074565,27.92937016738377
2023-03-01,Bogra,2020,31.4,33.3,31.7242622745906,31.606956650018688,31.801349483479726
2023-04-01,Bogra,2020,35.33,33.45,33.22125559703307,33.65049096763134,33.23621901286747
2023-05-01,Bogra,2020,34.61,32.85,33.76566906863127,34.01846077978611,33.840516108987806
2023-06-01,Bogra,2020,34.86,32.53,33.70538359365472,33.18033513844013,33.85107758622447
2023-07-01,Bogra,2020,34.15,34.15,33.12134786175693,33.039930923581124,33.34659119936204
2023-08-01,Bogra,2020,33.1,33.82,33.564716519167206,32.97925621628761,33.8114361422351
2023-09-01,Bogra,2020,34.02,32.83,33.01098765374063,32.84661369025707,33.271370228223695
2023-10-01,Bogra,2020,32.33,32.69,32.68509212014616,32.71552873075008,32.97857883054595
2023-11-01,Bogra,2020,31.22,31.01,30.51149521984124,30.472783766388893,30.78531491183179
2023-12-01,Bogra,2020,26.48,26.73,26.065480773194192,26.674002192914486,26.326525274648073
2012-01-01,Comilla,2011,24.22,24.06,24.720042696423775,24.15095873072743,24.663551646305862
2012-02-01,Comilla,2011,28.01,28.29,27.71613109472393,27.729101702868938,27.645107093835353
2012-03-01,Comilla,2011,31.55,30.79,31.037541220169942,30.991148540377615,30.928713652927282
2012-04-01,Comilla,2011,32.19,32.52,32.954384198307295,32.998084842562676,32.86018510327848
2012-05-01,Comilla,2011,33.64,33.15,33.028746095154524,32.54138117015362,32.92929937044205
2012-06-01,Comilla,2011,32.24,32.24,32.27893884730768,32.05388269126415,32.18862269894425
2012-07-01,Comilla,2011,31.86,31.99,31.738844751688063,31.639946810603142,31.66005199182542
2012-08-01,Comilla,2011,32.39,31.37,32.28175749128153,31.827033717036247,32.21342655828109
2012-09-01,Comilla,2011,32.37,32.25,32.42057469000668,32.19771240532398,32.39913905432248
2012-10-01,Comilla,2011,31.49,32.65,31.951891954052893,31.874355152845382,31.939885558430092
2012-11-01,Comilla,2011,28.59,29.65,29.776601614038647,29.16709418118,29.740002586058772
2012-12-01,Comilla,2011,24.07,25.19,26.35622476350228,25.700211346149445,26.300280732848996
2013-01-01,Comilla,2011,24.52,24.22,24.270388337925255,24.24884110867977,24.16824631649097
2013-02-01,Comilla,2011,28.77,28.01,27.698556054517365,28.471027505099773,27.546640993088552
2013-03-01,Comilla,2011,31.88,31.55,31.279039147831107,31.542099959254266,31.110562896988043
2013-04-01,Comilla,2011,32.85,32.19,33.05166316813536,33.17376095056534,32.89327430009723
2013-05-01,Comilla,2011,30.7,33.64,33.31648367156597,32.575718238949776,33.200713605832775
2013-06-01,Comilla,2011,33.45,32.24,31.569929211653076,31.261742027997972,31.38543783564596
2013-07-01,Comilla,2011,32.26,31.86,31.85611033471372,31.696782444119457,31.692808162043065
2013-08-01,Comilla,2011,31.83,32.39,32.44079850160718,31.980591135025023,32.31086196904033
2013-09-01,Comilla,2011,32.42,32.37,32.3222262210579,32.06714919149876,32.20751803536809
2013-10-01,Comilla,2011,31.15,31.49,31.90509084533003,31.42542574107647,31.812629603757525
2013-11-01,Comilla,2011,29.93,28.59,29.592358440199135,28.37217793703079,29.50981232442902
2013-12-01,Comilla,2011,26.49,24.07,26.507422948776167,26.171896153986452,26.463463675194237
2014-01-01,Comilla,2011,24.95,24.52,25.058748136799036,24.858999778479337,25.075391806034908
2014-02-01,Comilla,2011,26.99,28.77,28.15711633521047,27.99602121978998,28.159041105266283
2014-03-01,Comilla,2011,30.86,31.88,30.977279156457445,30.55807612478733,30.91600216363126
2014-04-01,Comilla,2011,35.02,32.85,32.656460101124345,32.66864474236965,32.55620176254963
2014-05-01,Comilla,2011,34.66,30.7,33.56961016231956,33.39528544008732,33.52905654659192
2014-06-01,Comilla,2011,32.53,33.45,32.94865891736013,32.34059936463833,33.048620210197896
2014-07-01,Comilla,2011,32.8,32.26,32.04244085774904,32.100700169205666,32.129740146483286
2014-08-01,Comilla,2011,31.75,31.83,32.59246534640147,32.468557525277134,32.71891823788678
2014-09-01,Comilla,2011,32.47,32.42,32.38188827722907,32.34133831799031,32.53320571877972
2014-10-01,Comilla,2011,32.35,31.15,31.880680812096855,31.8552442663908,32.029061606079246
2014-11-01,Comilla,2011,29.95,29.93,29.963253360085204,29.94334873378277,30.13668115008941
2014-12-01,Comilla,2011,25.32,26.49,26.629455494428544,26.964575435221196,26.790278593195136
2015-01-01,Comilla,2014,25.71,24.95,24.74521540756393,24.737306910455228,24.793217017036337
2015-02-01,Comilla,2014,28.66,26.99,28.203980516477387,27.721822209358216,28.242008899455048
2015-03-01,Comilla,2014,31.67,30.86,31.455882061695345,31.433658112287524,31.517870643938394
2015-04-01,Comilla,2014,32.56,35.02,33.237830063614624,33.4697463464737,33.30119184892794
2015-05-01,Comilla,2014,33.87,34.66,33.118841158646404,33.40437764048576,33.115119009144806
2015-06-01,Comilla,2014,32.75,32.53,32.54424736183484,32.906500549316405,32.52822769140046
2015-07-01,Comilla,2014,31.03,32.8,32.050266316267425,32.41102741479874,32.0575405116252
2015-08-01,Comilla,2014,31.5,31.75,32.016785776859194,31.57400841832161,31.98991817067989
2015-09-01,Comilla,2014,32.01,32.47,32.18522215843108,31.547087622880937,32.14681314728132
2015-10-01,Comilla,2014,32.0,32.35,31.742323020045117,31.13136294603348,31.67229013716461
2015-11-01,Comilla,2014,29.88,29.95,29.8146567570813,29.22629291534424,29.721720629238085
2015-12-01,Comilla,2014,25.82,25.32,26.426774166298458,26.520829952955246,26.330764663249912
2016-01-01,Comilla,2014,24.91,25.71,24.96368475759546,25.67030198842287,24.877492031704303
2016-02-01,Comilla,2014,28.7,28.66,28.07320005224612,28.07723389387131,27.9522795935737
2016-03-01,Comilla,2014,31.44,31.67,31.45105162728557,31.266491116285327,31.333097340846418
2016-04-01,Comilla,2014,32.75,32.56,33.118569237622296,32.79308936715126,33.01152787872988
2016-05-01,Comilla,2014,32.79,33.87,33.230883254077995,33.055869175195696,33.14237862909244
2016-06-01,Comilla,2014,32.55,32.75,32.29390804972274,32.36900619387627,32.181326307230385
2016-07-01,Comilla,2014,30.89,31.03,31.84613523900716,31.89486441731453,31.733985323486653
2016-08-01,Comilla,2014,32.36,31.5,31.913358793727106,31.499294413328172,31.80368627188912
2016-09-01,Comilla,2014,32.55,32.01,32.39422759481761,31.94239369750023,32.29048373234399
2016-10-01,Comilla,2014,32.41,32.0,31.97609703341568,31.64369017004967,31.878523372002874
2016-11-01,Comilla,2014,28.92,29.88,29.992896802175235,29.771031398773196,29.90608095900896
2016-12-01,Comilla,2014,27.69,25.82,26.168404172173393,26.195857388973238,26.067951775951407
2017-01-01,Comilla,2014,26.29,24.91,25.416562974980014,25.76000058323145,25.358709019744445
2017-02-01,Comilla,2014,28.85,28.7,28.624157206682856,27.795266787409783,28.61356669676489
2017-03-01,Comilla,2014,29.05,31.44,31.625196797434413,30.505707384347918,31.642255274048672
2017-04-01,Comilla,2014,30.84,32.75,32.49933127570353,31.801228876113896,32.47798897770622
2017-05-01,Comilla,2014,33.35,32.79,32.53987678314242,32.33187719702721,32.44630045255042
2017-06-01,Comilla,2014,31.78,32.55,32.30984494706704,32.46176123738289,32.184401192992134
2017-07-01,Comilla,2014,31.14,30.89,31.561771239787937,31.69348997592926,31.39196589084546
2017-08-01,Comilla,2014,31.97,32.36,31.978551521618662,31.533762855529787,31.794754174766226
2017-09-01,Comilla,2014,31.91,32.55,32.31915581871229,31.919233895540238,32.10549842402883
2017-10-01,Comilla,2014,31.37,32.41,31.829856939026453,31.73910943388939,31.597503681024477
2017-11-01,Comilla,2014,29.94,28.92,29.580487678076675,29.84951006293297,29.32519264904391
2017-12-01,Comilla,2014,26.63,27.69,26.505859160822574,27.847456253767014,26.2816014022578
2018-01-01,Comilla,2017,24.02,26.29,25.280222064088896,25.69873744517565,25.048020946720175
2018-02-01,Comilla,2017,28.0,28.85,27.948944665895844,27.267333273291587,27.68804874199248
2018-03-01,Comilla,2017,31.42,29.05,31.045749197806682,30.61355625510216,30.783313405355848
2018-04-01,Comilla,2017,31.95,30.84,32.89988805049398,32.7876854133606,32.718935515552154
2018-05-01,Comilla,2017,31.12,33.35,33.01818744849261,32.62690550804138,32.86257332977802
2018-06-01,Comilla,2017,31.89,31.78,31.768974469539774,31.630043555498126,31.534038006408483
2018-07-01,Comilla,2017,31.64,31.14,31.469456721944155,31.408372945785523,31.213464434314673
2018-08-01,Comilla,2017,32.24,31.97,32.115468459182566,31.580269409418108,31.857151949231106
2018-09-01,Comilla,2017,32.79,31.91,32.38742457613287,31.949089438915255,32.13352714016194
2018-10-01,Comilla,2017,30.94,31.37,32.06066494624643,31.832898933887485,31.840151337258593
2018-11-01,Comilla,2017,29.71,29.94,29.581478416364657,29.44861821651459,29.367511931401385
2018-12-01,Comilla,2017,25.82,26.63,26.496100518889374,26.444133545160295,26.279221294770323
2019-01-01,Comilla,2017,26.93,24.02,24.959605916419505,24.525356599390506,24.73564034601449
2019-02-01,Comilla,2017,27.66,28.0,28.70746647192967,28.586836780309678,28.56634562817625
2019-03-01,Comilla,2017,30.29,31.42,31.14119164295227,30.75511257171631,31.015211275008586
2019-04-01,Comilla,2017,32.64,31.95,32.54227271176937,32.18395798325539,32.3996220595853
2019-05-01,Comilla,2017,33.59,31.12,33.01146936566004,32.75107621073723,32.890355746895246
2019-06-01,Comilla,2017,33.2,31.89,32.485474234959064,32.39513300180435,32.421670754340695
2019-07-01,Comilla,2017,31.47,31.64,31.98733604199783,32.10030996918678,31.94576240151021
2019-08-01,Comilla,2017,32.61,32.24,32.188220065463014,32.05110033869744,32.150413938723396
2019-09-01,Comilla,2017,32.45,32.79,32.54077632523064,32.45474144935608,32.5165315712977
2019-10-01,Comilla,2017,31.59,30.94,31.915161795196806,31.81221420288086,31.89213398006151
2019-11-01,Comilla,2017,29.98,29.71,29.76544480745885,29.680229432582856,29.766769181765483
2019-12-01,Comilla,2017,24.98,25.82,26.56075518736801,26.94860410511494,26.557661493705798
2020-01-01,Comilla,2017,23.92,26.93,24.916765400613787,25.226040681898596,24.885342753331848
2020-02-01,Comilla,2017,26.87,27.66,27.78047560791648,27.788724271655084,27.641640087366678
2020-03-01,Comilla,2017,31.4,30.29,30.702842098610034,30.63038321852684,30.52651218734567
2020-04-01,Comilla,2017,32.1,32.64,32.78653403357153,33.070765055418015,32.603763635520856
2020-05-01,Comilla,2017,32.5,33.59,32.965944282387696,32.95158408403397,32.75022834310993
2020-06-01,Comilla,2017,31.87,33.2,32.23653926174277,32.20998068571091,31.981503355885366
2020-07-01,Comilla,2017,31.62,31.47,31.535574521391855,31.535576636791234,31.247231916113623
2020-08-01,Comilla,2017,32.17,32.61,32.18937420347279,31.685880012512207,31.916117078699024
2020-09-01,Comilla,2017,32.67,32.45,32.41746860729141,32.0321421456337,32.14566047467654
2020-10-01,Comilla,2017,33.01,31.59,31.935965585901275,31.810156286954882,31.69324359836523
2020-11-01,Comilla,2017,30.57,29.98,30.18568337318297,30.08019825935364,30.00738972711591
2020-12-01,Comilla,2017,26.44,24.98,26.687653953523327,26.93460631787777,26.563310366585785
2021-01-01,Comilla,2020,26.05,23.92,25.27933266022222,24.26091476947069,25.23671799526082
2021-02-01,Comilla,2020,29.18,26.87,28.367294972129756,27.225556553602217,28.384432833063563
2021-03-01,Comilla,2020,33.03,31.4,31.5111047758978,31.138627601861955,31.589168447188854
2021-04-01,Comilla,2020,34.63,32.1,33.319002079539786,32.98331865787506,33.44284231912614
2021-05-01,Comilla,2020,34.6,32.5,33.72294690165157,32.86352478384972,33.93263743683325
2021-06-01,Comilla,2020,31.89,31.87,32.92457837280971,32.442555977106096,33.20536833409047
2021-07-01,Comilla,2020,31.74,31.62,31.68592098081165,31.850135720968247,31.980407098387744
2021-08-01,Comilla,2020,32.11,32.17,32.24156448075984,31.635699708461765,32.52057117058084
2021-09-01,Comilla,2020,33.6,32.67,32.42289422011608,31.775453240871432,32.67408268131495
2021-10-01,Comilla,2020,32.97,33.01,32.262932574749925,31.994475759267807,32.50241069635531
2021-11-01,Comilla,2020,30.08,30.57,30.248253863585848,29.92696306824684,30.470510601175004
2021-12-01,Comilla,2020,26.86,26.44,26.54776472424713,26.75587664961815,26.75588662546439
2022-01-01,Comilla,2020,25.38,26.05,25.435912270754528,25.435944623947144,25.64162714178142
2022-02-01,Comilla,2020,27.07,29.18,28.275145451951015,28.179800878167153,28.448769498204303
2022-03-01,Comilla,2020,32.81,33.03,31.03286604476751,30.743968154191972,31.142867372290887
2022-04-01,Comilla,2020,32.93,34.63,33.24806401616342,33.49273752689362,33.32840976436117
2022-05-01,Comilla,2020,33.01,34.6,33.304046377272854,32.98775340437889,33.35598943794097
2022-06-01,Comilla,2020,31.62,31.89,32.329088314905306,32.28590070128441,32.35521945330451
2022-07-01,Comilla,2020,33.56,31.74,31.52198451329448,31.682646877765656,31.544945801860223
2022-08-01,Comilla,2020,33.71,32.11,32.69783969331775,32.1575305891037,32.74191304838578
2022-09-01,Comilla,2020,32.98,33.6,33.04433207748327,32.70651760220528,33.13304566493618
2022-10-01,Comilla,2020,32.82,32.97,32.262924153336115,32.503558851480484,32.35496882066594
2022-11-01,Comilla,2020,31.75,30.08,30.192671827644183,30.480098904371264,30.301258025640347
2022-12-01,Comilla,2020,27.99,26.86,27.021750605601785,27.74208025455475,27.188661771816758
2023-01-01,Comilla,2020,26.17,25.38,25.834794364443425,25.193007172346114,26.05167206470791
2023-02-01,Comilla,2020,28.92,27.07,28.486528758383642,26.62662457346916,28.744855343860433
2023-03-01,Comilla,2020,31.43,32.81,31.73407111617883,30.676400769948962,32.041651464554704
2023-04-01,Comilla,2020,34.61,32.93,32.97282346684074,32.26114852547646,33.23849408079677
2023-05-01,Comilla,2020,34.15,33.01,33.69370714143881,32.99819767594337,33.988859004735986
2023-06-01,Comilla,2020,32.79,31.62,32.673930674191055,32.381623483896256,32.990090140358205
2023-07-01,Comilla,2020,33.39,33.56,32.078304849522326,32.06425941705704,32.40645747965085
2023-08-01,Comilla,2020,31.56,33.71,32.81639175802805,32.05788845539093,33.116514209206485
2023-09-01,Comilla,2020,33.5,32.98,32.47550492172939,31.557184387445453,32.73021457989807
2023-10-01,Comilla,2020,32.31,32.82,32.34087285624441,31.9522104036808,32.58892270593075
2023-11-01,Comilla,2020,30.82,31.75,30.187113211512237,30.38860339045525,30.407406301530518
2023-12-01,Comilla,2020,27.19,27.99,26.826974170066514,27.412741492390634,27.010384208165497
2012-01-01,Cox's Bazar,2011,27.58,26.95,27.244510339626135,27.135290561020376,27.02415696463675
2012-02-01,Cox's Bazar,2011,30.49,30.3,29.65505653479013,29.90514114499092,29.450689872670285
2012-03-01,Cox's Bazar,2011,31.21,32.26,32.3874824147662,32.23254611551762,32.19745626070073
2012-04-01,Cox's Bazar,2011,32.81,32.95,33.08547145896378,32.49583078801632,32.900489400673635
2012-05-01,Cox's Bazar,2011,33.51,32.52,33.26004959470616,32.368111048936846,33.08390628287437
2012-06-01,Cox's Bazar,2011,31.87,31.28,31.87004511595425,31.52903939843178,31.720250183614795
2012-07-01,Cox's Bazar,2011,30.52,31.16,31.07479642989573,31.08619093537331,30.941531814081234
2012-08-01,Cox's Bazar,2011,31.41,30.87,31.272155619000145,31.075001562833787,31.13029574725898
2012-09-01,Cox's Bazar,2011,32.17,31.07,32.093567265070085,31.956421656608583,31.96742973357609
2012-10-01,Cox's Bazar,2011,32.39,32.1,32.62299202980038,32.34061694979668,32.52192840096954
2012-11-01,Cox's Bazar,2011,30.61,30.73,31.202840950362972,30.643253913521768,31.10637084604319
2012-12-01,Cox's Bazar,2011,27.25,27.59,28.535662344939357,28.03713893890381,28.432157653252016
2013-01-01,Cox's Bazar,2011,26.84,27.58,27.167996870501145,27.413762447237968,27.042822860088584
2013-02-01,Cox's Bazar,2011,30.67,30.49,29.494342454456604,29.70785816431046,29.32658530992559
2013-03-01,Cox's Bazar,2011,32.25,31.21,32.43294590581524,32.262743425369266,32.25890111023709
2013-04-01,Cox's Bazar,2011,33.8,32.81,33.378056658816405,33.280189206004145,33.240909580450364
2013-05-01,Cox's Bazar,2011,31.81,33.51,33.58826601608053,32.83852421045304,33.47839362533179
2013-06-01,Cox's Bazar,2011,32.41,31.87,31.43270092205095,31.050907997488977,31.294225287595268
2013-07-01,Cox's Bazar,2011,31.64,30.52,31.303891814568455,31.1914247918129,31.174412211549
2013-08-01,Cox's Bazar,2011,31.21,31.41,31.605131392947914,31.69992566585541,31.50675941206172
2013-09-01,Cox's Bazar,2011,31.92,32.17,32.072833827126864,32.010374398231505,31.979339153009665
2013-10-01,Cox's Bazar,2011,31.26,32.39,32.631068728280034,32.23482325315476,32.540368238527094
2013-11-01,Cox's Bazar,2011,31.22,30.61,30.86841233659327,29.901569067239762,30.75398256341349
2013-12-01,Cox's Bazar,2011,28.36,27.25,28.65216717341835,28.027292811274528,28.53758145385626
2014-01-01,Cox's Bazar,2011,27.77,26.84,27.5549872021145,27.575763109326363,27.451646354523252
2014-02-01,Cox's Bazar,2011,29.34,30.67,29.933058421095723,30.083759895563126,29.831039838195007
2014-03-01,Cox's Bazar,2011,32.36,32.25,32.068877890427316,31.630239185094837,31.930326223744032
2014-04-01,Cox's Bazar,2011,34.91,33.8,33.441304259008305,33.424540657997134,33.310871442093195
2014-05-01,Cox's Bazar,2011,34.64,31.81,34.01553080427776,33.13355008840561,33.92042231935786
2014-06-01,Cox's Bazar,2011,32.62,32.41,32.44711262468805,32.240456954836844,32.43851703513472
2014-07-01,Cox's Bazar,2011,31.6,31.64,31.61537754418009,32.000099101066596,31.625561647124556
2014-08-01,Cox's Bazar,2011,30.85,31.21,31.911900281726716,32.19686001837254,31.943050539150665
2014-09-01,Cox's Bazar,2011,31.95,31.92,32.17840322762723,32.281764987111096,32.20807621099522
2014-10-01,Cox's Bazar,2011,33.12,31.26,32.77787170642498,32.59895347714424,32.79161326091992
2014-11-01,Cox's Bazar,2011,31.55,31.22,31.52399850266916,31.850981575846674,31.55404736366937
2014-12-01,Cox's Bazar,2011,28.54,28.36,28.87023197078409,28.858306230902674,28.88177126786977
2015-01-01,Cox's Bazar,2014,27.47,27.77,27.746870100043413,27.521861754655838,27.770140111173582
2015-02-01,Cox's Bazar,2014,29.49,29.34,30.117821111711738,29.190339332222937,30.111036906092366
2015-03-01,Cox's Bazar,2014,32.7,32.36,32.20968341113181,31.81892680764198,32.175588282216694
2015-04-01,Cox's Bazar,2014,32.9,34.91,33.63689580737922,33.72534683823585,33.58237907946198
2015-05-01,Cox's Bazar,2014,33.7,34.64,33.241855409447325,32.83632998347282,33.136054378007685
2015-06-01,Cox's Bazar,2014,30.88,32.62,32.157658604964716,32.15218296766281,32.04082927257478
2015-07-01,Cox's Bazar,2014,29.66,31.6,30.8785289950772,30.802728165388103,30.72908464681512
2015-08-01,Cox's Bazar,2014,30.92,30.85,31.05343280295864,30.45760560393333,30.854568153759498
2015-09-01,Cox's Bazar,2014,31.93,31.95,31.868034112180272,31.882135517597195,31.654416292052677
2015-10-01,Cox's Bazar,2014,31.62,33.12,32.33910859791033,32.53970423817634,32.11363308777825
2015-11-01,Cox's Bazar,2014,30.21,31.55,30.83293648120701,30.90126487255096,30.58165010676632
2015-12-01,Cox's Bazar,2014,26.81,28.54,28.14402771092155,27.98705050230026,27.872046061298462
2016-01-01,Cox's Bazar,2014,26.27,27.47,26.917439331045376,26.87816153615713,26.610934378370477
2016-02-01,Cox's Bazar,2014,30.26,29.49,29.321995633173085,29.344040809273718,28.98558786742069
2016-03-01,Cox's Bazar,2014,32.93,32.7,32.059584310252156,32.210178266763684,31.747558283551967
2016-04-01,Cox's Bazar,2014,32.62,32.9,33.49996396245905,33.44296476483345,33.226034313217724
2016-05-01,Cox's Bazar,2014,32.93,33.7,32.96317399671388,32.154419335126875,32.72536881947023
2016-06-01,Cox's Bazar,2014,32.02,30.88,31.74324966827851,31.053013035058974,31.519589957146792
2016-07-01,Cox's Bazar,2014,30.2,29.66,31.062726312713707,30.82208923459053,30.892720980015447
2016-08-01,Cox's Bazar,2014,31.09,30.92,30.952809419431084,30.931594554185864,30.80435735960115
2016-09-01,Cox's Bazar,2014,31.71,31.93,31.830110632368335,31.84322446942329,31.68822523326865
2016-10-01,Cox's Bazar,2014,31.91,31.62,32.288669346703905,31.865116804838177,32.149831877264404
2016-11-01,Cox's Bazar,2014,30.32,30.21,30.907411003752934,29.638502508997917,30.7776254882798
2016-12-01,Cox's Bazar,2014,29.33,26.81,28.158211417078018,27.47103910386562,28.0222265809314
2017-01-01,Cox's Bazar,2014,28.13,26.27,27.711282662612728,27.6272107475996,27.617943760168558
2017-02-01,Cox's Bazar,2014,30.53,30.26,29.91667130678333,30.00094211101532,29.85949698067447
2017-03-01,Cox's Bazar,2014,30.32,32.93,32.41417749235909,32.270762190818786,32.37594208045709
2017-04-01,Cox's Bazar,2014,31.69,32.62,32.88731317099566,31.896207113265987,32.806445411225454
2017-05-01,Cox's Bazar,2014,33.66,32.93,32.86316656390615,32.16825962543487,32.7456135245765
2017-06-01,Cox's Bazar,2014,31.66,32.02,31.82692160062413,32.11180178999901,31.694017613659142
2017-07-01,Cox's Bazar,2014,30.24,30.2,30.841901047664926,30.70101615309715,30.69444989804656
2017-08-01,Cox's Bazar,2014,30.99,31.09,30.978159321481197,30.649946922063826,30.8278661198447
2017-09-01,Cox's Bazar,2014,31.36,31.71,31.802569602984576,31.543950246572493,31.64074268123718
2017-10-01,Cox's Bazar,2014,31.63,31.91,32.1147667814208,31.85672247767448,31.943080463000474
2017-11-01,Cox's Bazar,2014,31.07,30.32,30.759261299297485,30.599304140806197,30.578069077160702
2017-12-01,Cox's Bazar,2014,28.89,29.33,28.206437907209434,29.03620548248291,28.03713342067211
2018-01-01,Cox's Bazar,2017,25.95,28.13,27.52441418591616,28.28408336997032,27.303774735186952
2018-02-01,Cox's Bazar,2017,29.85,30.53,29.32850734920995,28.89868197619915,29.08392842492089
2018-03-01,Cox's Bazar,2017,32.15,30.32,32.24343995053678,31.125217715501783,31.995435761235807
2018-04-01,Cox's Bazar,2017,33.54,31.69,33.254342855806485,32.921011437177654,33.07219094281446
2018-05-01,Cox's Bazar,2017,32.42,33.66,33.35573326441761,32.91355480074882,33.21640009074184
2018-06-01,Cox's Bazar,2017,31.29,31.66,31.541947542348105,31.34931333184242,31.367799000244958
2018-07-01,Cox's Bazar,2017,30.73,30.24,30.75906062354099,30.444672454595562,30.577021786331944
2018-08-01,Cox's Bazar,2017,31.59,30.99,31.15248150742107,30.71644877195358,30.978524129906322
2018-09-01,Cox's Bazar,2017,32.3,31.36,32.02037860135259,31.554644534587858,31.855735475627274
2018-10-01,Cox's Bazar,2017,30.42,31.63,32.47582557982635,31.831267042160032,32.341168688413234
2018-11-01,Cox's Bazar,2017,30.65,31.07,30.41406735237625,29.929549804925916,30.250850976971453
2018-12-01,Cox's Bazar,2017,27.43,28.89,28.276979836801782,28.39838126182556,28.082755687158322
2019-01-01,Cox's Bazar,2017,28.21,25.95,27.079092726885197,26.993086165785787,26.835748723176593
2019-02-01,Cox's Bazar,2017,29.6,29.85,30.047080238625266,30.154568772315976,29.855681254161937
2019-03-01,Cox's Bazar,2017,31.29,32.15,31.945901932468214,31.685352014303206,31.74228996526122
2019-04-01,Cox's Bazar,2017,33.77,33.54,32.95321362561698,32.61176178097725,32.74182829696672
2019-05-01,Cox's Bazar,2017,34.22,32.42,33.51377902255966,32.81029846668243,33.31497450552358
2019-06-01,Cox's Bazar,2017,32.59,31.29,32.111875830152435,31.806924490928647,31.975978963006213
2019-07-01,Cox's Bazar,2017,31.01,30.73,31.22366309474428,31.294263279438017,31.13656707492487
2019-08-01,Cox's Bazar,2017,31.5,31.59,31.42925598001663,31.3579832303524,31.368627276143137
2019-09-01,Cox's Bazar,2017,31.46,32.3,32.1593167989411,31.896445900201794,32.10756786978973
2019-10-01,Cox's Bazar,2017,32.41,30.42,32.356721647681205,31.24613306045532,32.29354860566036
2019-11-01,Cox's Bazar,2017,31.3,30.65,31.208745745169914,30.61466319084167,31.190509551426015
2019-12-01,Cox's Bazar,2017,27.64,27.43,28.67352288386037,28.52685517966747,28.639484815051407
2020-01-01,Cox's Bazar,2017,26.47,28.21,27.22695573453364,27.593197948932648,27.176789334222637
2020-02-01,Cox's Bazar,2017,28.37,29.6,29.708649946001508,29.163027530908582,29.58041961694122
2020-03-01,Cox's Bazar,2017,32.74,31.29,31.652758078318836,30.9499113202095,31.466619113218997
2020-04-01,Cox's Bazar,2017,33.09,33.77,33.413692897861885,33.64142351746559,33.22421487140586
2020-05-01,Cox's Bazar,2017,33.22,34.22,33.17492346961109,33.00918304562568,32.94935670838102
2020-06-01,Cox's Bazar,2017,31.51,32.59,31.787061383762207,31.892196365594863,31.54429739230512
2020-07-01,Cox's Bazar,2017,31.14,31.01,30.81198814437042,30.77036162495613,30.56072045494236
2020-08-01,Cox's Bazar,2017,30.75,31.5,31.388716226750905,30.947577068805693,31.162737603610125
2020-09-01,Cox's Bazar,2017,32.47,31.46,31.812969770398706,31.19462615728378,31.58894589496979
2020-10-01,Cox's Bazar,2017,32.8,32.41,32.41539918840709,32.15433392047882,32.23393251465992
2020-11-01,Cox's Bazar,2017,31.24,31.3,31.26568918024753,30.89820179104805,31.114801257915367
2020-12-01,Cox's Bazar,2017,28.03,27.64,28.597068379873214,28.247585441470143,28.47052939846562
2021-01-01,Cox's Bazar,2020,28.35,26.47,27.596934013775645,26.800683436393737,27.56235880330637
2021-02-01,Cox's Bazar,2020,29.36,28.37,30.093515031997864,29.621010898351667,30.087350489863752
2021-03-01,Cox's Bazar,2020,32.91,32.74,31.954404332387657,31.93808522939682,31.955836832827273
2021-04-01,Cox's Bazar,2020,33.67,33.09,33.62186170084462,33.7395954978466,33.615819055940605
2021-05-01,Cox's Bazar,2020,33.92,33.22,33.61963287189646,33.04445430755615,33.628425407019165
2021-06-01,Cox's Bazar,2020,30.86,31.51,32.12894854902618,31.955474903583525,32.14997622497009
2021-07-01,Cox's Bazar,2020,30.91,31.14,30.885104479042944,30.84736137151718,30.88598674530474
2021-08-01,Cox's Bazar,2020,30.95,30.75,31.443976628082996,31.27020004034042,31.422042186476823
2021-09-01,Cox's Bazar,2020,32.2,32.47,31.940819571889485,31.946344888210294,31.903058067013838
2021-10-01,Cox's Bazar,2020,32.93,32.8,32.58861689226998,32.62274099230766,32.52845461793355
2021-11-01,Cox's Bazar,2020,32.15,31.24,31.287221327652247,31.244201567173,31.22686902936826
2021-12-01,Cox's Bazar,2020,28.59,28.03,28.941537653808115,28.600058338642118,28.905281984308104
2022-01-01,Cox's Bazar,2020,27.31,28.35,27.761774790292087,27.81649802446365,27.747131473585824
2022-02-01,Cox's Bazar,2020,28.61,29.36,29.871914597265544,29.47176968693733,29.84014302308847
2022-03-01,Cox's Bazar,2020,32.74,32.91,31.853873589655816,31.618070210218427,31.80185767849426
2022-04-01,Cox's Bazar,2020,33.43,33.67,33.55195330303945,33.9368129324913,33.4800021048301
2022-05-01,Cox's Bazar,2020,32.85,33.92,33.505004186459075,33.285944585800166,33.43249257421758
2022-06-01,Cox's Bazar,2020,31.26,30.86,31.814867339373173,31.480338778495785,31.724632992269978
2022-07-01,Cox's Bazar,2020,32.23,30.91,30.94979592384958,30.741757693290708,30.861018731536554
2022-08-01,Cox's Bazar,2020,32.35,30.95,31.74780529327885,31.525208901166913,31.673793849165556
2022-09-01,Cox's Bazar,2020,31.99,32.2,32.41710684848325,32.19552560210228,32.38031530101025
2022-10-01,Cox's Bazar,2020,33.03,32.93,32.63501130509001,32.35771554946899,32.60502198848701
2022-11-01,Cox's Bazar,2020,32.34,32.15,31.41646956388433,32.107813487052915,31.397880901069087
2022-12-01,Cox's Bazar,2020,29.99,28.59,29.0796123248369,29.08618365049362,29.080903090381568
2023-01-01,Cox's Bazar,2020,28.25,27.31,28.381593763774408,27.964758526086804,28.435062286281905
2023-02-01,Cox's Bazar,2020,30.43,28.61,30.328738927759208,29.268611258268354,30.41489783377242
2023-03-01,Cox's Bazar,2020,33.05,32.74,32.661199072973695,32.29579180002212,32.77973017678922
2023-04-01,Cox's Bazar,2020,34.83,33.43,33.94870986082432,33.492785819768905,34.06009157463489
2023-05-01,Cox's Bazar,2020,33.41,32.85,34.322204145481514,33.28565093398094,34.456212543212494
2023-06-01,Cox's Bazar,2020,32.38,31.26,32.254952977171946,31.919266574382778,32.38567928545706
2023-07-01,Cox's Bazar,2020,32.34,32.23,31.592921718737923,31.771364564895627,31.714828357841665
2023-08-01,Cox's Bazar,2020,31.0,32.35,32.077508388511255,32.04422134637832,32.17637436295169
2023-09-01,Cox's Bazar,2020,32.51,31.99,32.38617749133003,31.862881684303282,32.44719163509578
2023-10-01,Cox's Bazar,2020,32.56,33.03,33.0369869011559,32.740499112606045,33.08361169031035
2023-11-01,Cox's Bazar,2020,31.33,32.34,31.451393909590394,32.27499052762985,31.4617820716244
2023-12-01,Cox's Bazar,2020,28.84,29.99,28.84857517336929,29.650351453423497,28.819628639280705
2012-01-01,Faridpur,2011,23.93,23.05,24.199503360136315,24.19024803638458,24.18168784830723
2012-02-01,Faridpur,2011,28.92,28.51,28.157881832329156,28.35361243724823,28.15625919218841
2012-03-01,Faridpur,2011,33.79,32.52,33.13437866439574,32.77771317481995,33.1153737592843
2012-04-01,Faridpur,2011,34.17,33.7,34.96717053736981,34.989725542068484,34.984641676741376
2012-05-01,Faridpur,2011,35.02,33.69,33.95981462712775,33.9276916217804,33.99733790985686
2012-06-01,Faridpur,2011,33.72,32.91,33.15477231508581,33.21548049926758,33.217972530843504
2012-07-01,Faridpur,2011,32.45,32.5,32.208255013081114,32.502670793533326,32.30000646310853
2012-08-01,Faridpur,2011,32.32,31.25,32.309390871312544,32.08334342002869,32.41690632652472
2012-09-01,Faridpur,2011,32.77,32.47,32.33415544451913,32.16382076263428,32.49174132745589
2012-10-01,Faridpur,2011,32.2,33.44,32.154536008844275,32.039751644134526,32.31925061196126
2012-11-01,Faridpur,2011,28.55,30.04,29.74229357795398,29.815012302398685,29.88233360495032
2012-12-01,Faridpur,2011,24.01,24.28,25.786857534417315,25.72857481479645,25.904901556919796
2013-01-01,Faridpur,2011,23.94,23.93,24.132234323809715,24.874220712184908,24.230147436932192
2013-02-01,Faridpur,2011,28.6,28.92,28.212961697987925,29.231551804542544,28.24895655107712
2013-03-01,Faridpur,2011,33.82,33.79,33.09587830509622,33.08628282546997,33.072684312060986
2013-04-01,Faridpur,2011,35.02,34.17,34.95629866124124,35.26267099380493,34.914990063628466
2013-05-01,Faridpur,2011,32.19,35.02,34.254333077368884,34.29623005867005,34.24266315931255
2013-06-01,Faridpur,2011,33.74,33.72,32.437413719762716,32.69908539772034,32.34918849650206
2013-07-01,Faridpur,2011,32.6,32.45,32.24221914978041,32.334909820556646,32.14705777477572
2013-08-01,Faridpur,2011,32.04,32.32,32.36772791851775,32.16500187873841,32.29122513416547
2013-09-01,Faridpur,2011,32.82,32.77,32.296354952371594,32.18605425834656,32.235799258105786
2013-10-01,Faridpur,2011,31.28,32.2,32.18758868150854,31.835707464218142,32.146293782334446
2013-11-01,Faridpur,2011,29.91,28.55,29.457984659248314,28.97387683391571,29.418296692305088
2013-12-01,Faridpur,2011,26.3,24.01,26.088727670137608,26.101024341583255,26.096333035906223
2014-01-01,Faridpur,2011,23.16,23.94,24.756577931475693,25.431093587875367,24.824453266299145
2014-02-01,Faridpur,2011,27.1,28.6,28.03843986506774,28.172017488479614,28.070650787900526
2014-03-01,Faridpur,2011,32.76,33.82,32.743159367400715,32.15595043182373,32.70831406196567
2014-04-01,Faridpur,2011,37.06,35.02,34.69178581704932,34.94890103340149,34.60091099962833
2014-05-01,Faridpur,2011,35.52,32.19,34.726244247676945,34.85174927711487,34.68017228144147
2014-06-01,Faridpur,2011,33.17,33.74,33.40940696964598,33.51327376365662,33.47965371495176
2014-07-01,Faridpur,2011,32.54,32.6,32.122816139082445,32.61240035057068,32.19322515820039
2014-08-01,Faridpur,2011,32.4,32.04,32.35420586493784,32.36270239830017,32.455288059164786
2014-09-01,Faridpur,2011,32.88,32.82,32.434502909365804,32.43324174880982,32.573108551772464
2014-10-01,Faridpur,2011,32.49,31.28,32.179925335145064,32.144046745300294,32.33297835203322
2014-11-01,Faridpur,2011,30.43,29.91,29.821380670971937,30.477050065994263,30.02370986957222
2014-12-01,Faridpur,2011,24.72,26.3,26.255731454052967,27.090453610420226,26.47234944136377
2015-01-01,Faridpur,2014,24.59,23.16,24.199548277483824,24.26203459262848,24.25334330357662
2015-02-01,Faridpur,2014,28.5,27.1,28.4330273140624,26.65238227367401,28.49780638082442
2015-03-01,Faridpur,2014,32.75,32.76,33.13490331659523,31.617271795272828,33.196610646839964
2015-04-01,Faridpur,2014,33.21,37.06,34.83854805695536,34.396756162643435,34.86678753180495
2015-05-01,Faridpur,2014,34.6,35.52,33.77942289526392,34.07705229759217,33.695072263796916
2015-06-01,Faridpur,2014,33.08,33.17,33.20327184400583,33.45531315803528,33.082742923883536
2015-07-01,Faridpur,2014,32.08,32.54,32.16008911216439,32.907271509170535,32.03315529462307
2015-08-01,Faridpur,2014,32.69,32.4,32.256093166245975,32.284669427871705,32.1143522399455
2015-09-01,Faridpur,2014,33.46,32.88,32.57797062362353,32.012412252426145,32.4466771855258
2015-10-01,Faridpur,2014,32.93,32.49,32.36620096050993,31.74139850616455,32.26193595761175
2015-11-01,Faridpur,2014,30.62,30.43,29.99852626806109,30.531401233673098,29.93285430344997
2015-12-01,Faridpur,2014,25.94,24.72,26.211857356276585,28.053231763839722,26.18468144993894
2016-01-01,Faridpur,2014,25.16,24.59,24.56536519656704,25.106491537094115,24.595941415385298
2016-02-01,Faridpur,2014,30.06,28.5,28.60696107396361,26.074403438568115,28.655943730414833
2016-03-01,Faridpur,2014,34.07,32.75,33.547983063355346,30.169186630249023,33.64698948659717
2016-04-01,Faridpur,2014,36.11,33.21,35.11757918046146,32.74516780853271,35.26832865747388
2016-05-01,Faridpur,2014,34.1,34.6,34.61834975005521,33.94128342628479,34.84504749080529
2016-06-01,Faridpur,2014,34.08,33.08,33.080583049608045,33.42448989868164,33.29468472049568
2016-07-01,Faridpur,2014,32.28,32.08,32.44066070315735,33.16892129898071,32.672371098359676
2016-08-01,Faridpur,2014,33.13,32.69,32.35178314074684,32.21363251686096,32.57913338832746
2016-09-01,Faridpur,2014,33.31,33.46,32.76298628306588,31.944246463775634,32.98379196092531
2016-10-01,Faridpur,2014,33.42,32.93,32.37566480571356,31.564233922958376,32.584810481667766
2016-11-01,Faridpur,2014,30.16,30.62,30.182252082414056,30.795082807540894,30.401955403216878
2016-12-01,Faridpur,2014,27.35,25.94,26.09149315590492,28.101970977783203,26.305076194545986
2017-01-01,Faridpur,2014,26.24,25.16,24.99335819815345,25.809212188720704,25.23637229912413
2017-02-01,Faridpur,2014,29.85,30.06,28.994980489303238,26.475407462120057,29.262870227291437
2017-03-01,Faridpur,2014,31.38,34.07,33.53902259039241,29.897613010406495,33.81639502356777
2017-04-01,Faridpur,2014,33.88,36.11,34.472315099316525,32.04189861297608,34.702057696254045
2017-05-01,Faridpur,2014,34.87,34.1,34.0111992910294,32.89238340377808,34.164662890759004
2017-06-01,Faridpur,2014,33.46,34.08,33.36029922373144,33.248344039916994,33.49480112254377
2017-07-01,Faridpur,2014,32.07,32.28,32.2838165384203,32.66857181549072,32.37326278787715
2017-08-01,Faridpur,2014,32.88,33.13,32.35720452424293,31.835567731857303,32.42256573461911
2017-09-01,Faridpur,2014,33.4,33.31,32.74473959621016,31.621274938583376,32.78374279843724
2017-10-01,Faridpur,2014,31.65,33.42,32.47618958635946,31.56642148971558,32.51259830969046
2017-11-01,Faridpur,2014,29.96,30.16,29.725864910052728,29.92408190727234,29.72672755954527
2017-12-01,Faridpur,2014,26.61,27.35,26.126519528486796,27.750030479431153,26.121553099390983
2018-01-01,Faridpur,2017,23.41,26.24,24.94340445589026,25.92564606666565,24.94436699384249
2018-02-01,Faridpur,2017,29.54,29.85,28.31921096592632,27.579334654808044,28.25905321145818
2018-03-01,Faridpur,2017,33.75,31.38,33.4080638839048,32.41733491897583,33.34033863125024
2018-04-01,Faridpur,2017,33.12,33.88,35.13215003944765,34.400622406005866,35.14179631458581
2018-05-01,Faridpur,2017,32.63,34.87,33.89274409211346,33.588248672485356,33.87285308794289
2018-06-01,Faridpur,2017,33.87,33.46,32.803658263889076,32.65274146080017,32.69312659269741
2018-07-01,Faridpur,2017,32.67,32.07,32.43813297139771,32.323682136535645,32.30759114453034
2018-08-01,Faridpur,2017,33.14,32.88,32.59992820165415,32.12270545959473,32.475020661132845
2018-09-01,Faridpur,2017,33.72,33.4,32.89656417234518,32.532329931259156,32.77896712562163
2018-10-01,Faridpur,2017,31.88,31.65,32.57715161730168,32.44130657196045,32.48759816045424
2018-11-01,Faridpur,2017,30.28,29.96,29.850529662339095,30.289227113723754,29.80154591985275
2018-12-01,Faridpur,2017,25.88,26.61,26.30843332750451,27.206127457618713,26.277143003290963
2019-01-01,Faridpur,2017,26.64,23.41,24.685699219559236,24.62244943380356,24.6503380303527
2019-02-01,Faridpur,2017,28.18,29.54,29.281201871926942,28.57410774230957,29.339844330087388
2019-03-01,Faridpur,2017,31.94,33.75,33.075968579984014,31.629995937347417,33.11125876887181
2019-04-01,Faridpur,2017,34.25,33.12,34.55589165729912,33.51471451759339,34.55793266279394
2019-05-01,Faridpur,2017,35.0,32.63,34.155021877828815,33.830606899261475,34.17680863880092
2019-06-01,Faridpur,2017,34.14,33.87,33.52371265034963,33.49813074111939,33.5669874082663
2019-07-01,Faridpur,2017,33.55,32.67,32.54375975577405,32.78050310134888,32.56603596086969
2019-08-01,Faridpur,2017,33.48,33.14,32.88743494930292,32.58676323890686,32.93809336670662
2019-09-01,Faridpur,2017,33.05,33.72,33.05182722273649,32.92618447303772,33.12996186575436
2019-10-01,Faridpur,2017,32.05,31.88,32.37901752329724,32.58457378387452,32.46587314668584
2019-11-01,Faridpur,2017,30.53,30.28,29.939162867710856,30.65717546463013,30.05291837182557
2019-12-01,Faridpur,2017,24.94,25.88,26.374433778094904,27.791640982627868,26.491580525114173
2020-01-01,Faridpur,2017,23.89,26.64,24.55112986551056,25.08308282613754,24.64652210229835
2020-02-01,Faridpur,2017,27.13,28.18,28.496429229838675,27.76796295642853,28.495687826052663
2020-03-01,Faridpur,2017,32.47,31.94,32.75185758212234,31.81809457778931,32.71028444100138
2020-04-01,Faridpur,2017,34.14,34.25,34.704459196297336,34.472114391326905,34.62856791313906
2020-05-01,Faridpur,2017,32.99,35.0,34.18891939132482,34.35752252578736,34.058966587876505
2020-06-01,Faridpur,2017,33.11,34.14,33.02893675395621,33.223035488128666,32.806286720105305
2020-07-01,Faridpur,2017,32.95,33.55,32.33571408883595,32.533630008697514,32.05894759439404
2020-08-01,Faridpur,2017,32.67,33.48,32.77500139957987,32.30800756454468,32.475931256032844
2020-09-01,Faridpur,2017,33.31,33.05,32.85157220438292,32.52010807037354,32.554450592567875
2020-10-01,Faridpur,2017,33.15,32.05,32.4529430875334,32.53322402954102,32.194379529828566
2020-11-01,Faridpur,2017,30.53,30.53,30.28910172710567,30.989302291870118,30.095711365561957
2020-12-01,Faridpur,2017,25.25,24.94,26.320562950900193,27.453782296180727,26.167645101646627
2021-01-01,Faridpur,2020,25.04,23.89,24.58177005042372,23.022889078855513,24.488993387539328
2021-02-01,Faridpur,2020,29.41,27.13,28.763881926593022,26.73692696094513,28.70471913532023
2021-03-01,Faridpur,2020,34.51,32.47,33.33916838945204,32.41706017494202,33.338118095524564
2021-04-01,Faridpur,2020,35.93,34.14,35.2167448254271,34.64660423278809,35.26834881042648
2021-05-01,Faridpur,2020,34.63,32.99,34.62719821384657,34.187013168334964,34.73977923130728
2021-06-01,Faridpur,2020,32.69,33.11,33.51926346801854,33.32548480033875,33.68393673369355
2021-07-01,Faridpur,2020,32.83,32.95,32.281392114536054,32.40109197616577,32.430017806239306
2021-08-01,Faridpur,2020,32.76,32.67,32.76187517443709,32.18927943229676,32.89255996935483
2021-09-01,Faridpur,2020,33.09,33.31,32.94037981933545,32.45408641815186,33.06375135129871
2021-10-01,Faridpur,2020,33.23,33.15,32.43600208567454,32.24115223884583,32.54069170619275
2021-11-01,Faridpur,2020,29.28,30.53,30.348254203552077,29.710927743911746,30.448651377200285
2021-12-01,Faridpur,2020,25.67,25.25,25.8958140834734,25.517603969573976,25.96820158936015
2022-01-01,Faridpur,2020,24.33,25.04,24.742477187316762,23.979792218208313,24.80595799794231
2022-02-01,Faridpur,2020,26.69,29.41,28.629437205922574,28.345515513420107,28.644123507958682
2022-03-01,Faridpur,2020,33.82,34.51,32.69108679663813,32.04326950073242,32.611914233664685
2022-04-01,Faridpur,2020,34.49,35.93,35.09172528919852,35.24369005203248,34.96321466609164
2022-05-01,Faridpur,2020,33.42,34.63,34.25648824654702,34.30684310913086,34.09011407103436
2022-06-01,Faridpur,2020,33.42,32.69,33.16129580306867,32.94675439834595,32.964170707131686
2022-07-01,Faridpur,2020,33.81,32.83,32.531525954396145,32.421668510437016,32.34204727442409
2022-08-01,Faridpur,2020,33.52,32.76,33.04696285261553,32.59213349342346,32.88016946396451
2022-09-01,Faridpur,2020,33.13,33.09,33.17485718540061,33.03802512168885,33.05612758621627
2022-10-01,Faridpur,2020,32.21,33.23,32.5137045316879,32.79233880996704,32.43100508739936
2022-11-01,Faridpur,2020,30.53,29.28,30.027547980992587,29.92502604484558,29.952110321974665
2022-12-01,Faridpur,2020,27.02,25.67,26.24075142266209,26.206253666877746,26.219291679016667
2023-01-01,Faridpur,2020,24.64,24.33,25.103397131865336,23.708247630596162,25.126567748166828
2023-02-01,Faridpur,2020,29.56,26.69,28.61741673808705,26.49309257507324,28.662789283457496
2023-03-01,Faridpur,2020,32.53,33.82,33.555953086111586,32.556645250320436,33.66741479393338
2023-04-01,Faridpur,2020,36.71,34.49,34.7256549147777,33.96351125717163,34.79661688480356
2023-05-01,Faridpur,2020,34.61,33.42,34.82800941032787,34.59177627563477,34.94690792754542
2023-06-01,Faridpur,2020,33.87,33.42,33.51884475527306,33.45251756668091,33.66823231669751
2023-07-01,Faridpur,2020,34.42,33.81,32.7492286944257,32.86219177246094,32.90217719163303
2023-08-01,Faridpur,2020,33.2,33.52,33.260043308883816,32.94225841522217,33.43182524671845
2023-09-01,Faridpur,2020,33.57,33.13,33.104945674852374,33.0040899848938,33.29540345240524
2023-10-01,Faridpur,2020,33.05,32.21,32.634407889778224,32.738506917953494,32.84919692459521
2023-11-01,Faridpur,2020,31.09,30.53,30.304736141224716,30.467681388854984,30.54175482386351
2023-12-01,Faridpur,2020,26.69,27.02,26.458526246739808,26.921056447029116,26.705340208659756
2012-01-01,Jessore,2011,24.75,24.82,25.591459835741382,24.785220201015473,25.417066843390987
2012-02-01,Jessore,2011,29.48,29.56,29.276613937566474,28.53219402074814,29.09531238618139
2012-03-01,Jessore,2011,34.6,33.48,33.97502290582061,33.33807164311409,33.77696275451433
2012-04-01,Jessore,2011,35.33,35.05,36.49907054015918,36.420733011960984,36.33276964083755
2012-05-01,Jessore,2011,37.64,35.44,35.77519069300754,35.20863112092018,35.62623387323698
2012-06-01,Jessore,2011,36.1,34.23,34.91733878810014,34.1541851747036,34.81753660478131
2012-07-01,Jessore,2011,33.07,33.19,33.648427882666994,33.33667366862297,33.618480863435316
2012-08-01,Jessore,2011,33.17,31.97,33.252054594795666,33.07240041613579,33.25817090761123
2012-09-01,Jessore,2011,33.5,32.71,33.40956429302438,33.24773696780205,33.47158686864207
2012-10-01,Jessore,2011,33.07,34.05,33.121003678479795,32.9447670853138,33.20335306062895
2012-11-01,Jessore,2011,29.41,30.72,30.88596524348776,30.354267179965973,30.943165156999548
2012-12-01,Jessore,2011,25.36,26.09,26.905621923130013,26.32617818892002,26.938209057665155
2013-01-01,Jessore,2011,24.77,24.75,25.35108694118292,24.76653703570366,25.34095166736502
2013-02-01,Jessore,2011,29.15,29.48,29.321514585484866,29.426068191528323,29.25835618394943
2013-03-01,Jessore,2011,34.46,34.6,33.95090534437295,33.68673576235771,33.82724335716848
2013-04-01,Jessore,2011,35.93,35.33,36.40203487522206,36.79524999141693,36.24521431959796
2013-05-01,Jessore,2011,33.87,37.64,36.10090840095849,35.912270547151564,35.955351789347695
2013-06-01,Jessore,2011,34.01,36.1,33.96197023902371,33.696009186506274,33.7090153365439
2013-07-01,Jessore,2011,33.17,33.07,33.04286303583326,32.68429717421532,32.732979796145905
2013-08-01,Jessore,2011,32.91,33.17,33.299396208921756,32.71547703266144,33.00220992997067
2013-09-01,Jessore,2011,33.33,33.5,33.36749856669892,32.89635617613793,33.073775369579195
2013-10-01,Jessore,2011,31.86,33.07,33.09435687980135,32.46973806023598,32.81176735244739
2013-11-01,Jessore,2011,30.74,29.41,30.46539395294404,29.223468236923217,30.174099188515942
2013-12-01,Jessore,2011,27.17,25.36,27.19679782500596,26.378999098539353,26.95016398997347
2014-01-01,Jessore,2011,24.04,24.77,25.84573134652605,25.297079473137856,25.647264779806594
2014-02-01,Jessore,2011,28.04,29.15,29.128374548506557,28.387166252136232,28.908770859376137
2014-03-01,Jessore,2011,33.38,34.46,33.69851543373637,32.782855342626576,33.43517027978372
2014-04-01,Jessore,2011,38.03,35.93,36.088964774847874,36.089149124622345,35.78120314433477
2014-05-01,Jessore,2011,37.52,33.87,36.56110658001282,36.18084406971931,36.3065627341045
2014-06-01,Jessore,2011,34.21,34.01,35.02010147392851,34.261302311420444,34.88454781197355
2014-07-01,Jessore,2011,32.94,33.17,33.133166017300475,33.244051574468614,33.0257883110387
2014-08-01,Jessore,2011,33.47,32.91,33.23197415984526,33.17412771344185,33.142280553950535
2014-09-01,Jessore,2011,33.54,33.33,33.54777189861424,33.36704625964165,33.49169558744709
2014-10-01,Jessore,2011,32.78,31.86,33.09153240247751,32.85143343567849,33.05529851907587
2014-11-01,Jessore,2011,31.03,30.74,30.769240532044858,30.62716852605343,30.767515240539293
2014-12-01,Jessore,2011,25.86,27.17,27.301665986127905,27.182766272425653,27.30120068300107
2015-01-01,Jessore,2014,25.5,24.04,25.28430049591424,25.857607061564924,25.11434417267186
2015-02-01,Jessore,2014,29.26,28.04,29.463398038857026,28.080482939481737,29.3196696062412
2015-03-01,Jessore,2014,33.03,33.38,34.0108962303769,32.965368356704715,33.86940366721122
2015-04-01,Jessore,2014,34.22,38.03,36.11399343054177,35.94951989650727,35.9321272458029
2015-05-01,Jessore,2014,36.36,37.52,35.549781197621925,35.64968240499496,35.23381268212208
2015-06-01,Jessore,2014,34.31,34.21,34.64528617988166,34.625962893962864,34.27840355117699
2015-07-01,Jessore,2014,32.36,32.94,33.13882294248463,33.958742346763614,32.77764168070448
2015-08-01,Jessore,2014,33.17,33.47,33.07507513723916,33.01369418859482,32.6931529807613
2015-09-01,Jessore,2014,34.04,33.54,33.45421045148925,32.32670864105225,33.059397736296404
2015-10-01,Jessore,2014,33.58,32.78,33.19755354447069,31.86176610827446,32.82553302400537
2015-11-01,Jessore,2014,31.33,31.03,31.00859872453961,30.93367249965668,30.681453616556496
2015-12-01,Jessore,2014,26.65,25.86,27.249489221589393,29.00025154232979,26.958722070184272
2016-01-01,Jessore,2014,25.61,25.5,25.55213361642343,26.442715701460838,25.31899645087597
2016-02-01,Jessore,2014,30.5,29.26,29.501537203526887,27.395004613399507,29.278741184619765
2016-03-01,Jessore,2014,34.46,33.03,34.31612712444682,31.60875109434128,34.14007374949821
2016-04-01,Jessore,2014,37.42,34.22,36.403303577057464,34.38065220832825,36.28703967522778
2016-05-01,Jessore,2014,35.67,36.36,36.56240125444373,35.42584986686707,36.54095945405311
2016-06-01,Jessore,2014,34.32,34.31,34.4412819553842,34.67445211291313,34.399938963506706
2016-07-01,Jessore,2014,32.82,32.36,33.103236035901325,33.93066877603531,33.06456792323497
2016-08-01,Jessore,2014,32.92,33.17,33.23786066542587,32.90810360908509,33.20032651522258
2016-09-01,Jessore,2014,33.21,34.04,33.44935985867568,32.03323841094971,33.380315426009815
2016-10-01,Jessore,2014,33.85,33.58,33.008773339598534,31.298665657043458,32.895002752760526
2016-11-01,Jessore,2014,29.85,31.33,31.13391954275063,30.768504617214205,31.012490702352416
2016-12-01,Jessore,2014,27.22,26.65,26.795953624224637,28.273019604682922,26.635461429834237
2017-01-01,Jessore,2014,26.38,25.61,25.74392093366051,26.76595476388931,25.588105082263233
2017-02-01,Jessore,2014,30.07,30.5,29.82441110011258,28.617677357196808,29.676040383446868
2017-03-01,Jessore,2014,32.55,34.46,34.224739135797876,32.51393087625504,34.06689928161206
2017-04-01,Jessore,2014,35.69,37.42,35.95076687339283,34.74660635232925,35.76035364693532
2017-05-01,Jessore,2014,36.11,35.67,36.013642692458475,34.90693256378174,35.77066023841487
2017-06-01,Jessore,2014,34.63,34.32,34.58146231895491,34.46353392004967,34.35033538235866
2017-07-01,Jessore,2014,32.41,32.82,33.19314552332579,33.935280351638795,32.95951625613524
2017-08-01,Jessore,2014,33.54,32.92,33.11637867662773,32.871103690862654,32.868545327506915
2017-09-01,Jessore,2014,34.62,33.21,33.632536798399926,32.35583697676659,33.3914213253992
2017-10-01,Jessore,2014,32.42,33.85,33.50493594078984,32.25454570055008,33.299160628332004
2017-11-01,Jessore,2014,30.43,29.85,30.641685240865186,30.59439105153084,30.41091442057248
2017-12-01,Jessore,2014,27.06,27.22,27.01910046368789,28.533699308633807,26.817154528443563
2018-01-01,Jessore,2017,24.35,26.38,25.77462450964848,26.339493025839328,25.66987770860964
2018-02-01,Jessore,2017,30.31,30.07,29.264095294869577,28.50358146607876,29.110964297259518
2018-03-01,Jessore,2017,34.58,32.55,34.180046430597784,33.45430848479271,34.02802503467414
2018-04-01,Jessore,2017,34.87,35.69,36.52757985759611,36.54361168265343,36.43268640974412
2018-05-01,Jessore,2017,34.15,36.11,35.791894648761705,35.9670612859726,35.673178593971585
2018-06-01,Jessore,2017,35.12,34.63,34.03247027757096,34.05762632250786,33.84774244476638
2018-07-01,Jessore,2017,33.53,32.41,33.2879994544992,33.09332749485969,33.08860072279385
2018-08-01,Jessore,2017,33.88,33.54,33.47817465302222,33.09041359782219,33.300925605748574
2018-09-01,Jessore,2017,34.63,34.62,33.80831803024896,33.48281517624855,33.64177608795657
2018-10-01,Jessore,2017,32.99,32.42,33.43168299809505,33.205520265102386,33.28819110131369
2018-11-01,Jessore,2017,30.99,30.43,30.806269666299524,31.08518837809563,30.714558930963147
2018-12-01,Jessore,2017,26.05,27.06,27.208320635870397,28.02191302895546,27.14450455521475
2019-01-01,Jessore,2017,26.85,24.35,25.404620473005018,25.261383025944234,25.326813838656044
2019-02-01,Jessore,2017,28.88,30.31,30.072270788132734,29.041396077871322,30.05112901605676
2019-03-01,Jessore,2017,32.19,34.58,33.82439082137888,33.0412592291832,33.76634426855248
2019-04-01,Jessore,2017,34.87,34.87,35.748449908503424,35.42897065639496,35.631163205117836
2019-05-01,Jessore,2017,36.65,34.15,35.692909305497665,35.96896489024162,35.55219166351989
2019-06-01,Jessore,2017,36.03,35.12,34.843695315271496,35.273067497015,34.71742780455996
2019-07-01,Jessore,2017,34.51,33.53,33.58556236931618,33.941989855766295,33.4544166707028
2019-08-01,Jessore,2017,33.68,33.88,33.80733358344437,33.767793146371844,33.71893812143934
2019-09-01,Jessore,2017,33.15,34.63,33.83300030845687,34.000115044116974,33.77274232047181
2019-10-01,Jessore,2017,32.27,32.99,33.00016177967929,33.29099683403969,32.933481232700835
2019-11-01,Jessore,2017,30.41,30.99,30.636481579930084,30.94252923846245,30.569730617849128
2019-12-01,Jessore,2017,25.47,26.05,26.979981123005004,27.65174659252167,26.894463659050665
2020-01-01,Jessore,2017,24.86,26.85,25.36702315605008,25.749457395970822,25.256979435307684
2020-02-01,Jessore,2017,27.46,28.88,29.44089017996722,28.771267961263657,29.24949245825406
2020-03-01,Jessore,2017,32.56,32.19,33.322563138033566,33.495248061418536,33.0780661643446
2020-04-01,Jessore,2017,34.95,34.87,35.81052773373127,36.979563163518904,35.526356736239364
2020-05-01,Jessore,2017,34.52,36.65,35.80704336068733,37.292960814237595,35.47044268116227
2020-06-01,Jessore,2017,34.48,36.03,34.346760492508984,35.14059152841568,33.916070701962326
2020-07-01,Jessore,2017,34.52,34.51,33.23422415282653,33.40292277097702,32.7490821881033
2020-08-01,Jessore,2017,33.45,33.68,33.822151737319565,33.54549876689911,33.355294895779664
2020-09-01,Jessore,2017,34.09,33.15,33.738934877904256,33.936190098524094,33.31788017878545
2020-10-01,Jessore,2017,33.52,32.27,33.235037476521114,33.543287724256516,32.88508474038877
2020-11-01,Jessore,2017,30.62,30.41,30.996320775689416,31.542832633256914,30.7214034753691
2020-12-01,Jessore,2017,26.53,25.47,26.950350113371822,27.78409977912903,26.720807202518962
2021-01-01,Jessore,2020,26.02,24.86,25.597876277661246,24.05458613872528,25.40002471869708
2021-02-01,Jessore,2020,29.89,27.46,29.618353531055135,27.68675299525261,29.45460310880136
2021-03-01,Jessore,2020,35.25,32.56,33.92990765104368,33.35360018134117,33.828883430938795
2021-04-01,Jessore,2020,36.98,34.95,36.4963571404461,36.31728289961815,36.45367382453822
2021-05-01,Jessore,2020,35.62,34.52,36.292265583881196,35.884147670269016,36.30606197158312
2021-06-01,Jessore,2020,33.51,34.48,34.682137542986005,34.473992625474935,34.7249025448139
2021-07-01,Jessore,2020,33.73,34.52,33.04248406459206,33.4151052582264,33.04588841636122
2021-08-01,Jessore,2020,33.77,33.45,33.57095611303439,33.24000460267067,33.53519915781038
2021-09-01,Jessore,2020,33.33,34.09,33.863735814359586,33.477699904441835,33.830920853414966
2021-10-01,Jessore,2020,33.71,33.52,33.01996292617383,32.69879608392716,32.961253575451146
2021-11-01,Jessore,2020,29.82,30.62,31.0135751781719,29.693647373318672,30.951458782513726
2021-12-01,Jessore,2020,26.09,26.53,26.6389647040832,25.98537695109844,26.555921028900375
2022-01-01,Jessore,2020,24.61,26.02,25.521075246946335,24.9182150927186,25.407998879821935
2022-02-01,Jessore,2020,27.59,29.89,29.244164599946664,29.47685643076897,29.07352449214123
2022-03-01,Jessore,2020,34.05,35.25,33.37806700290512,32.93575856089592,33.12902544205363
2022-04-01,Jessore,2020,35.78,36.98,36.200947639011275,36.42472294330597,35.89803030893719
2022-05-01,Jessore,2020,34.97,35.62,35.904104084098286,35.91619183659554,35.576269120318365
2022-06-01,Jessore,2020,34.77,33.51,34.41564011032748,33.96764162421226,34.077973466716514
2022-07-01,Jessore,2020,34.54,33.73,33.48700741638508,33.23496183991432,33.17195011856671
2022-08-01,Jessore,2020,33.85,33.77,33.84392262297842,33.41210241675377,33.55072195752482
2022-09-01,Jessore,2020,33.76,33.33,33.8631838712313,33.7414849293232,33.605054362311556
2022-10-01,Jessore,2020,32.83,33.71,33.220556134082294,33.4239552295208,33.005808067267296
2022-11-01,Jessore,2020,30.92,29.82,30.677706915107596,30.016110105514528,30.467659751974093
2022-12-01,Jessore,2020,27.86,26.09,26.937210823359425,26.334610508084296,26.77387056380878
2023-01-01,Jessore,2020,25.22,24.61,25.98733778314693,24.511381433755158,25.873499720929676
2023-02-01,Jessore,2020,30.34,27.59,29.309609440565712,27.954391634464265,29.22166626710791
2023-03-01,Jessore,2020,33.15,34.05,34.259598037325894,33.735048059225086,34.22893543260992
2023-04-01,Jessore,2020,37.48,35.78,35.92119554471482,35.46635535597801,35.86317528729265
2023-05-01,Jessore,2020,35.81,34.97,36.347931298133346,36.24887592792511,36.323983485991604
2023-06-01,Jessore,2020,35.75,34.77,34.70989135041186,34.63086933970452,34.705995853926225
2023-07-01,Jessore,2020,34.66,34.54,33.87849287395214,34.03690903663635,33.88837600009774
2023-08-01,Jessore,2020,33.55,33.85,33.898451527026545,33.901414757967,33.92108088330609
2023-09-01,Jessore,2020,33.87,33.76,33.7854091643146,33.81901160597801,33.82128872193266
2023-10-01,Jessore,2020,33.17,32.83,33.24031960062023,33.216958326101306,33.28276650181158
2023-11-01,Jessore,2020,31.03,30.92,30.815898765076597,30.354377393722537,30.8598718008513
2023-12-01,Jessore,2020,26.84,27.86,27.062351958352128,26.908438915014266,27.09527954206299
2012-01-01,Khulna,2011,24.32,24.19,24.946745698774986,24.59173707842827,24.849239542114077
2012-02-01,Khulna,2011,29.07,28.99,28.742121024082596,28.706147279739383,28.64684424046469
2012-03-01,Khulna,2011,33.93,32.99,32.99892608917847,33.0152339553833,32.886673889187335
2012-04-01,Khulna,2011,35.3,34.42,35.125858640353435,35.48238705396653,35.039697328546886
2012-05-01,Khulna,2011,36.71,34.75,35.08592303383859,34.773649358749395,35.04323621627096
2012-06-01,Khulna,2011,35.3,33.48,33.881255427065945,33.4406714963913,33.908829596060045
2012-07-01,Khulna,2011,32.64,32.64,32.81168348331624,32.715374741554264,32.925093291966945
2012-08-01,Khulna,2011,32.82,31.4,32.63021841295073,32.61522490501404,32.791400555694395
2012-09-01,Khulna,2011,32.79,31.99,32.853667999048504,32.85597088813782,33.08641366621272
2012-10-01,Khulna,2011,32.33,33.36,32.54835445518992,32.604631147384644,32.80554067061078
2012-11-01,Khulna,2011,29.38,30.3,30.249055083534273,29.477574309110643,30.46551329446197
2012-12-01,Khulna,2011,25.06,25.11,26.513354744462273,26.274793687462807,26.696068128484455
2013-01-01,Khulna,2011,24.82,24.32,24.945227036680294,24.976565346717837,25.09531161801873
2013-02-01,Khulna,2011,29.09,29.07,28.947886704995224,29.62988009333611,29.042585526727823
2013-03-01,Khulna,2011,33.82,33.93,33.152076915868214,33.34048614740372,33.185978789319705
2013-04-01,Khulna,2011,35.39,35.3,35.17426098854038,35.660737667083744,35.167785717168435
2013-05-01,Khulna,2011,33.28,36.71,35.291691541339304,35.13411963939667,35.28193546451542
2013-06-01,Khulna,2011,33.88,35.3,33.17871036192607,33.244721703529365,33.07609686565027
2013-07-01,Khulna,2011,32.79,32.64,32.3038742021659,32.39858319282532,32.15634761056531
2013-08-01,Khulna,2011,32.63,32.82,32.49786924366703,32.40350600719452,32.37547039605964
2013-09-01,Khulna,2011,33.19,32.79,32.65039438744764,32.610857663154604,32.54848184611113
2013-10-01,Khulna,2011,31.61,32.33,32.4946950198449,32.338638181686406,32.43428099835465
2013-11-01,Khulna,2011,30.43,29.38,29.899578402705945,28.882318612337116,29.85291670434846
2013-12-01,Khulna,2011,27.0,25.06,26.540677263330544,26.39655699133873,26.537256534965575
2014-01-01,Khulna,2011,23.92,24.82,25.37970349013566,25.344052689671518,25.43891771021703
2014-02-01,Khulna,2011,27.77,29.09,28.793184032827046,28.599075672626498,28.82688907323943
2014-03-01,Khulna,2011,32.9,33.82,32.88097257525736,32.50220693588257,32.858540068514515
2014-04-01,Khulna,2011,37.68,35.39,34.89913130200594,35.198580255508425,34.82271838533652
2014-05-01,Khulna,2011,36.77,33.28,35.60491991435457,35.56311789512635,35.57976499647074
2014-06-01,Khulna,2011,33.77,33.88,34.153033060096796,33.77458241224289,34.260046368276434
2014-07-01,Khulna,2011,32.85,32.79,32.52372889204879,32.768575544357304,32.65337341332553
2014-08-01,Khulna,2011,32.95,32.63,32.69537772658509,32.74125305652619,32.84901065342863
2014-09-01,Khulna,2011,33.28,33.19,32.92576358407177,32.96362647771836,33.10545988069442
2014-10-01,Khulna,2011,33.13,31.61,32.587877952592855,32.704286966323856,32.77867219282081
2014-11-01,Khulna,2011,31.01,30.43,30.455821836811218,30.545809638500216,30.696482867548315
2014-12-01,Khulna,2011,25.56,27.0,26.912384991074386,27.406941360235216,27.16290219737003
2015-01-01,Khulna,2014,25.25,23.92,24.9638980733936,25.216207294464112,25.09465182033924
2015-02-01,Khulna,2014,29.3,27.77,29.145176106481852,27.295410232543947,29.29018578482869
2015-03-01,Khulna,2014,32.74,32.9,33.42363876137976,32.28776166915894,33.570143199008896
2015-04-01,Khulna,2014,34.18,37.68,35.34866185257619,35.27533910751343,35.450936223274475
2015-05-01,Khulna,2014,36.05,36.77,35.01175670134272,35.11380403518677,34.98484715268848
2015-06-01,Khulna,2014,33.51,33.77,33.979804398209936,34.29103448867798,33.9132178110882
2015-07-01,Khulna,2014,31.53,32.85,32.43903421416299,33.59727018356323,32.3672138919247
2015-08-01,Khulna,2014,32.74,32.95,32.33053735360015,32.562852458953856,32.21592770537179
2015-09-01,Khulna,2014,33.34,33.28,32.819709384502545,32.05827444076538,32.68762990242827
2015-10-01,Khulna,2014,33.08,33.13,32.555009864567424,31.599320583343506,32.42598071891077
2015-11-01,Khulna,2014,30.84,31.01,30.41110973414456,30.554010944366453,30.297824857410518
2015-12-01,Khulna,2014,26.26,25.56,26.610871892244536,28.43454568862915,26.523254793744684
2016-01-01,Khulna,2014,25.83,25.25,25.1199226054731,25.96142387866974,25.085902656523025
2016-02-01,Khulna,2014,30.27,29.3,29.29201060893003,27.532060890197755,29.28116490623981
2016-03-01,Khulna,2014,33.83,32.74,33.61764126376767,31.5940025138855,33.650639189103636
2016-04-01,Khulna,2014,36.31,34.18,35.5645726465829,34.00147092819214,35.65207658950837
2016-05-01,Khulna,2014,35.13,36.05,35.76359350847325,34.625957851409915,35.91658807984742
2016-06-01,Khulna,2014,33.82,33.51,33.839230294125095,33.927472858428956,33.97004561442505
2016-07-01,Khulna,2014,32.33,31.53,32.52831947673825,33.41491430282593,32.66472890626527
2016-08-01,Khulna,2014,33.04,32.74,32.68235414087635,32.58459852218628,32.820337279569415
2016-09-01,Khulna,2014,34.02,33.34,33.0680375407866,32.06500356674194,33.1811510883477
2016-10-01,Khulna,2014,33.36,33.08,32.902504350028856,31.8657931137085,33.01287656119582
2016-11-01,Khulna,2014,29.9,30.84,30.65438785852952,30.90682657241821,30.76930667639896
2016-12-01,Khulna,2014,27.07,26.26,26.445361521239956,28.176135234832763,26.540180605308116
2017-01-01,Khulna,2014,26.22,25.83,25.476279959389327,26.073451166152957,25.581583134718752
2017-02-01,Khulna,2014,29.64,30.27,29.58604255554034,27.587663726806642,29.690139195325756
2017-03-01,Khulna,2014,31.66,33.83,33.566464491487366,31.498181991577148,33.65918441524931
2017-04-01,Khulna,2014,34.7,36.31,35.11851404864418,33.92042358398437,35.163162181466944
2017-05-01,Khulna,2014,35.9,35.13,35.23818473746947,34.415315608978275,35.21687232004742
2017-06-01,Khulna,2014,33.98,33.82,33.95368804448944,34.133165245056155,33.92852521479435
2017-07-01,Khulna,2014,31.97,32.33,32.504513770457194,33.561264209747314,32.46618519770781
2017-08-01,Khulna,2014,33.0,33.04,32.58826415892441,32.659932975769046,32.531727249827995
2017-09-01,Khulna,2014,33.5,34.02,33.110031697542404,32.25256507873535,33.03926718834279
2017-10-01,Khulna,2014,31.66,33.36,32.77175851537018,31.832150058746336,32.68920667520146
2017-11-01,Khulna,2014,30.1,29.9,30.07291079203468,30.029914169311525,29.965172050196433
2017-12-01,Khulna,2014,26.46,27.07,26.450847979904744,27.953274993896486,26.352759255914744
2018-01-01,Khulna,2017,23.97,26.22,25.32152464422659,26.161132364273072,25.213197459444924
2018-02-01,Khulna,2017,29.00071,29.64,28.890716339910806,28.7007839012146,28.730311168484977
2018-03-01,Khulna,2017,33.73,31.66,33.055790553373704,33.214575176239016,32.87729197248115
2018-04-01,Khulna,2017,34.63,34.7,35.44904082830516,36.174673061370854,35.32828470851508
2018-05-01,Khulna,2017,33.89,35.9,35.207590441898134,35.95353286743164,35.082270212003614
2018-06-01,Khulna,2017,34.33,33.98,33.35813910418484,34.0380099105835,33.1733795295538
2018-07-01,Khulna,2017,32.85,31.97,32.428863611719756,32.91175764083862,32.24444787730792
2018-08-01,Khulna,2017,33.34,33.0,32.760714170672934,32.94993255615235,32.610112795508236
2018-09-01,Khulna,2017,34.22,33.5,33.178461346794975,33.4180428314209,33.05355190950558
2018-10-01,Khulna,2017,32.71,31.66,32.830111098431644,33.212703208923344,32.75647584089333
2018-11-01,Khulna,2017,30.72,30.1,30.366078433449115,31.10157039642334,30.365287371789456
2018-12-01,Khulna,2017,26.01,26.46,26.686685982288946,27.707102279663086,26.722690741491142
2019-01-01,Khulna,2017,26.86,23.97,25.13695710160669,24.89300368309021,25.17989918712377
2019-02-01,Khulna,2017,28.64,29.00071,29.7044320133345,28.43440149307251,29.82340477438545
2019-03-01,Khulna,2017,31.78,33.73,33.163843617716005,32.50569694519043,33.27601787463078
2019-04-01,Khulna,2017,34.64,34.63,34.965933494838026,34.87126110076905,35.0151933134037
2019-05-01,Khulna,2017,36.17,33.89,35.11188083720901,35.462837104797366,35.13320032817115
2019-06-01,Khulna,2017,35.17,34.33,34.075532309199666,34.84279277801514,34.11500081415243
2019-07-01,Khulna,2017,33.66,32.85,32.7966122229062,33.51823642730713,32.82869213489775
2019-08-01,Khulna,2017,33.06,33.34,33.15400453532133,33.09495809555054,33.21476503378218
2019-09-01,Khulna,2017,32.9,34.22,33.34066321951031,33.33726585388184,33.41412500166806
2019-10-01,Khulna,2017,32.05,32.71,32.58090578887584,33.00613277435303,32.6355755115285
2019-11-01,Khulna,2017,29.74,30.72,30.272943888686516,30.885749130249025,30.319390572257433
2019-12-01,Khulna,2017,24.6,26.01,26.382779713312296,27.376110391616823,26.393510892485658
2020-01-01,Khulna,2017,24.03,26.86,24.903327977089628,25.508725361824037,24.86037166452233
2020-02-01,Khulna,2017,26.95,28.64,28.78572458435352,28.848986892700196,28.62308350584769
2020-03-01,Khulna,2017,32.29,31.78,32.42157249989807,33.738892536163334,32.18739147312174
2020-04-01,Khulna,2017,34.43,34.64,34.86441894965528,36.97971084594727,34.59085932862135
2020-05-01,Khulna,2017,34.15,36.17,34.99434240882918,37.08017566680908,34.67056698530857
2020-06-01,Khulna,2017,33.56,35.17,33.49461040990944,34.992901210784915,33.09349060669511
2020-07-01,Khulna,2017,33.27,33.66,32.24696358947259,33.07764175415039,31.80351739570994
2020-08-01,Khulna,2017,32.74,33.06,32.805783759763074,32.99642875671387,32.38063107610076
2020-09-01,Khulna,2017,33.45,32.9,32.995451763215684,33.48812702178955,32.62290322873319
2020-10-01,Khulna,2017,32.96,32.05,32.475300515602825,33.15754068374634,32.17694846388971
2020-11-01,Khulna,2017,30.57,29.74,30.310238062142997,30.97795961380005,30.094127749109354
2020-12-01,Khulna,2017,25.98,24.6,26.337797444202334,27.25966003417969,26.198059377349363
2021-01-01,Khulna,2020,25.91,24.03,25.118718481604475,24.146226106882096,25.040916672611957
2021-02-01,Khulna,2020,29.51,26.95,29.121346183464773,27.15626452445984,29.10399203924188
2021-03-01,Khulna,2020,34.58,32.29,33.15863084207442,32.63294351577759,33.21780410760427
2021-04-01,Khulna,2020,36.47,34.43,35.61302896036201,35.376264839172364,35.727251248684425
2021-05-01,Khulna,2020,35.48,34.15,35.69792341921263,35.1210816192627,35.87806896529929
2021-06-01,Khulna,2020,32.61,33.56,34.12953506334167,33.6477755355835,34.35278562722077
2021-07-01,Khulna,2020,32.65,33.27,32.35008576880088,32.41837108612061,32.53241536582712
2021-08-01,Khulna,2020,32.73,32.74,32.84996599080247,32.33997161865234,32.975944810322424
2021-09-01,Khulna,2020,32.29,33.45,33.20217059282891,32.64207933425904,33.297812605308366
2021-10-01,Khulna,2020,33.06,32.96,32.33306907994414,32.201862316131596,32.36400207645114
2021-11-01,Khulna,2020,29.98,30.57,30.44537766207751,29.922946815490725,30.442299440455518
2021-12-01,Khulna,2020,25.86,25.98,26.19214305918501,26.19820135116577,26.155594162611294
2022-01-01,Khulna,2020,24.29,25.91,25.20277709505138,25.025339369773867,25.144617787712843
2022-02-01,Khulna,2020,27.29,29.51,28.736280984600867,28.972170238494876,28.613818540186415
2022-03-01,Khulna,2020,33.62,34.58,32.64631500246609,32.50371425628662,32.446165602083305
2022-04-01,Khulna,2020,35.19,36.47,35.3282691737918,35.779578094482424,35.07886169189873
2022-05-01,Khulna,2020,34.88,35.48,35.20007337486456,35.451582984924315,34.93189852053682
2022-06-01,Khulna,2020,34.06,32.61,33.669050606750986,33.54512460708618,33.41098387211717
2022-07-01,Khulna,2020,33.78,32.65,32.64150918954384,32.56132381439209,32.43971137765744
2022-08-01,Khulna,2020,33.42,32.73,33.080571391799765,32.640039138793945,32.92115510725638
2022-09-01,Khulna,2020,33.33,32.29,33.281866977060254,32.97474277496338,33.1787792145818
2022-10-01,Khulna,2020,32.58,33.06,32.697974650320816,32.886384372711184,32.65786714639581
2022-11-01,Khulna,2020,30.66,29.98,30.303798540288668,30.268553524017335,30.271136801734354
2022-12-01,Khulna,2020,27.48,25.86,26.368602550114836,26.524677686691284,26.37380976526103
2023-01-01,Khulna,2020,25.35,24.29,25.60868980294875,24.649646966457368,25.666677494712957
2023-02-01,Khulna,2020,29.45857,27.29,28.984171186778376,27.383479385375978,29.08372261271859
2023-03-01,Khulna,2020,32.54,33.62,33.46542599214489,32.71400802612305,33.6135651958787
2023-04-01,Khulna,2020,36.74,35.19,35.186693897400374,34.63211963653565,35.28749351411072
2023-05-01,Khulna,2020,35.69,34.88,35.72008924383711,35.58781517028809,35.84152455842318
2023-06-01,Khulna,2020,34.71,34.06,34.088662854019674,33.97663066864014,34.22383920619242
2023-07-01,Khulna,2020,33.89,33.78,33.09671308653471,33.037772541046145,33.2361979412691
2023-08-01,Khulna,2020,32.71,33.42,33.30803579511345,32.88863056182861,33.44813738962092
2023-09-01,Khulna,2020,33.2,33.33,33.2335287788168,32.90400798797607,33.366117841629524
2023-10-01,Khulna,2020,33.13,32.58,32.753442731279634,32.77458560943604,32.87569621624359
2023-11-01,Khulna,2020,30.62,30.66,30.578867601293933,30.92469738006592,30.698949860487904
2023-12-01,Khulna,2020,26.56,27.48,26.559413146409856,26.98235481262207,26.662155021891856
2012-01-01,Rajshahi,2011,23.42,22.64,23.505389818621733,23.991914644241334,23.44167133483461
2012-02-01,Rajshahi,2011,28.4,28.26,28.22515314823574,28.462282321453095,28.171994539438483
2012-03-01,Rajshahi,2011,33.94,33.66,33.48727897220367,33.7421825003624,33.41820807171688
2012-04-01,Rajshahi,2011,35.47,34.78,36.254096061737414,36.566939945220945,36.19573413631879
2012-05-01,Rajshahi,2011,38.34,34.55,35.06288457959374,35.620459938049315,35.03919072330666
2012-06-01,Rajshahi,2011,36.22,34.14,35.17451771146328,34.42545997619629,35.2436004585266
2012-07-01,Rajshahi,2011,33.37,33.55,33.23962914597485,33.404185898303986,33.40264264143911
2012-08-01,Rajshahi,2011,34.23,32.2,33.13350445501257,33.01165157556534,33.349030169719796
2012-09-01,Rajshahi,2011,33.53,32.82,33.212723866770446,32.86163607597351,33.53283454288098
2012-10-01,Rajshahi,2011,32.37,32.87,32.01713628546266,32.10060606002807,32.3809493910046
2012-11-01,Rajshahi,2011,28.16,29.14,29.63174277879316,29.47796024560928,30.004708512289664
2012-12-01,Rajshahi,2011,23.06,24.2,25.268379985924966,25.455171100497246,25.633105639168342
2013-01-01,Rajshahi,2011,23.39,23.42,23.262036842374428,24.139030289649963,23.56494256593142
2013-02-01,Rajshahi,2011,27.89,28.4,28.31365787062312,28.921568708419798,28.534050966590115
2013-03-01,Rajshahi,2011,33.95,33.94,33.39082925989501,33.95567613840103,33.52817821410399
2013-04-01,Rajshahi,2011,36.42,35.47,36.23277949373028,37.13351241111755,36.31649153551307
2013-05-01,Rajshahi,2011,33.87,38.34,35.64618194998454,36.49814487457275,35.727081338438445
2013-06-01,Rajshahi,2011,35.15,36.22,34.01553834538288,34.370191164016724,33.95159667166374
2013-07-01,Rajshahi,2011,34.31,33.37,33.32049415105684,33.266542470455164,33.23149860214385
2013-08-01,Rajshahi,2011,33.44,34.23,33.49416194697328,32.927276582717894,33.442276211066684
2013-09-01,Rajshahi,2011,34.39,33.53,32.97824918676322,32.62422743320465,32.93523122403197
2013-10-01,Rajshahi,2011,31.38,32.37,32.372511394771486,31.81020287513733,32.39542833981349
2013-11-01,Rajshahi,2011,29.57,28.16,29.146644821671426,28.75137465715408,29.192341865713225
2013-12-01,Rajshahi,2011,25.54,23.06,25.537420965987373,25.332112734913828,25.654542469759285
2014-01-01,Rajshahi,2011,22.96,23.39,23.82908230273676,24.440881291031836,24.01770833850306
2014-02-01,Rajshahi,2011,25.99,27.89,28.020979813814762,27.62006704568863,28.18176417107137
2014-03-01,Rajshahi,2011,32.53,33.95,33.01599231409201,32.519813499450684,33.109064067271454
2014-04-01,Rajshahi,2011,37.96,36.42,35.999444382830156,36.50573287963867,36.00373302179338
2014-05-01,Rajshahi,2011,37.11,33.87,35.969922639100915,36.84063886165619,35.973050230232204
2014-06-01,Rajshahi,2011,34.89,35.15,34.88509397160558,34.934348683357236,34.97286116736976
2014-07-01,Rajshahi,2011,33.97,34.31,33.15960369387373,33.59528639554977,33.24617900938237
2014-08-01,Rajshahi,2011,33.82,33.44,33.48265045414758,33.10768992900848,33.59116557006659
2014-09-01,Rajshahi,2011,34.08,34.39,33.23880399568326,32.9214768743515,33.39480840691121
2014-10-01,Rajshahi,2011,32.51,31.38,32.1731514349878,32.19596127986908,32.347304178894326
2014-11-01,Rajshahi,2011,30.15,29.57,29.53732435855784,30.129948923587797,29.78488910305303
2014-12-01,Rajshahi,2011,24.57,25.54,25.615977484553184,26.484930262565612,25.893970149656944
2015-01-01,Rajshahi,2014,23.72,22.96,23.430440789534984,24.058508447408677,23.54217066425959
2015-02-01,Rajshahi,2014,28.51,25.99,28.123414429157467,25.823405423164367,28.242037849791238
2015-03-01,Rajshahi,2014,33.04,32.53,33.610435682909674,31.26572194814682,33.7561582228565
2015-04-01,Rajshahi,2014,33.89,37.96,36.21483676605095,34.696427423954006,36.34129828318643
2015-05-01,Rajshahi,2014,36.0,37.11,35.039173985237184,34.888909108638764,35.05961899511743
2015-06-01,Rajshahi,2014,34.55,34.89,34.96868064645586,34.23535700321197,34.93685045206107
2015-07-01,Rajshahi,2014,33.48,33.97,33.21284383054347,33.60851851224899,33.15477028339118
2015-08-01,Rajshahi,2014,33.83,33.82,33.46155210968962,32.891262333393094,33.37925074687101
2015-09-01,Rajshahi,2014,34.34,34.08,33.43220595908908,32.301142539978024,33.35044148403345
2015-10-01,Rajshahi,2014,32.93,32.51,32.30149444823981,31.776862545013426,32.23444767045835
2015-11-01,Rajshahi,2014,30.54,30.15,29.71813632396693,30.383938210010527,29.68450860145139
2015-12-01,Rajshahi,2014,25.33,24.57,25.557964485360618,27.9452786052227,25.56107708483527
2016-01-01,Rajshahi,2014,24.13,23.72,23.666035498722955,24.650498065948486,23.71549615453685
2016-02-01,Rajshahi,2014,29.44,28.51,28.24267987974805,25.584109104275704,28.31103340676438
2016-03-01,Rajshahi,2014,34.07,33.04,33.80181783116946,30.09417286515236,33.90168922648147
2016-04-01,Rajshahi,2014,37.72,33.89,36.186505686502684,33.05969153404236,36.32502835237081
2016-05-01,Rajshahi,2014,34.72,36.0,36.165012833815496,34.258214802742,36.38237200583294
2016-06-01,Rajshahi,2014,35.35,34.55,34.30126881461758,33.71941955089569,34.49074700999094
2016-07-01,Rajshahi,2014,33.39,33.48,33.65581539717026,33.5276785492897,33.85299409702988
2016-08-01,Rajshahi,2014,34.18,33.83,33.38150352018285,32.62892517566681,33.56107416076808
2016-09-01,Rajshahi,2014,34.04,34.34,33.68366011363995,32.10589741468429,33.85518441034874
2016-10-01,Rajshahi,2014,33.04,32.93,32.265631571916096,31.43064489364624,32.42279470201237
2016-11-01,Rajshahi,2014,29.98,30.54,29.88908052950093,30.096495093107222,30.04707897328559
2016-12-01,Rajshahi,2014,26.15,25.33,25.3731090116082,27.384542615413665,25.52297930004777
2017-01-01,Rajshahi,2014,25.22,24.13,24.008592146320296,24.58430231332779,24.175351389818374
2017-02-01,Rajshahi,2014,28.73,29.44,28.617916967780566,25.601196236610413,28.803530965774097
2017-03-01,Rajshahi,2014,31.31,34.07,33.58611352483676,29.77737951517105,33.768304921445996
2017-04-01,Rajshahi,2014,35.23,37.72,35.67873275472536,32.895584938526156,35.81502512839711
2017-05-01,Rajshahi,2014,35.3,34.72,35.51768518006223,33.79364132404327,35.57948402799123
2017-06-01,Rajshahi,2014,35.25,35.35,34.73340723211279,33.7046964764595,34.776910060690156
2017-07-01,Rajshahi,2014,32.65,33.39,33.52904185545328,33.386910398006435,33.53116620957372
2017-08-01,Rajshahi,2014,34.14,34.18,33.310894753874095,32.41065706253052,33.28532871488537
2017-09-01,Rajshahi,2014,33.93,34.04,33.77548296288458,32.01920232534408,33.730294722043965
2017-10-01,Rajshahi,2014,31.81,33.04,32.326094811833094,31.445393545627592,32.27928010321526
2017-11-01,Rajshahi,2014,29.36,29.98,29.583157147964187,29.656662027835843,29.51932565386808
2017-12-01,Rajshahi,2014,26.18,26.15,25.394358130308326,27.058735312223433,25.324331741651772
2018-01-01,Rajshahi,2017,22.55,25.22,24.207927710589757,24.90476710677147,24.119345969698855
2018-02-01,Rajshahi,2017,28.9,28.73,27.915053977611695,27.26811096549034,27.776194147897666
2018-03-01,Rajshahi,2017,34.12,31.31,33.62202063113426,33.05852669000625,33.4963849173653
2018-04-01,Rajshahi,2017,34.06,35.23,36.36726287385643,36.48442998170852,36.322575917821766
2018-05-01,Rajshahi,2017,33.45,35.3,35.006413532658435,35.978092634677886,34.92643813922539
2018-06-01,Rajshahi,2017,35.67,35.25,34.436520623069825,34.32615089416504,34.28488258532032
2018-07-01,Rajshahi,2017,33.93,32.65,33.66579472049282,33.353158695697786,33.482631782342494
2018-08-01,Rajshahi,2017,34.65,34.14,33.71353952282477,33.212514169216156,33.553702069185256
2018-09-01,Rajshahi,2017,34.32,33.93,33.85669455075622,33.36856703519821,33.710832435648264
2018-10-01,Rajshahi,2017,32.11,31.81,32.3865841503069,32.792240998744965,32.28296589358036
2018-11-01,Rajshahi,2017,30.01,29.36,29.648314237480655,30.46394690275192,29.587298514280285
2018-12-01,Rajshahi,2017,25.26,26.18,25.69018512434822,27.158698753118514,25.665313926052143
2019-01-01,Rajshahi,2017,25.46,22.55,23.751990160796304,23.98919889509678,23.72070735428518
2019-02-01,Rajshahi,2017,27.62,28.9,28.91115440281894,27.258676048517227,28.970032690813113
2019-03-01,Rajshahi,2017,32.08,34.12,33.1027322756997,32.19765366077423,33.13737423919709
2019-04-01,Rajshahi,2017,34.53,34.06,35.74118804772922,35.383218615055085,35.73504498163576
2019-05-01,Rajshahi,2017,36.14,33.45,35.093168169042926,36.000564639568324,35.0828861866607
2019-06-01,Rajshahi,2017,35.81,35.67,35.25382232312464,35.263689417839046,35.254922360536526
2019-07-01,Rajshahi,2017,34.5,33.93,33.565331625771535,33.94972296476364,33.53399360277629
2019-08-01,Rajshahi,2017,34.52,34.65,34.02446766929256,33.57160798311233,34.01483807663029
2019-09-01,Rajshahi,2017,33.45,34.32,33.83333788983531,33.619531776905056,33.83879353343585
2019-10-01,Rajshahi,2017,31.39,32.11,32.15987306157686,32.712242963314054,32.17401578934313
2019-11-01,Rajshahi,2017,29.99,30.01,29.564553250008963,30.037178634405137,29.57727844534673
2019-12-01,Rajshahi,2017,24.42,25.26,25.69271103420233,26.842466510534287,25.69908586986206
2020-01-01,Rajshahi,2017,23.33,25.46,23.711842905379743,24.126555641293525,23.695411477081027
2020-02-01,Rajshahi,2017,26.72,27.62,28.273141150357592,27.462346843481065,28.182287181544478
2020-03-01,Rajshahi,2017,31.61,32.08,32.905123186281195,33.447660264968874,32.783338706278684
2020-04-01,Rajshahi,2017,34.53,34.53,35.52846871288755,37.15934679746628,35.34965906090552
2020-05-01,Rajshahi,2017,33.8,36.14,35.24796795591287,37.435931713581084,35.01377988238954
2020-06-01,Rajshahi,2017,34.73,35.81,34.68282422692907,35.35665633440017,34.33239339022424
2020-07-01,Rajshahi,2017,33.87,34.5,33.56254420311864,33.62907113552093,33.1512360326597
2020-08-01,Rajshahi,2017,34.48,34.52,33.953632231658105,33.320893688201906,33.51515267896868
2020-09-01,Rajshahi,2017,34.09,33.45,33.83575931574249,33.58229833126068,33.41923457954628
2020-10-01,Rajshahi,2017,33.63,31.39,32.261204685997974,33.137575159072874,31.904861509455532
2020-11-01,Rajshahi,2017,30.23,29.99,30.191809942384456,31.583874638080594,29.939845409002487
2020-12-01,Rajshahi,2017,25.17,24.42,25.484198481928093,28.080529466867446,25.295319941665092
2021-01-01,Rajshahi,2020,23.77,23.33,23.893798397692315,23.077781972289085,23.72624641337306
2021-02-01,Rajshahi,2020,29.09,26.72,28.152932599303128,25.425985789299013,28.019901679326086
2021-03-01,Rajshahi,2020,34.56,31.61,33.372690008927364,32.01067114830017,33.30845661208794
2021-04-01,Rajshahi,2020,37.5,34.53,36.02462155620967,35.357403411865235,36.033921245894064
2021-05-01,Rajshahi,2020,34.65,33.8,35.72818130643,35.5364014673233,35.81760352311157
2021-06-01,Rajshahi,2020,34.13,34.73,34.777700474286384,34.188822922706606,34.90162884601969
2021-07-01,Rajshahi,2020,34.16,33.87,33.43573283193269,33.149487900733945,33.53364868503009
2021-08-01,Rajshahi,2020,34.17,34.48,34.176406165115075,32.77163935184478,34.25739484845802
2021-09-01,Rajshahi,2020,34.15,34.09,33.76945075102798,32.848632025718686,33.82670011661669
2021-10-01,Rajshahi,2020,33.2,33.63,32.46682061244262,32.383412714004514,32.51279995218039
2021-11-01,Rajshahi,2020,29.43,30.23,30.075372187771773,29.613654451370238,30.104461165065942
2021-12-01,Rajshahi,2020,26.34,25.17,25.233959265395676,25.501628181934358,25.25168643151944
2022-01-01,Rajshahi,2020,23.41,23.77,24.269456051559825,23.614360503554344,24.30411877391393
2022-02-01,Rajshahi,2020,26.01,29.09,28.072091083635172,26.527556307315827,28.09175925301227
2022-03-01,Rajshahi,2020,34.83,34.56,32.72746915119621,31.65047323703766,32.66182170133857
2022-04-01,Rajshahi,2020,36.77,37.5,36.50605276795315,36.26454941749573,36.4188530068874
2022-05-01,Rajshahi,2020,34.76,34.65,35.333120876380754,35.93516605377197,35.232376490836415
2022-06-01,Rajshahi,2020,34.96,34.13,34.82632726767178,34.480977103710174,34.74535912410805
2022-07-01,Rajshahi,2020,36.41,34.16,33.73393375241053,33.62687146663666,33.66289938953918
2022-08-01,Rajshahi,2020,34.71,34.17,34.75845517477864,33.67145312786102,34.733680612919656
2022-09-01,Rajshahi,2020,34.07,34.15,33.820126599603654,33.72270946264267,33.83943415051746
2022-10-01,Rajshahi,2020,33.06,33.2,32.54626896823259,33.09936870098114,32.590424249464164
2022-11-01,Rajshahi,2020,30.33,29.43,29.981656065338136,30.331396603584288,30.0416603882569
2022-12-01,Rajshahi,2020,26.78,26.34,25.63538381446251,26.30863063812256,25.730013566756792
2023-01-01,Rajshahi,2020,24.24,23.41,24.234431340671257,23.524511649608613,24.342261871932617
2023-02-01,Rajshahi,2020,29.49,26.01,28.063495860986915,25.556102491617203,28.20436118669655
2023-03-01,Rajshahi,2020,32.76,34.83,33.890579349874244,31.970844779014584,34.098646438725645
2023-04-01,Rajshahi,2020,37.48,36.77,35.72635109608545,34.507044885158535,35.87597702769344
2023-05-01,Rajshahi,2020,36.27,34.76,35.70652892039671,35.46244612693786,35.86976563645975
2023-06-01,Rajshahi,2020,37.26,34.96,35.15690383302485,34.53645373344421,35.347005692772676
2023-07-01,Rajshahi,2020,35.75,36.41,34.6130068192627,34.046002173423766,34.847699571320675
2023-08-01,Rajshahi,2020,34.04,34.71,34.43060364729175,33.47709682226181,34.66797215107414
2023-09-01,Rajshahi,2020,34.33,34.07,33.771096374521946,33.2539870929718,34.02841770219398
2023-10-01,Rajshahi,2020,32.38,33.06,32.7179632089185,32.68094990253448,32.97960496942015
2023-11-01,Rajshahi,2020,30.42,30.33,29.820861440238136,29.874640262126924,30.055977243413256
2023-12-01,Rajshahi,2020,26.25,26.78,25.867273284269086,26.355311789512633,26.08302937376616
2012-01-01,Rangamati,2011,26.43,25.79,26.431583474932896,26.484139939546584,26.345681201627563
2012-02-01,Rangamati,2011,30.49,30.03,29.4724567566325,29.70736367702484,29.396727310604668
2012-03-01,Rangamati,2011,33.16,32.94,33.34282867620554,32.96968330383301,33.26689480551536
2012-04-01,Rangamati,2011,32.86,33.74,34.27230429272633,34.23914763927459,34.2180734403472
2012-05-01,Rangamati,2011,33.95,33.43,33.29991979904197,33.35074388027191,33.22818403482275
2012-06-01,Rangamati,2011,32.17,32.16,32.26961156138162,32.60692740917206,32.19709810333931
2012-07-01,Rangamati,2011,31.03,32.16,31.652654054968448,32.08313262939453,31.576408946729725
2012-08-01,Rangamati,2011,32.63,31.66,31.94643996297396,31.950394868850708,31.835993128546143
2012-09-01,Rangamati,2011,33.12,32.37,32.62281680840235,32.74964629173279,32.54117904957962
2012-10-01,Rangamati,2011,31.89,32.24,32.54979146679842,32.5219372177124,32.49163094033273
2012-11-01,Rangamati,2011,28.99,29.79,30.01043824324749,30.109922952651978,29.951187185217115
2012-12-01,Rangamati,2011,26.21,26.7,26.85537558861923,27.03380056977272,26.77304494620514
2013-01-01,Rangamati,2011,25.8,26.43,26.198807109357322,26.747689967155456,26.087649389166312
2013-02-01,Rangamati,2011,30.85,30.49,29.22844800529219,29.75829723834991,29.076978621792684
2013-03-01,Rangamati,2011,34.81,33.16,33.378519470918896,33.25711422920227,33.22080293374581
2013-04-01,Rangamati,2011,35.35,32.86,34.804573488261376,34.67819881916046,34.720338616115846
2013-05-01,Rangamati,2011,31.49,33.95,34.347838306589985,33.77336170196533,34.37188369766936
2013-06-01,Rangamati,2011,33.34,32.17,31.806017851103007,31.920379276275632,31.7740208810798
2013-07-01,Rangamati,2011,32.63,31.03,31.881882556493455,31.975641322135925,31.867411700868267
2013-08-01,Rangamati,2011,31.75,32.63,32.59179534681462,32.667455425262446,32.62564512072136
2013-09-01,Rangamati,2011,32.62,33.12,32.566243986941664,32.676934609413145,32.57641490416685
2013-10-01,Rangamati,2011,31.36,31.89,32.353850411619085,31.79584469795227,32.34856186377244
2013-11-01,Rangamati,2011,29.95,28.99,29.758907240555356,28.880220413208008,29.74199729067122
2013-12-01,Rangamati,2011,26.76,26.21,27.093767596616548,26.831415282487868,27.08380408476955
2014-01-01,Rangamati,2011,26.98,25.8,26.468060073386326,26.874024189710617,26.446001902406817
2014-02-01,Rangamati,2011,28.94,30.85,29.772196484000926,30.431990509033202,29.751355659885448
2014-03-01,Rangamati,2011,33.75,34.81,32.96432454443121,32.72173402309417,32.868171834485366
2014-04-01,Rangamati,2011,37.32,35.35,34.32999662528248,34.67260235786438,34.20347465150621
2014-05-01,Rangamati,2011,34.52,31.49,34.768759753268256,33.86124606132507,34.7288554292804
2014-06-01,Rangamati,2011,32.46,33.34,33.03450686462911,33.0008092880249,33.146278839281685
2014-07-01,Rangamati,2011,33.22,32.63,32.018226739475075,32.5518732881546,32.108930972458104
2014-08-01,Rangamati,2011,31.89,31.75,32.81419256568991,32.9407759141922,32.93333462949005
2014-09-01,Rangamati,2011,32.27,32.62,32.70886523143194,32.894275894165034,32.85690158111717
2014-10-01,Rangamati,2011,32.51,31.36,32.26892598890752,31.969174494743346,32.39491127829297
2014-11-01,Rangamati,2011,30.49,29.95,30.13954357573165,30.18971137523651,30.276502989065207
2014-12-01,Rangamati,2011,27.49,26.76,27.400673364918383,27.698439078330992,27.520126266218803
2015-01-01,Rangamati,2014,26.16,26.98,26.8047141255011,26.874243783950806,26.905001866815606
2015-02-01,Rangamati,2014,29.3,28.94,29.69095339780572,29.423912515640257,29.74805131037066
2015-03-01,Rangamati,2014,33.7,33.75,33.1332910936445,33.04981678009033,33.174072759562186
2015-04-01,Rangamati,2014,32.24,37.32,34.50400458621272,34.91265840530396,34.51107576766009
2015-05-01,Rangamati,2014,33.59,34.52,33.07188878315774,32.996714973449706,32.94156261014188
2015-06-01,Rangamati,2014,32.23,32.46,32.24574495611155,32.32421825408936,32.0923061389572
2015-07-01,Rangamati,2014,30.53,33.22,31.782341749829968,31.91542646408081,31.628140558707898
2015-08-01,Rangamati,2014,31.46,31.89,31.826448165132028,31.57698064804077,31.605468067521873
2015-09-01,Rangamati,2014,32.41,32.27,32.266149304964024,32.17427587509155,32.03686931696155
2015-10-01,Rangamati,2014,31.58,32.51,32.158126611324626,32.20001504898072,31.92654626715234
2015-11-01,Rangamati,2014,29.61,30.49,29.84670537343515,29.420684366226197,29.592220524045594
2015-12-01,Rangamati,2014,25.37,27.49,27.036841093043243,26.82765555858612,26.76665839819434
2016-01-01,Rangamati,2014,25.35,26.16,26.004389118669277,25.385990462303162,25.691774958654683
2016-02-01,Rangamati,2014,29.77,29.3,29.184872827034393,29.675459880828857,28.84908346089342
2016-03-01,Rangamati,2014,32.85,33.7,33.16501485359366,33.21569267272949,32.83653762030557
2016-04-01,Rangamati,2014,33.71,32.24,34.150258290178016,33.91254909515381,33.812697537495545
2016-05-01,Rangamati,2014,33.57,33.59,33.49296821602618,32.870311965942385,33.212244628295956
2016-06-01,Rangamati,2014,32.66,32.23,32.37993695500622,31.67260284423828,32.09612136133646
2016-07-01,Rangamati,2014,31.5,30.53,31.919457157110163,31.223175315856935,31.663449163938715
2016-08-01,Rangamati,2014,32.13,31.46,32.19242207167399,31.785207233428956,31.983048425931063
2016-09-01,Rangamati,2014,32.74,32.41,32.62059803152818,32.31682197570801,32.4333171893136
2016-10-01,Rangamati,2014,32.37,31.58,32.3618877710225,31.69246753692627,32.18986844450563
2016-11-01,Rangamati,2014,29.07,29.61,30.173272246977284,29.06449819564819,30.03434981620343
2016-12-01,Rangamati,2014,28.21,25.37,26.91352060279511,26.296079134941102,26.766204839685496
2017-01-01,Rangamati,2014,27.83,25.35,26.871307118313826,26.47466215133667,26.78817273608005
2017-02-01,Rangamati,2014,30.6,29.77,30.29525761661669,30.62006073951721,30.27034879422008
2017-03-01,Rangamati,2014,30.64,32.85,33.77395987745616,33.40299806594849,33.77596995449923
2017-04-01,Rangamati,2014,31.92,33.71,33.64524524569322,33.13191093444824,33.59748485514601
2017-05-01,Rangamati,2014,34.0,33.57,32.78946089714804,32.97859104156494,32.655576310552206
2017-06-01,Rangamati,2014,31.66,32.66,32.31638020523131,32.61098709106445,32.14335908483156
2017-07-01,Rangamati,2014,31.4,31.5,31.574416371824935,31.5708207321167,31.3589685987201
2017-08-01,Rangamati,2014,32.68,32.13,32.06773241664314,31.860924072265625,31.839997629533666
2017-09-01,Rangamati,2014,32.48,32.74,32.77480884398521,32.52596977233887,32.557507070431804
2017-10-01,Rangamati,2014,31.59,32.37,32.34166787102228,32.02731843948364,32.13032913719845
2017-11-01,Rangamati,2014,30.31,29.07,29.885043138228614,29.061662616729734,29.667639500925702
2017-12-01,Rangamati,2014,27.58,28.21,27.30073039475792,27.85403405189514,27.122032576034663
2018-01-01,Rangamati,2017,24.97,27.83,26.84400721622938,27.69183596611023,26.658072378000583
2018-02-01,Rangamati,2017,29.58,30.6,29.259003982951974,28.951906318664548,29.026899334407105
2018-03-01,Rangamati,2017,33.11,30.64,33.00585167276631,32.30802354812622,32.760916116025136
2018-04-01,Rangamati,2017,33.7,31.92,34.152678739405715,33.90981908798218,33.98780726216879
2018-05-01,Rangamati,2017,32.17,34.0,33.609978302040695,33.27265840530396,33.471783331390114
2018-06-01,Rangamati,2017,31.79,31.66,31.880308912669374,31.706998119354246,31.665214490346482
2018-07-01,Rangamati,2017,31.91,31.4,31.450816968096664,31.437941875457764,31.21796084602218
2018-08-01,Rangamati,2017,32.96,32.68,32.20776711529845,31.983485050201416,31.972780344745882
2018-09-01,Rangamati,2017,33.2,32.48,32.87627974202085,32.496486320495606,32.652559046549975
2018-10-01,Rangamati,2017,30.23,31.59,32.64175645409982,32.09071466445923,32.46375950711728
2018-11-01,Rangamati,2017,29.43,30.31,29.567591649213508,29.33406587600708,29.377589611202232
2018-12-01,Rangamati,2017,26.45,27.58,26.91197958647862,26.886194505691527,26.684010855349154
2019-01-01,Rangamati,2017,27.25,24.97,26.3452471063631,25.964277300834656,26.08518724065903
2019-02-01,Rangamati,2017,29.09,29.58,29.846052053477298,30.539969711303712,29.6438190805209
2019-03-01,Rangamati,2017,32.0,33.11,33.05325176966656,32.4034666633606,32.835807686526735
2019-04-01,Rangamati,2017,34.72,33.7,33.82248558278494,33.43221563339233,33.57623233529318
2019-05-01,Rangamati,2017,34.64,32.17,33.80846792602904,33.367563495635984,33.58361559983121
2019-06-01,Rangamati,2017,33.58,31.79,32.73829581743336,32.2491418838501,32.58393211017098
2019-07-01,Rangamati,2017,31.35,31.91,32.309632900118885,32.197637729644775,32.20819905007909
2019-08-01,Rangamati,2017,32.98,32.96,32.333349701821234,32.42276361465454,32.237265378854296
2019-09-01,Rangamati,2017,33.12,33.2,32.937334940152276,32.94411678314209,32.85404294706141
2019-10-01,Rangamati,2017,32.36,30.23,32.594698453723595,31.82030710220337,32.53522535851902
2019-11-01,Rangamati,2017,30.46,29.43,30.246100394491243,29.945925312042235,30.259017507923787
2019-12-01,Rangamati,2017,26.1,26.45,27.455648025549532,27.602320117950438,27.476529954680995
2020-01-01,Rangamati,2017,25.25,27.25,26.44510346768172,26.183671226501463,26.440127072101863
2020-02-01,Rangamati,2017,27.98,29.09,29.2422399375419,28.989020652770996,29.1515184029454
2020-03-01,Rangamati,2017,33.0,32.0,32.50777115392447,31.872146739959717,32.3547126798301
2020-04-01,Rangamati,2017,34.56,34.72,33.99985174469084,34.37022451400757,33.82443914330667
2020-05-01,Rangamati,2017,33.55,34.64,33.839471945413685,33.90070394515991,33.628254644274605
2020-06-01,Rangamati,2017,32.76,33.58,32.43179926637589,32.40978141784668,32.196090357891386
2020-07-01,Rangamati,2017,32.11,31.35,31.94139410814658,31.689050922393797,31.70302208999322
2020-08-01,Rangamati,2017,32.43,32.98,32.486407881511994,32.13835176467896,32.299072168029596
2020-09-01,Rangamati,2017,33.03,33.12,32.8264088512802,32.58138711929321,32.64659872324652
2020-10-01,Rangamati,2017,33.67,32.36,32.5376133819642,32.35639886856079,32.382988467325205
2020-11-01,Rangamati,2017,30.27,30.46,30.65709842842148,30.596667213439943,30.564042503593143
2020-12-01,Rangamati,2017,26.83,26.1,27.510615177044595,27.31553798675537,27.446110022194116
2021-01-01,Rangamati,2020,27.89,25.25,26.63546858654121,25.141599102020262,26.643394398718346
2021-02-01,Rangamati,2020,30.12,27.98,30.127095629215187,29.22639403343201,30.183207317923955
2021-03-01,Rangamati,2020,34.94,33.0,33.46092496618453,32.768249111175535,33.55413965503362
2021-04-01,Rangamati,2020,36.36,34.56,34.91627760081158,34.662812309265135,35.03474194176168
2021-05-01,Rangamati,2020,35.69,33.55,34.660654569037355,33.635786895751956,34.82705520845129
2021-06-01,Rangamati,2020,31.47,32.76,33.37031905586462,32.72215805053711,33.60566322123611
2021-07-01,Rangamati,2020,32.02,32.11,31.813667663086292,32.12755607604981,32.032880631827354
2021-08-01,Rangamati,2020,31.47,32.43,32.41752370682737,32.364498958587646,32.61479956849953
2021-09-01,Rangamati,2020,33.54,33.03,32.5011605309246,32.29269687652588,32.65198870654376
2021-10-01,Rangamati,2020,33.05,33.67,32.59645407557765,32.69601692199707,32.722268490624394
2021-11-01,Rangamati,2020,30.33,30.27,30.459620848226667,29.7869358253479,30.555585323819514
2021-12-01,Rangamati,2020,26.79,26.83,27.435187416944892,27.278112802505493,27.52969870411072
2022-01-01,Rangamati,2020,25.93,27.89,26.661915072994066,26.37829743385315,26.739971114586602
2022-02-01,Rangamati,2020,28.52,30.12,29.521354511759796,29.38837823867798,29.52872239619182
2022-03-01,Rangamati,2020,34.45,34.94,32.826273499210785,32.179806270599364,32.775808912245516
2022-04-01,Rangamati,2020,34.82,36.36,34.61068629908018,34.88151708602905,34.52771698660112
2022-05-01,Rangamati,2020,32.6,35.69,34.112490871123285,33.83782150268554,34.01641307445105
2022-06-01,Rangamati,2020,31.79,31.47,32.19320131294423,31.9452375793457,32.06058971514436
2022-07-01,Rangamati,2020,33.68,32.02,31.59602089831246,31.661117420196533,31.482542277226194
2022-08-01,Rangamati,2020,33.55,31.47,32.863211280634346,32.31576469421387,32.778405556630624
2022-09-01,Rangamati,2020,32.9,33.54,33.33352502482881,32.85806016921997,33.31625995651445
2022-10-01,Rangamati,2020,32.85,33.05,32.65877559884585,32.618094024658205,32.645666407905594
2022-11-01,Rangamati,2020,31.37,30.33,30.421431517639046,30.307792415618895,30.423328006752506
2022-12-01,Rangamati,2020,28.21,26.79,27.74901376912209,27.90602891921997,27.79308492624069
2023-01-01,Rangamati,2020,27.56,25.93,27.20166917956345,25.9909259557724,27.29573484911468
2023-02-01,Rangamati,2020,30.7,28.52,30.188585776995854,29.107577333450315,30.325075290074754
2023-03-01,Rangamati,2020,32.84,34.45,33.770150154154116,33.155744342803956,33.948423463780365
2023-04-01,Rangamati,2020,35.75,34.82,34.39063262364406,33.73025484085083,34.520433444505976
2023-05-01,Rangamati,2020,34.84,32.6,34.31425845831239,33.614921226501465,34.455085799227724
2023-06-01,Rangamati,2020,33.19,31.79,32.97206397758243,32.38076560974121,33.16049833493022
2023-07-01,Rangamati,2020,33.89,33.68,32.334425636859,32.41761405944824,32.53572976905448
2023-08-01,Rangamati,2020,30.62,33.55,33.163177643793205,32.8283288192749,33.355339167801866
2023-09-01,Rangamati,2020,33.62,32.9,32.49767926279603,32.19676813125611,32.63848245099512
2023-10-01,Rangamati,2020,31.98,32.85,32.6572948694896,32.879736785888674,32.792939440045416
2023-11-01,Rangamati,2020,30.44,31.37,30.1814424449179,30.699188327789308,30.28028672937692
2023-12-01,Rangamati,2020,27.45,28.21,27.401916897544663,27.684518671035768,27.458390474451736
2012-01-01,Rangpur,2011,21.97,20.98,22.31907151836666,21.58207470059395,22.40819639316256
2012-02-01,Rangpur,2011,26.5,26.8,25.98643472898306,25.864508931040763,26.073831699542232
2012-03-01,Rangpur,2011,30.79,29.88,30.311406970198952,30.526288005709645,30.330860277735447
2012-04-01,Rangpur,2011,31.38,31.58,31.577571750459803,32.37340604782104,31.6039904428261
2012-05-01,Rangpur,2011,33.27,31.73,31.975665550861617,31.982691078186036,31.987216812608306
2012-06-01,Rangpur,2011,31.91,32.76,32.277054601912056,32.20760460376739,32.33331935727537
2012-07-01,Rangpur,2011,31.69,32.25,31.981267627602843,32.0868587744236,32.031353353423725
2012-08-01,Rangpur,2011,32.76,32.21,32.21578235037311,32.01533949136734,32.27232449913228
2012-09-01,Rangpur,2011,31.98,32.57,32.02734398606822,32.013941638469696,32.11003198988325
2012-10-01,Rangpur,2011,31.24,32.24,30.750959973277777,30.951357221603395,30.82837444757824
2012-11-01,Rangpur,2011,28.38,28.04,28.80368473234949,27.925249568223954,28.874007345095613
2012-12-01,Rangpur,2011,22.73,23.29,25.166298199055944,24.740165688693523,25.277882162937264
2013-01-01,Rangpur,2011,22.52,21.97,21.841891875234886,21.76028900295496,21.929774589736137
2013-02-01,Rangpur,2011,27.27,26.5,26.26170544690574,26.552178390026093,26.311696467932883
2013-03-01,Rangpur,2011,31.59,30.79,30.4816678597567,30.98496351599693,30.512453970611013
2013-04-01,Rangpur,2011,31.23,31.38,31.904814470435277,32.45208178460598,31.957584924408977
2013-05-01,Rangpur,2011,31.08,33.27,31.862203193850043,31.90761933803558,31.931936192880315
2013-06-01,Rangpur,2011,33.37,31.91,31.60991015508532,31.661683965325352,31.629568147176023
2013-07-01,Rangpur,2011,32.8,31.69,32.471603104308244,32.13026009559631,32.545440181400075
2013-08-01,Rangpur,2011,32.18,32.76,32.57743568483931,32.353870047926904,32.701665488178726
2013-09-01,Rangpur,2011,32.94,31.98,31.924311281394882,32.014575197696686,32.05104679027702
2013-10-01,Rangpur,2011,30.05,31.24,31.252449335512505,30.990497102737425,31.420473690469954
2013-11-01,Rangpur,2011,28.63,28.38,28.263518422483315,27.629196392297743,28.409381244707287
2013-12-01,Rangpur,2011,24.36,22.73,25.09233161219687,24.533493389189243,25.248866137178496
2014-01-01,Rangpur,2011,22.22,22.52,22.416221593218264,22.60605474472046,22.60849037537277
2014-02-01,Rangpur,2011,24.36,27.27,26.221363025412106,26.23802980720997,26.351834791156897
2014-03-01,Rangpur,2011,30.44,31.59,29.482980924799428,29.74533952116966,29.499850929962204
2014-04-01,Rangpur,2011,34.29,31.23,31.41824357537368,32.47044871687889,31.372863814112804
2014-05-01,Rangpur,2011,33.28,31.08,33.10077261676292,32.68204995632172,33.142915970881816
2014-06-01,Rangpur,2011,32.64,33.37,32.33307269758092,32.46264487624168,32.45723284707204
2014-07-01,Rangpur,2011,33.2,32.8,32.230635245688056,32.444766941070554,32.35868073571714
2014-08-01,Rangpur,2011,32.04,32.18,32.85274620129656,32.547773112058636,33.04215734267484
2014-09-01,Rangpur,2011,31.44,32.94,31.886372363247766,32.05988348186016,32.110827944301306
2014-10-01,Rangpur,2011,31.49,30.05,30.815250192681937,30.30495584964752,31.00668068466219
2014-11-01,Rangpur,2011,29.36,28.63,28.75283012570455,27.797297002673147,28.98694559571942
2014-12-01,Rangpur,2011,24.14,24.36,25.143610802084627,25.0177771371603,25.381287172344063
2015-01-01,Rangpur,2014,22.4,22.22,22.506623577899106,22.130088347196576,22.685248565969612
2015-02-01,Rangpur,2014,26.49,24.36,26.45287038024263,25.985555826723576,26.606376841332303
2015-03-01,Rangpur,2014,30.19,30.44,30.43455471559734,30.742589399814605,30.611372235542028
2015-04-01,Rangpur,2014,30.24,34.29,31.341898022757466,32.39287542343139,31.448689659721687
2015-05-01,Rangpur,2014,32.04,33.28,31.577891800226027,32.002532544136045,31.538113980460402
2015-06-01,Rangpur,2014,31.62,32.64,32.067096725040976,31.990298817157743,31.999669063388694
2015-07-01,Rangpur,2014,32.99,33.2,31.822994443992368,31.93813326001167,31.723024374728347
2015-08-01,Rangpur,2014,31.92,32.04,32.639775973396546,32.204400352835655,32.533021145213226
2015-09-01,Rangpur,2014,32.24,31.44,31.873397585641708,32.00853878617286,31.795317895462617
2015-10-01,Rangpur,2014,32.26,31.49,30.87708505208119,31.36663518190384,30.825698056095767
2015-11-01,Rangpur,2014,29.25,29.36,29.018388096444163,29.411142057180406,28.99834998971566
2015-12-01,Rangpur,2014,24.41,24.14,25.054136482644957,25.76945493400097,25.06719456622163
2016-01-01,Rangpur,2014,23.13,22.4,22.544152687701235,22.316337161064148,22.607533164257745
2016-02-01,Rangpur,2014,27.88,26.49,26.487081090852787,25.35860246032476,26.57702533215106
2016-03-01,Rangpur,2014,31.2,30.19,31.02003332853242,30.451979302167892,31.16262130689467
2016-04-01,Rangpur,2014,32.88,30.24,32.059277730523775,31.996297516822814,32.24991771561271
2016-05-01,Rangpur,2014,31.26,32.04,32.60751064847402,32.19548275530338,32.875407616946234
2016-06-01,Rangpur,2014,33.03,31.62,31.919479490030508,31.828801553249356,32.153033336212644
2016-07-01,Rangpur,2014,31.93,32.99,32.50136093263295,32.10378637075424,32.75501979196595
2016-08-01,Rangpur,2014,33.94,31.92,32.307442754448026,31.89980544090271,32.504834345168625
2016-09-01,Rangpur,2014,32.32,32.24,32.61763993901152,32.14785016357899,32.863266493490556
2016-10-01,Rangpur,2014,32.09,32.26,31.09976668802623,30.992845294475554,31.33590157904564
2016-11-01,Rangpur,2014,29.85,29.25,29.132925896864123,28.384091010689737,29.35144104340567
2016-12-01,Rangpur,2014,27.01,24.41,25.282070029029814,25.411037028729915,25.529833128711925
2017-01-01,Rangpur,2014,25.27,23.13,23.57443618638088,23.537865749001504,23.909514608544526
2017-02-01,Rangpur,2014,27.64,27.88,27.43059785025752,25.699087119698525,27.834882532457353
2017-03-01,Rangpur,2014,27.99,31.2,31.106545661068587,29.662192414999005,31.529286901284156
2017-04-01,Rangpur,2014,30.37,32.88,30.938656923271115,30.786367839574815,31.29623537664229
2017-05-01,Rangpur,2014,32.35,31.26,31.86929629072883,31.575033427476882,32.12284279725374
2017-06-01,Rangpur,2014,33.42,33.03,32.27773143435583,31.932162215709685,32.51534778617266
2017-07-01,Rangpur,2014,32.37,31.93,32.81646191334044,32.10209687948227,33.00098266106184
2017-08-01,Rangpur,2014,32.75,33.94,32.43609347508246,32.08129753232002,32.60895347480329
2017-09-01,Rangpur,2014,32.91,32.32,32.3065900003613,32.027043995261195,32.4127977710933
2017-10-01,Rangpur,2014,31.36,32.09,31.468616547054822,31.604918818473813,31.5907630677917
2017-11-01,Rangpur,2014,29.18,29.85,28.925170630136993,29.519222987294196,29.016523886159703
2017-12-01,Rangpur,2014,26.69,27.01,24.985784282932478,26.30663962036371,25.063296041368044
2018-01-01,Rangpur,2017,21.41,25.27,23.578752397154872,25.07566672593355,23.601807089153585
2018-02-01,Rangpur,2017,26.75,27.64,26.238511692679175,25.010738218724725,26.199719890455963
2018-03-01,Rangpur,2017,30.99,27.99,30.84623838011835,29.811756389737127,30.80978486253469
2018-04-01,Rangpur,2017,30.6,30.37,32.09143849136094,32.470236273407934,32.15431945076882
2018-05-01,Rangpur,2017,31.1,32.35,31.822739766660185,32.494067654013634,31.849904394052103
2018-06-01,Rangpur,2017,33.35,33.42,31.963056869831885,32.504448471665384,31.91149986093232
2018-07-01,Rangpur,2017,33.32,32.37,32.73540211428876,32.80179767847061,32.645637791939755
2018-08-01,Rangpur,2017,33.59,32.75,32.968609715003986,33.04041946470737,32.91494193355542
2018-09-01,Rangpur,2017,32.99,32.91,32.59627294249629,33.14324964702129,32.57083751044079
2018-10-01,Rangpur,2017,30.82,31.36,31.65316229138957,32.46204148650169,31.652978248424773
2018-11-01,Rangpur,2017,29.25,29.18,28.864686875614726,30.020937784910203,28.877567913752912
2018-12-01,Rangpur,2017,25.68,26.69,25.233561648031035,26.71164047062397,25.25418729585003
2019-01-01,Rangpur,2017,25.71,21.41,23.424615071172695,23.76795208454132,23.420685357455632
2019-02-01,Rangpur,2017,26.35,26.75,27.757959658235524,26.751183240115644,27.902521750832463
2019-03-01,Rangpur,2017,30.14,30.99,30.4247641946311,29.79973007798195,30.566603501023053
2019-04-01,Rangpur,2017,31.08,30.6,31.800109644756745,31.9502425378561,31.931846433143978
2019-05-01,Rangpur,2017,32.06,31.1,32.11626283506412,32.386850325465204,32.25725954950885
2019-06-01,Rangpur,2017,33.74,33.35,32.4402214066535,32.67237435042858,32.56101369832893
2019-07-01,Rangpur,2017,32.82,33.32,32.8898750306068,32.99750588357448,32.97050377279813
2019-08-01,Rangpur,2017,34.17,33.59,32.86150755232251,32.97194604277611,32.9276834509825
2019-09-01,Rangpur,2017,31.59,32.99,32.92493581922875,33.129711089730264,33.01245492759108
2019-10-01,Rangpur,2017,30.69,30.82,31.20718065600254,31.849936535954477,31.27482158534805
2019-11-01,Rangpur,2017,29.94,29.25,28.85572228907498,29.444538422226906,28.921467079919182
2019-12-01,Rangpur,2017,23.55,25.68,25.66189099392497,26.86855700075626,25.72050380198449
2020-01-01,Rangpur,2017,22.5,25.71,22.388743920597058,23.70548741877079,22.376775241933785
2020-02-01,Rangpur,2017,26.05,26.35,26.66501778035142,26.342879459559917,26.547685247676924
2020-03-01,Rangpur,2017,29.87,30.14,30.280017981357958,30.46284283161163,30.167957474134873
2020-04-01,Rangpur,2017,31.39,31.08,31.462000440236793,32.54214650273323,31.317536937453955
2020-05-01,Rangpur,2017,31.58,32.06,32.042585384455364,32.82678555607796,31.890235613520247
2020-06-01,Rangpur,2017,32.94,33.74,32.29373201659904,32.79189454436302,32.11175477496087
2020-07-01,Rangpur,2017,32.0,32.82,32.57603494707384,32.89442931711674,32.35941086421735
2020-08-01,Rangpur,2017,34.12,34.17,32.49399474617167,32.825573748350145,32.27969729639214
2020-09-01,Rangpur,2017,31.49,31.59,32.84548717443414,32.966122074723245,32.648040950358855
2020-10-01,Rangpur,2017,33.1,30.69,30.972268625516325,32.00243700742722,30.829135240589032
2020-11-01,Rangpur,2017,29.48,29.94,29.632536745781323,30.439142185449597,29.57373369143173
2020-12-01,Rangpur,2017,25.14,23.55,25.523324147343224,26.823178321123123,25.482982074055553
2021-01-01,Rangpur,2020,22.67,22.5,23.184371469681825,23.778255592882633,23.22962797684556
2021-02-01,Rangpur,2020,28.12,26.05,26.574757621876586,25.600795559585094,26.612306832546587
2021-03-01,Rangpur,2020,31.26,29.87,30.949534430048555,30.362247705459595,31.043517850895913
2021-04-01,Rangpur,2020,33.34,31.39,31.91541485274324,32.2066756349802,32.05232260984705
2021-05-01,Rangpur,2020,31.82,31.58,32.800765182203975,32.71966125011444,32.99640423331108
2021-06-01,Rangpur,2020,32.7,32.94,32.64410111584908,32.51420955777168,32.85909682841799
2021-07-01,Rangpur,2020,33.23,32.0,32.61101119028975,32.37730293989181,32.80098213639896
2021-08-01,Rangpur,2020,33.01,34.12,33.15277142735965,32.39090435028076,33.36631373243966
2021-09-01,Rangpur,2020,33.73,31.49,32.44801597757722,32.03058513879776,32.603430579512235
2021-10-01,Rangpur,2020,32.38,33.1,31.76947274005347,31.488235813379287,31.993690559540745
2021-11-01,Rangpur,2020,29.56,29.48,29.62162951514996,29.09208213329315,29.809179343503043
2021-12-01,Rangpur,2020,26.97,25.14,25.4206580833461,26.05835857003927,25.63077840281747
2022-01-01,Rangpur,2020,23.49,22.67,23.918947205520386,24.25377573341131,24.18876038896869
2022-02-01,Rangpur,2020,24.51,28.12,26.94071771256987,25.516452987492084,27.237650116615875
2022-03-01,Rangpur,2020,32.22,31.26,29.843503578596803,29.12433331489563,30.01672687398368
2022-04-01,Rangpur,2020,30.58,33.34,32.29172014025659,32.5572790145874,32.463534852297656
2022-05-01,Rangpur,2020,32.09,31.82,31.913819714275412,32.325421478748325,31.994261331675286
2022-06-01,Rangpur,2020,31.83,32.7,32.80573337947627,32.49898025214672,32.88542342494272
2022-07-01,Rangpur,2020,34.75,33.23,32.2636761994888,32.318476211428646,32.282699530417524
2022-08-01,Rangpur,2020,34.07,33.01,33.83517392173631,32.69278526544571,33.8635808493044
2022-09-01,Rangpur,2020,32.82,33.73,32.69731027981222,32.837983464002605,32.76159494273156
2022-10-01,Rangpur,2020,32.04,32.38,31.748897338686337,32.060474300980566,31.79986554693235
2022-11-01,Rangpur,2020,30.09,29.56,29.516676360499293,29.91435904383659,29.579125075640093
2022-12-01,Rangpur,2020,26.55,26.97,25.587876134457368,26.929650840461253,25.689797726836833
2023-01-01,Rangpur,2020,23.94,23.49,23.76516361769642,24.15357155352831,23.8717174475479
2023-02-01,Rangpur,2020,27.68,24.51,27.3337888183895,25.100483643114565,27.49753886885084
2023-03-01,Rangpur,2020,30.71,32.22,30.962149671390947,29.886981491446495,31.23084163723269
2023-04-01,Rangpur,2020,34.08,30.58,32.074494194113285,31.8036452293396,32.26759177771023
2023-05-01,Rangpur,2020,34.01,32.09,33.0750345160489,32.78281981408596,33.37406874258519
2023-06-01,Rangpur,2020,33.66,31.83,33.63478980939589,32.92801926970482,33.97832151540222
2023-07-01,Rangpur,2020,33.99,34.75,33.12139801076117,32.853933066129684,33.51873526726595
2023-08-01,Rangpur,2020,33.4,34.07,33.772302261489784,32.53625716745853,34.119988490128094
2023-09-01,Rangpur,2020,33.86,32.82,32.822734835676165,31.929839165210723,33.166187945924754
2023-10-01,Rangpur,2020,31.83,32.04,32.31441142113013,31.009931280612946,32.67223343237058
2023-11-01,Rangpur,2020,30.98,30.09,29.62210227621747,28.66000479698181,29.956505207767748
2023-12-01,Rangpur,2020,26.7,26.55,26.223182590770207,26.456631624698637,26.556237727881054
2012-01-01,Sylhet,2011,24.79,24.08,26.32535251402299,26.857085149884224,26.678871958351415
2012-02-01,Sylhet,2011,29.29,29.25,28.10925806315646,28.539399802088738,28.469431653426255
2012-03-01,Sylhet,2011,32.35,31.37,31.45733147885289,31.384798791408542,31.75148966689072
2012-04-01,Sylhet,2011,30.3,33.23,32.10483756854978,31.894163765907287,32.406129583018775
2012-05-01,Sylhet,2011,32.95,31.75,31.776114098308085,31.633095928430556,31.999195459268083
2012-06-01,Sylhet,2011,30.88,32.55,31.97171711070911,32.12569074869156,32.20781304450311
2012-07-01,Sylhet,2011,33.12,32.49,32.08949706472801,32.185755261182784,32.2768401831678
2012-08-01,Sylhet,2011,32.95,32.56,32.92531717290188,32.626209857463834,33.1006764632189
2012-09-01,Sylhet,2011,32.55,33.64,32.5368373198592,32.93157462716103,32.72927732767396
2012-10-01,Sylhet,2011,31.84,33.49,31.913964815518156,32.47321911096573,32.069889089213135
2012-11-01,Sylhet,2011,29.15,29.82,30.295146508314026,30.249508776664733,30.41065895109581
2012-12-01,Sylhet,2011,24.7,27.71,27.255227496777668,27.908170750141146,27.372194894599588
2013-01-01,Sylhet,2011,25.6,24.79,25.930725126896565,25.950158620774747,25.947963313502626
2013-02-01,Sylhet,2011,31.24,29.29,28.123666209927947,29.795942273139953,28.110415813667984
2013-03-01,Sylhet,2011,34.21,32.35,32.09388438282042,31.791629531383514,32.07279405226138
2013-04-01,Sylhet,2011,32.98,30.3,32.8055618593805,32.02092814683914,32.85376899135255
2013-05-01,Sylhet,2011,30.45,32.95,32.13963602587737,32.347218778133396,32.33252434171388
2013-06-01,Sylhet,2011,34.06,30.88,31.744947294346762,32.24278271436691,31.9106602327477
2013-07-01,Sylhet,2011,33.21,33.12,32.42751166396416,32.91526366710663,32.69986325866452
2013-08-01,Sylhet,2011,32.58,32.95,33.338660928602394,33.17007243275643,33.64641703551064
2013-09-01,Sylhet,2011,32.83,32.55,32.42698594960959,32.72636648654938,32.76073801102399
2013-10-01,Sylhet,2011,31.47,31.84,32.15905680445678,31.524801995754245,32.51445586882768
2013-11-01,Sylhet,2011,30.1,29.15,30.403943934328602,29.380483784675597,30.749122848889456
2013-12-01,Sylhet,2011,26.2,24.7,27.696111387771378,27.984789531826973,28.048812874563183
2014-01-01,Sylhet,2011,27.15,25.6,26.048323138812414,27.448966362476348,26.401958524870604
2014-02-01,Sylhet,2011,27.37,31.24,28.389939691701787,30.337542041540146,28.707993242906582
2014-03-01,Sylhet,2011,32.41,34.21,31.236923623390194,30.787993677854537,31.391531162773852
2014-04-01,Sylhet,2011,34.95,32.98,32.038093913004815,31.858359375,32.12320006881504
2014-05-01,Sylhet,2011,32.37,30.45,32.8527401397899,32.232502504587174,33.02371865141578
2014-06-01,Sylhet,2011,32.08,34.06,32.104893817848634,32.66790468931198,32.3858851174467
2014-07-01,Sylhet,2011,34.19,33.21,32.14912894915558,32.83608328342438,32.38937150481397
2014-08-01,Sylhet,2011,32.47,32.58,33.35647333345347,33.278844054937366,33.657377511469576
2014-09-01,Sylhet,2011,32.23,32.83,32.69396259876687,32.973104276657104,33.054038888918356
2014-10-01,Sylhet,2011,33.12,31.47,32.22148650458909,31.70203947067261,32.56927569942663
2014-11-01,Sylhet,2011,31.22,30.1,30.549621501756448,30.495330729484557,30.93565600851774
2014-12-01,Sylhet,2011,27.85,26.2,28.109141201037264,29.00804541349411,28.523654634015394
2015-01-01,Sylhet,2014,27.22,27.15,26.062893710778805,27.47222559452057,26.38311265785635
2015-02-01,Sylhet,2014,28.75,27.37,29.241278230110975,28.342194814682006,29.548066461814173
2015-03-01,Sylhet,2014,33.08,32.41,31.73894041793389,30.38369712948799,32.066275291138076
2015-04-01,Sylhet,2014,30.55,34.95,31.83368509520635,32.080926339626316,32.151508028179144
2015-05-01,Sylhet,2014,31.24,32.37,32.0665575016066,31.76803621053696,32.289189840644404
2015-06-01,Sylhet,2014,32.08,32.08,31.63292800232085,31.885939900875094,31.82234482728567
2015-07-01,Sylhet,2014,32.59,34.19,32.416773898702274,32.20396183729172,32.57686717230835
2015-08-01,Sylhet,2014,31.99,32.47,33.116372173099826,32.09924558520317,33.21681611389404
2015-09-01,Sylhet,2014,32.66,32.23,32.64154149230113,31.741986589431765,32.72141613971492
2015-10-01,Sylhet,2014,32.96,33.12,32.25865731963093,31.744163993597034,32.31711253476044
2015-11-01,Sylhet,2014,30.58,31.22,30.31888002509176,31.042496370077135,30.353642067752894
2015-12-01,Sylhet,2014,26.07,27.85,27.517102943347545,28.840273758769037,27.54397496657345
2016-01-01,Sylhet,2014,24.6,27.22,25.748760840253546,26.9797958779335,25.750552378966244
2016-02-01,Sylhet,2014,29.1,28.75,28.879430980746164,28.180543926358226,28.802282106463494
2016-03-01,Sylhet,2014,32.04,33.08,31.88562704468697,30.508007934093477,31.79578549024474
2016-04-01,Sylhet,2014,31.0,30.55,32.20532119393208,31.420094947814945,32.077697691435255
2016-05-01,Sylhet,2014,31.25,31.24,31.943053918164548,31.888119390010836,31.819132611106248
2016-06-01,Sylhet,2014,33.15,32.08,31.944930341973993,32.055116490125656,31.80336044713314
2016-07-01,Sylhet,2014,32.59,32.59,32.8200436331548,32.61346393823624,32.68102646644176
2016-08-01,Sylhet,2014,34.32,31.99,33.18520546296801,32.5617219209671,33.05813808722557
2016-09-01,Sylhet,2014,33.29,32.66,33.0629084114248,33.3527110695839,33.013936857172936
2016-10-01,Sylhet,2014,33.18,32.96,32.484510127414886,32.78129780650139,32.482134644877306
2016-11-01,Sylhet,2014,29.59,30.58,30.422952732979507,30.98796257734299,30.46162892795106
2016-12-01,Sylhet,2014,28.62,26.07,27.39774388890324,27.232399433255196,27.45239127687072
2017-01-01,Sylhet,2014,27.75,24.6,26.536678244862152,26.77341299057007,26.672684249525933
2017-02-01,Sylhet,2014,29.65,29.1,29.434608106081868,28.385756797790528,29.657058305517644
2017-03-01,Sylhet,2014,28.06,32.04,32.293904955319206,30.054901455640795,32.55140824476205
2017-04-01,Sylhet,2014,29.75,31.0,31.724199256361093,30.449439723491672,31.879146392785213
2017-05-01,Sylhet,2014,32.83,31.25,31.46648001740749,31.331212656497957,31.509619326053418
2017-06-01,Sylhet,2014,31.36,33.15,32.20898755013125,32.415031043291094,32.197597081860174
2017-07-01,Sylhet,2014,32.68,32.59,32.85626155691037,32.27141341209412,32.7471947976483
2017-08-01,Sylhet,2014,32.4,34.32,32.797055608248954,32.63098047018052,32.65010889688247
2017-09-01,Sylhet,2014,32.28,33.29,32.71845607434187,32.39282958269119,32.51361277712054
2017-10-01,Sylhet,2014,32.05,33.18,32.3132083878753,31.969581271409993,32.0843827600103
2017-11-01,Sylhet,2014,30.78,29.59,30.41835270275596,30.585625824928286,30.166717325720708
2017-12-01,Sylhet,2014,27.03,28.62,27.425202499888513,29.193649497032165,27.214164838207104
2018-01-01,Sylhet,2017,24.81,27.75,26.237576476402733,26.155939949750902,25.896907285077457
2018-02-01,Sylhet,2017,28.5,29.65,28.66446641045078,27.556247124671938,28.283658114387194
2018-03-01,Sylhet,2017,31.51,28.06,32.43494317681717,30.895804102420808,32.0467608797415
2018-04-01,Sylhet,2017,30.99,29.75,32.3112738747118,31.73962640285492,32.00149696784897
2018-05-01,Sylhet,2017,30.42,32.83,31.747406732795213,31.544228529930116,31.42739779096378
2018-06-01,Sylhet,2017,32.65,31.36,31.95323390818076,31.486677784919742,31.531887193244636
2018-07-01,Sylhet,2017,33.36,32.68,32.84041619765326,32.00018099308014,32.42168265197032
2018-08-01,Sylhet,2017,33.87,32.4,33.17463604952586,32.64054631471634,32.77368481363061
2018-09-01,Sylhet,2017,32.9,32.28,33.0639545597823,33.1808010840416,32.719975737794954
2018-10-01,Sylhet,2017,31.21,32.05,32.601627416917154,32.67869015455246,32.308741138189724
2018-11-01,Sylhet,2017,29.56,30.78,30.207802899852883,30.040429675579073,29.92037487360648
2018-12-01,Sylhet,2017,27.0,27.03,27.214275664672904,26.819597866535187,26.90750692428793
2019-01-01,Sylhet,2017,27.85,24.81,26.334795342082955,25.246877185702324,26.03190702373511
2019-02-01,Sylhet,2017,28.33,28.5,29.40798558219741,29.70288824558258,29.18055492431838
2019-03-01,Sylhet,2017,31.06,31.51,32.308055746520566,30.935871675014496,32.09112237371972
2019-04-01,Sylhet,2017,32.49,30.99,32.049429118552396,31.601423439979555,31.827374691872766
2019-05-01,Sylhet,2017,32.33,30.42,32.25113676580156,31.78268104314804,32.05131178524055
2019-06-01,Sylhet,2017,32.76,32.65,32.40831207187668,32.128545675277714,32.2355344483307
2019-07-01,Sylhet,2017,32.39,33.36,32.86122350422624,32.63246635913849,32.68189808819214
2019-08-01,Sylhet,2017,34.38,33.87,33.01380105331079,32.97205106019974,32.824990427661845
2019-09-01,Sylhet,2017,33.24,32.9,33.16481309379456,33.339974679946906,33.00533850671195
2019-10-01,Sylhet,2017,31.55,31.21,32.920294209298284,32.100134477615356,32.807178913972216
2019-11-01,Sylhet,2017,30.14,29.56,30.313292887942506,29.611873029470445,30.224799805772417
2019-12-01,Sylhet,2017,26.15,27.0,27.495056214435017,27.42431679546833,27.403675119769805
2020-01-01,Sylhet,2017,24.71,27.85,26.091774804290203,25.85169323951006,25.95309788832241
2020-02-01,Sylhet,2017,28.12,28.33,28.905175877004776,28.62067250609398,28.657787906405133
2020-03-01,Sylhet,2017,31.88,31.06,31.83182556431889,31.25874047279358,31.54168723835422
2020-04-01,Sylhet,2017,32.84,32.49,32.01613391025165,31.865730282068256,31.71051466695097
2020-05-01,Sylhet,2017,31.56,32.33,32.41216580650007,31.796468257904053,32.09542764314468
2020-06-01,Sylhet,2017,32.14,32.76,32.20016356156462,31.987949861288072,31.872936027465236
2020-07-01,Sylhet,2017,31.9,32.39,32.83057401725642,32.34080609440804,32.498830755929774
2020-08-01,Sylhet,2017,33.72,34.38,32.80545505458354,32.647284939289094,32.47361921952968
2020-09-01,Sylhet,2017,31.98,33.24,32.99975338692336,32.98163358449936,32.66342652695805
2020-10-01,Sylhet,2017,32.67,31.55,32.67514251108256,31.760207841396333,32.34596877025689
2020-11-01,Sylhet,2017,30.31,30.14,30.53692477258919,29.885124394893648,30.253261810963362
2020-12-01,Sylhet,2017,26.62,26.15,27.700565340402996,27.23377829372883,27.42894847507388
2021-01-01,Sylhet,2020,26.56,24.71,26.332709627602778,25.24538017690182,26.142700329619828
2021-02-01,Sylhet,2020,29.59,28.12,29.12750653184076,28.855377632379533,28.958064479490147
2021-03-01,Sylhet,2020,33.27,31.88,32.0797178314319,31.546795823574065,31.93162290788289
2021-04-01,Sylhet,2020,33.84,32.84,32.26356273147598,32.23210129380226,32.154933706407824
2021-05-01,Sylhet,2020,33.07,31.56,32.59037476923552,32.452760668992994,32.54312695503513
2021-06-01,Sylhet,2020,32.15,32.14,32.608453603617896,32.797684979438785,32.65302268512901
2021-07-01,Sylhet,2020,32.98,31.9,32.874908280574196,32.80335609912873,32.95625689047993
2021-08-01,Sylhet,2020,31.84,33.72,33.10352924415356,33.03675742387772,33.22180597698754
2021-09-01,Sylhet,2020,34.56,31.98,32.75149978700472,32.18310796260834,32.82062983037159
2021-10-01,Sylhet,2020,33.54,32.67,32.78362421551756,32.405128128528595,32.891756037579974
2021-11-01,Sylhet,2020,30.41,30.31,30.85731924407655,30.64036950469017,30.990353985927864
2021-12-01,Sylhet,2020,27.33,26.62,27.68679890096683,27.95008414745331,27.826027463041804
2022-01-01,Sylhet,2020,25.9,26.56,26.43276461903039,26.505283702611923,26.5751203340149
2022-02-01,Sylhet,2020,26.68,29.59,28.91231823326901,29.010805926322938,29.00899541710003
2022-03-01,Sylhet,2020,33.54,33.27,31.3539076997726,30.884231126308443,31.34473223403581
2022-04-01,Sylhet,2020,32.06,33.84,32.20410232255695,32.59410498738289,32.154927542064755
2022-05-01,Sylhet,2020,31.13,33.07,32.26422937900776,32.150927138328555,32.17762687409446
2022-06-01,Sylhet,2020,29.85,32.15,32.22686014129542,32.07631507992745,32.10499834436996
2022-07-01,Sylhet,2020,34.02,32.98,32.29429033792366,31.781402261257174,32.10218976238576
2022-08-01,Sylhet,2020,34.3,31.84,33.55840598755097,32.576273624897006,33.35263900130043
2022-09-01,Sylhet,2020,33.28,34.56,33.111298874626094,33.361702852249145,32.95423088918367
2022-10-01,Sylhet,2020,32.11,33.54,32.53801203923741,33.033242163658144,32.36897552613481
2022-11-01,Sylhet,2020,31.32,30.41,30.50754987029081,30.60166897773743,30.343100737149328
2022-12-01,Sylhet,2020,27.34,27.33,27.731989358326576,28.27703531742096,27.619857407634047
2023-01-01,Sylhet,2020,26.48,25.9,26.531612629175754,25.64368616014719,26.44975300459289
2023-02-01,Sylhet,2020,29.07,26.68,29.267494945748766,28.00679325938225,29.210538240954804
2023-03-01,Sylhet,2020,30.77,33.54,31.797805401050457,31.465123360157015,31.788343224066097
2023-04-01,Sylhet,2020,33.3,32.06,32.00171036295214,31.744637281894686,31.911206775266677
2023-05-01,Sylhet,2020,33.34,31.13,32.46267097785993,32.15180699586868,32.39083053021248
2023-06-01,Sylhet,2020,31.9,29.85,32.99551902713313,32.47405864238739,32.98445088615075
2023-07-01,Sylhet,2020,33.18,34.02,32.60274731899819,32.73432411670685,32.634007664459325
2023-08-01,Sylhet,2020,32.0,34.3,33.2991272277651,33.070890475511554,33.29274410097266
2023-09-01,Sylhet,2020,34.4,33.28,32.714648347246815,32.618155121803284,32.661951828681275
2023-10-01,Sylhet,2020,31.78,32.11,32.84763549556791,32.57814731836319,32.813910498324105
2023-11-01,Sylhet,2020,30.74,31.32,30.460596954281332,30.49276679992676,30.426570481589504
2023-12-01,Sylhet,2020,27.51,27.34,27.566378760664733,27.959986367225646,27.512899977607276
2012-01-01,Srimongal,2011,24.35,23.69,25.219783166860488,24.833287734389305,25.480327690753786
2012-02-01,Srimongal,2011,29.11,28.81,28.138717956794256,28.001255784034726,28.42393193475127
2012-03-01,Srimongal,2011,33.03,31.27,31.965647593850516,31.80113855361938,32.21929275706676
2012-04-01,Srimongal,2011,32.2,33.23,33.258896040212,32.96480682849884,33.56034857037497
2012-05-01,Srimongal,2011,33.4,32.16,32.37621934235697,32.29881355524063,32.65187999087211
2012-06-01,Srimongal,2011,31.67,32.33,32.37533019810729,32.3630177116394,32.67290046060418
2012-07-01,Srimongal,2011,32.73,32.5,32.38254890597201,32.289089832305905,32.66176223180843
2012-08-01,Srimongal,2011,33.13,32.43,32.833057864828376,32.49953028917312,33.105566805671366
2012-09-01,Srimongal,2011,32.75,33.25,32.590662677912675,32.54337033987045,32.880125880227794
2012-10-01,Srimongal,2011,31.67,32.96,31.955736566962038,31.69788840770721,32.22176579995071
2012-11-01,Srimongal,2011,28.65,30.08,29.668416045049867,29.2924211359024,29.89633304103087
2012-12-01,Srimongal,2011,24.05,25.88,26.57975838260224,26.293996218442917,26.771842009700887
2013-01-01,Srimongal,2011,24.9,24.35,24.640315838587224,24.70474440217018,24.773569984417684
2013-02-01,Srimongal,2011,29.79,29.11,27.943178573274047,29.49237618207931,28.035752743364093
2013-03-01,Srimongal,2011,33.56,33.03,31.980552439450356,32.415946099758145,32.043809835803856
2013-04-01,Srimongal,2011,33.73,32.2,33.27047661584452,32.834534201622006,33.35871533154439
2013-05-01,Srimongal,2011,31.31,33.4,32.72902944764024,32.40863141775131,32.92114660864024
2013-06-01,Srimongal,2011,33.65,31.67,32.1822025403183,32.10791430234909,32.34939203621411
2013-07-01,Srimongal,2011,33.5,32.73,32.63452380251644,32.610108289718625,32.87599184803722
2013-08-01,Srimongal,2011,32.6,33.13,33.12823179520845,32.863001022338864,33.41681688836366
2013-09-01,Srimongal,2011,32.95,32.75,32.69015605942527,32.3596276974678,32.996105006704944
2013-10-01,Srimongal,2011,31.73,31.67,32.034862426858226,31.103795204162594,32.359118489002064
2013-11-01,Srimongal,2011,30.38,28.65,29.68809212864279,28.6032161450386,30.025114067978834
2013-12-01,Srimongal,2011,26.51,24.05,26.78772019373164,26.746269438266754,27.172184938601045
2014-01-01,Srimongal,2011,25.68,24.9,25.282307479045567,25.838189247846604,25.73912784382478
2014-02-01,Srimongal,2011,27.15,29.79,28.569781660649898,29.194129709005352,29.003139791814373
2014-03-01,Srimongal,2011,32.28,33.56,31.959463051079855,31.46996090173721,32.27526330046778
2014-04-01,Srimongal,2011,35.1,33.73,33.01722709467333,32.90221438169479,33.250706406778576
2014-05-01,Srimongal,2011,33.47,31.31,32.7124684191797,32.767890784740445,32.97245532219895
2014-06-01,Srimongal,2011,33.1,33.65,32.656759121112636,32.63017019987106,33.01691945238742
2014-07-01,Srimongal,2011,34.02,33.5,32.842692966205156,32.8325280880928,33.19898683865308
2014-08-01,Srimongal,2011,32.55,32.6,33.29472803283967,33.121778819561,33.68990350580362
2014-09-01,Srimongal,2011,32.76,32.95,32.8202333348997,32.7022585606575,33.257521639303626
2014-10-01,Srimongal,2011,32.18,31.73,32.0639278934093,31.578745100498196,32.49719979454171
2014-11-01,Srimongal,2011,30.73,30.38,29.829443280272077,29.591480824947354,30.26987754367935
2014-12-01,Srimongal,2011,26.45,26.51,26.90173847881481,27.45644602537155,27.3328934326599
2015-01-01,Srimongal,2014,26.22,25.68,25.376744709515652,25.23355174422264,25.600047063937577
2015-02-01,Srimongal,2014,28.57,27.15,28.687184653312872,28.26966974496841,28.905798529928017
2015-03-01,Srimongal,2014,31.95,32.28,32.33466268778435,31.621126863956448,32.586666096945784
2015-04-01,Srimongal,2014,31.64,35.1,33.304538550355545,32.9826061463356,33.52004274674933
2015-05-01,Srimongal,2014,32.96,33.47,32.301950475471116,32.28335509061813,32.38945946731457
2015-06-01,Srimongal,2014,32.72,33.1,32.32052078401705,32.323122475147244,32.355055966012586
2015-07-01,Srimongal,2014,32.35,34.02,32.631587800747226,32.49666950464248,32.644840120482
2015-08-01,Srimongal,2014,32.72,32.55,32.801327272645516,32.629680488109585,32.77298558303426
2015-09-01,Srimongal,2014,33.18,32.76,32.58269031214212,32.7037803864479,32.569909481524526
2015-10-01,Srimongal,2014,32.44,32.18,31.992943904679464,32.163061115741726,31.99455912063363
2015-11-01,Srimongal,2014,30.41,30.73,29.89715671000482,30.082332406044003,29.91927904518764
2015-12-01,Srimongal,2014,26.05,26.45,26.822212399986846,27.497527185678482,26.854555952193092
2016-01-01,Srimongal,2014,24.86,26.22,25.325208956492343,25.03006139755249,25.375652860014775
2016-02-01,Srimongal,2014,29.47,28.57,28.399040144034853,27.802132550477978,28.41445438629024
2016-03-01,Srimongal,2014,32.14,31.95,32.28518379568614,31.85822639226913,32.325769198352724
2016-04-01,Srimongal,2014,33.48,31.64,33.22797320512796,32.79659626245498,33.29061769223691
2016-05-01,Srimongal,2014,32.35,32.96,32.65264189543808,32.520168695449826,32.77060131682662
2016-06-01,Srimongal,2014,33.3,32.72,32.44464226768224,32.219918820858,32.53577554630449
2016-07-01,Srimongal,2014,32.8,32.35,32.778024611051,32.5684603190422,32.87473902298888
2016-08-01,Srimongal,2014,34.04,32.72,32.97583473610276,32.83741590738296,33.0918622267282
2016-09-01,Srimongal,2014,33.3,33.18,32.94791703314714,33.19811031579971,33.09948256265363
2016-10-01,Srimongal,2014,32.81,32.44,32.25034414877923,32.37457630395889,32.41683758079672
2016-11-01,Srimongal,2014,29.46,30.41,30.136199785378952,29.99191394805908,30.32592957214757
2016-12-01,Srimongal,2014,28.59,26.05,26.759920009270797,27.05863231778145,26.938386428864764
2017-01-01,Srimongal,2014,27.14,24.86,25.705168482789286,26.041969392299652,25.949205552449897
2017-02-01,Srimongal,2014,29.95,29.47,29.09091992815126,28.516147021055218,29.409729234776975
2017-03-01,Srimongal,2014,29.65,32.14,32.7582766741882,31.730567369461056,33.107909188665964
2017-04-01,Srimongal,2014,31.04,33.48,33.14235795163086,31.939443383216854,33.4435374317443
2017-05-01,Srimongal,2014,33.27,32.35,32.1770147744602,32.19311640024185,32.35649363693671
2017-06-01,Srimongal,2014,32.06,33.3,32.35552382092342,32.53534356117248,32.47810703493694
2017-07-01,Srimongal,2014,32.47,32.8,32.49310807163574,32.29871127367019,32.534345596764766
2017-08-01,Srimongal,2014,32.86,34.04,32.80323859848191,32.65661231040954,32.80363821216773
2017-09-01,Srimongal,2014,32.94,33.3,32.63105480219632,32.84595951795578,32.578600872557416
2017-10-01,Srimongal,2014,31.68,32.81,32.012907228677,32.321543309688565,31.950168834281357
2017-11-01,Srimongal,2014,30.13,29.46,29.746991469199823,29.90061912298202,29.666027665469848
2017-12-01,Srimongal,2014,26.82,28.59,26.75205464131431,27.974550608396527,26.703072628914846
2018-01-01,Srimongal,2017,23.79,27.14,25.44800364417672,26.16196349620819,25.3246510112965
2018-02-01,Srimongal,2017,28.79,29.95,28.361605564785073,27.720948103666306,28.182006677309378
2018-03-01,Srimongal,2017,32.28,29.65,31.93544994673788,31.383316013813015,31.73836238299733
2018-04-01,Srimongal,2017,31.77,31.04,33.058203673227396,32.86065009593963,32.9541836120805
2018-05-01,Srimongal,2017,31.69,33.27,32.37849262901615,32.157851729393,32.29539165799523
2018-06-01,Srimongal,2017,33.04,32.06,32.18126285638121,31.902467045783993,32.02757238087137
2018-07-01,Srimongal,2017,33.67,32.47,32.55853966717502,32.236014220714566,32.409783772858326
2018-08-01,Srimongal,2017,33.82,32.86,33.05628902357422,32.71518090724945,32.94274601062247
2018-09-01,Srimongal,2017,33.49,32.94,32.95770229684668,32.94417384624481,32.895775872303105
2018-10-01,Srimongal,2017,31.28,31.68,32.28849530308547,32.30070188999176,32.2762128829437
2018-11-01,Srimongal,2017,29.79,30.13,29.88611422015847,29.741806838512417,29.897594042504345
2018-12-01,Srimongal,2017,26.52,26.82,26.79334632172947,26.924573723077774,26.79963538625917
2019-01-01,Srimongal,2017,27.1,23.79,25.328468090091647,24.87207743883133,25.32740942325195
2019-02-01,Srimongal,2017,28.31,28.79,28.900274770374864,29.082377020120617,28.97703521484004
2019-03-01,Srimongal,2017,30.96,32.28,32.20053083246249,31.573597702980038,32.273595803092945
2019-04-01,Srimongal,2017,32.97,31.77,32.935357329972945,32.50583610296249,32.968668106375695
2019-05-01,Srimongal,2017,33.67,31.69,32.50480561868249,32.44963935375213,32.54079676605008
2019-06-01,Srimongal,2017,33.39,33.04,32.64945049431957,32.40966740608215,32.704611432023654
2019-07-01,Srimongal,2017,32.67,33.67,32.9396054088991,32.677671465873715,32.99467127074309
2019-08-01,Srimongal,2017,34.04,33.82,33.13929782940173,32.88406560182571,33.17866272925928
2019-09-01,Srimongal,2017,33.37,33.49,33.051207379556296,33.08483115196228,33.10556353371737
2019-10-01,Srimongal,2017,31.56,31.28,32.26085332814471,32.09475019931793,32.336170348188475
2019-11-01,Srimongal,2017,29.82,29.79,29.945190932699404,29.693279657363888,30.04674312795545
2019-12-01,Srimongal,2017,25.51,26.52,26.82720790927465,27.18524760365486,26.918707993140885
2020-01-01,Srimongal,2017,23.61,27.1,25.291394806116422,25.358083817958832,25.338418594703672
2020-02-01,Srimongal,2017,27.52,28.31,28.23012661190788,28.000737789869305,28.147949509345644
2020-03-01,Srimongal,2017,31.9,30.96,31.614514394287923,31.50751063585281,31.46735486207668
2020-04-01,Srimongal,2017,32.81,32.97,32.76793097878918,33.09576443195343,32.60100887265919
2020-05-01,Srimongal,2017,32.41,33.67,32.4379611551721,32.386640105247494,32.239535326673575
2020-06-01,Srimongal,2017,32.82,33.39,32.409135653122,32.074211750030514,32.17078756700672
2020-07-01,Srimongal,2017,33.04,32.67,32.66375961252885,32.29162362575531,32.42506339510767
2020-08-01,Srimongal,2017,33.94,34.04,33.08653235724888,32.68304977178573,32.890122329056766
2020-09-01,Srimongal,2017,33.07,33.37,32.99317484676818,32.911055538654324,32.832848028205746
2020-10-01,Srimongal,2017,33.27,31.56,32.13304502159641,32.080750021934506,32.01996490323622
2020-11-01,Srimongal,2017,30.7,29.82,30.160926906303793,30.182784531116482,30.138621185638904
2020-12-01,Srimongal,2017,26.33,25.51,27.042035195292918,27.573222521543503,27.089580460567344
2021-01-01,Srimongal,2020,25.81,23.61,25.481459761185906,24.13548373043537,25.604106811535257
2021-02-01,Srimongal,2020,29.38,27.52,28.75188395216232,27.384220514297485,28.92415425959225
2021-03-01,Srimongal,2020,33.47,31.9,32.25940466738001,31.800555083751675,32.4592301562985
2021-04-01,Srimongal,2020,35.1,32.81,33.41445458381881,33.354978475570675,33.63891053463166
2021-05-01,Srimongal,2020,34.4,32.41,33.22873669751925,33.15971210956573,33.514160169981885
2021-06-01,Srimongal,2020,32.91,32.82,33.242766587197224,33.17691168546676,33.59712843126275
2021-07-01,Srimongal,2020,32.91,33.04,33.176235915895305,33.04754254579544,33.549470934009996
2021-08-01,Srimongal,2020,32.9,33.94,33.39968417473852,32.88386801242828,33.76143790743862
2021-09-01,Srimongal,2020,34.33,33.07,32.99006826528027,32.50715723991394,33.300968930565645
2021-10-01,Srimongal,2020,33.46,33.27,32.397280535134385,32.30854735136032,32.70624602221251
2021-11-01,Srimongal,2020,30.22,30.7,30.36170822170563,30.4362057185173,30.6634337974953
2021-12-01,Srimongal,2020,26.98,26.33,26.995711128858147,27.486539278030396,27.28871224004505
2022-01-01,Srimongal,2020,25.35,25.81,25.61957795419239,25.428055260181427,25.91726575725295
2022-02-01,Srimongal,2020,26.9,29.38,28.778957949410316,28.18489963173866,29.038778304963426
2022-03-01,Srimongal,2020,33.25,33.47,31.897097129104242,31.335033688545224,32.05883178793988
2022-04-01,Srimongal,2020,33.99,35.1,33.23335517082348,33.80358776807785,33.33576800555731
2022-05-01,Srimongal,2020,32.38,34.4,32.95124740691894,33.14977530002594,33.0170906324344
2022-06-01,Srimongal,2020,31.98,32.91,32.68493684156945,32.654091689586636,32.71642546737777
2022-07-01,Srimongal,2020,34.08,32.91,32.70109800968667,32.48509851455688,32.716324094524715
2022-08-01,Srimongal,2020,34.0,32.9,33.319913421490696,32.92876807212829,33.35759210872983
2022-09-01,Srimongal,2020,33.62,34.33,33.23137073525697,33.27211335659027,33.310649240637126
2022-10-01,Srimongal,2020,32.2,33.46,32.43148386949924,32.77394941806793,32.51215429438274
2022-11-01,Srimongal,2020,31.67,30.22,30.125099085076478,30.267790589332577,30.20142247539321
2022-12-01,Srimongal,2020,28.01,26.98,27.12190296738544,28.08758724093437,27.2562083688193
2023-01-01,Srimongal,2020,26.67,25.35,25.858664336664575,25.514545176029205,26.053214523035557
2023-02-01,Srimongal,2020,29.6,26.9,29.0493547891058,27.123130921125412,29.307932790162855
2023-03-01,Srimongal,2020,31.27,33.25,32.6569849933286,31.578591678142544,33.00078368813721
2023-04-01,Srimongal,2020,34.88,33.99,33.321314322952084,32.67357942819595,33.60969966502686
2023-05-01,Srimongal,2020,34.45,32.38,33.10319644532157,33.15147921800613,33.38671272270735
2023-06-01,Srimongal,2020,33.37,31.98,33.11192932424159,33.02576277017593,33.44418449529387
2023-07-01,Srimongal,2020,34.43,34.08,33.286241229252745,33.02030852794647,33.652868368851735
2023-08-01,Srimongal,2020,32.9,34.0,33.70847944405487,33.22778436899185,34.072958637162046
2023-09-01,Srimongal,2020,34.94,33.62,33.26369945348644,32.73385659217834,33.602928213620636
2023-10-01,Srimongal,2020,32.39,32.2,32.65744687361214,32.673574004173275,33.011084533561714
2023-11-01,Srimongal,2020,30.86,31.67,30.38350427731554,30.736131701469418,30.739752087876248
2023-12-01,Srimongal,2020,27.44,28.01,27.132065750949064,28.071752969026562,27.449995489109384
2012-01-01,Bhola,2011,24.73,24.22,25.429342300046805,24.998463736176493,25.375962510610613
2012-02-01,Bhola,2011,29.32,28.87,28.354041503221293,28.675694377422335,28.308047916494672
2012-03-01,Bhola,2011,32.41,31.71,32.124530209689894,31.990723035931588,32.06578020261917
2012-04-01,Bhola,2011,32.96,32.88,33.305208860806566,33.472736803889276,33.27160474448303
2012-05-01,Bhola,2011,34.18,32.9,33.06644121972738,32.57186961889267,33.04440205623991
2012-06-01,Bhola,2011,32.51,31.55,31.99873127978489,31.777235085964207,32.01501099309641
2012-07-01,Bhola,2011,31.61,30.94,31.215121268501054,31.217460594773296,31.277043007950983
2012-08-01,Bhola,2011,31.77,30.76,31.58056364220872,31.411085982322696,31.681865484578147
2012-09-01,Bhola,2011,31.75,31.05,31.71139828221103,31.85872427940369,31.85964353093224
2012-10-01,Bhola,2011,31.69,32.67,32.023218852938065,31.863391886353497,32.197400054579944
2012-11-01,Bhola,2011,29.31,29.82,29.981575599752425,29.58946492791176,30.127451351061044
2012-12-01,Bhola,2011,25.34,26.0,26.767232156168394,26.633939127326013,26.897102343523667
2013-01-01,Bhola,2011,25.3,24.73,25.180657327055602,25.46597856104374,25.270649186501032
2013-02-01,Bhola,2011,29.29,29.32,28.467936047377066,29.573149569034577,28.523287143282115
2013-03-01,Bhola,2011,32.86,32.41,32.159731262607345,32.23988996267319,32.17356981128774
2013-04-01,Bhola,2011,33.59,32.96,33.40790832943978,33.81760078191758,33.42831752166505
2013-05-01,Bhola,2011,30.78,34.18,33.32278674433341,32.910699923038486,33.37078333649093
2013-06-01,Bhola,2011,32.36,32.51,31.28302270431345,31.235465128421787,31.24537593666783
2013-07-01,Bhola,2011,31.11,31.61,30.9355066234043,31.20879889249802,30.876677713482408
2013-08-01,Bhola,2011,31.0,31.77,31.36601405960444,31.255030609369282,31.303051191567633
2013-09-01,Bhola,2011,31.96,31.75,31.451476311441414,31.532567546963694,31.38424579836282
2013-10-01,Bhola,2011,31.12,31.69,31.96662707678288,31.553421015739445,31.917645862883862
2013-11-01,Bhola,2011,30.43,29.31,29.80034146288008,28.75469741791487,29.754360624649067
2013-12-01,Bhola,2011,27.14,25.34,26.915471407689477,26.737347283661368,26.900608613565026
2014-01-01,Bhola,2011,25.13,25.3,25.704348129415255,25.769943053722383,25.741547090350462
2014-02-01,Bhola,2011,27.83,29.29,28.660362105878015,28.831355863511565,28.685717714397484
2014-03-01,Bhola,2011,32.24,32.86,31.90282090773506,31.428015817403796,31.878383648858374
2014-04-01,Bhola,2011,35.54,33.59,33.16669490092821,33.44982534766197,33.11713311364833
2014-05-01,Bhola,2011,34.49,30.78,33.57700904487643,33.281373805999756,33.589254720714244
2014-06-01,Bhola,2011,32.77,32.36,32.37380339502804,32.07873215198517,32.527872638916485
2014-07-01,Bhola,2011,31.73,31.11,31.42207179772076,31.569031758308412,31.605269631293737
2014-08-01,Bhola,2011,31.28,31.0,31.673841700444466,31.767959542274475,31.90006708489531
2014-09-01,Bhola,2011,32.0,31.96,31.667186481907713,31.974259771108628,31.917967191660754
2014-10-01,Bhola,2011,32.48,31.12,32.006404961392874,31.954096953272824,32.253086168424524
2014-11-01,Bhola,2011,30.5,30.43,30.194100524627977,30.627673257589343,30.47289415842327
2014-12-01,Bhola,2011,26.17,27.14,27.079007102203956,27.7098961648345,27.346049724038153
2015-01-01,Bhola,2014,25.9,25.13,25.44018135097122,26.183541969060897,25.598792146988277
2015-02-01,Bhola,2014,29.02,27.83,28.80201490586189,27.874312376976015,28.95557958802016
2015-03-01,Bhola,2014,32.32,32.24,32.27779263257001,31.253425812721254,32.4347212753787
2015-04-01,Bhola,2014,32.84,35.54,33.48255129686387,33.1668130493164,33.61317887781272
2015-05-01,Bhola,2014,34.11,34.49,33.0546655006193,33.04443302154541,33.101954059707005
2015-06-01,Bhola,2014,31.96,32.77,32.15286745578714,32.85428812980652,32.18747710922267
2015-07-01,Bhola,2014,30.82,31.73,31.156073369675834,32.18176920890808,31.18559783765699
2015-08-01,Bhola,2014,31.82,31.28,31.349145340948954,31.347729511260987,31.364508257243507
2015-09-01,Bhola,2014,32.39,32.0,31.708108906315736,31.19431610584259,31.737028283214745
2015-10-01,Bhola,2014,31.96,32.48,32.13831728090312,30.941670351028442,32.17815422975575
2015-11-01,Bhola,2014,30.19,30.5,30.122511974902192,29.721339383125304,30.16151424382779
2015-12-01,Bhola,2014,26.34,26.17,26.888688223698185,27.892452540397645,26.928589139322355
2016-01-01,Bhola,2014,25.62,25.9,25.48677023748506,26.526243418455124,25.534606144677362
2016-02-01,Bhola,2014,29.94,29.02,28.75870347087245,28.065645558834078,28.785161337249278
2016-03-01,Bhola,2014,33.06,32.32,32.49299036115065,31.14865450382233,32.535955458014826
2016-04-01,Bhola,2014,33.85,32.84,33.693731335227916,32.64396823883057,33.766335522127385
2016-05-01,Bhola,2014,33.58,34.11,33.45025927457404,33.00516438484192,33.560081057987965
2016-06-01,Bhola,2014,32.48,31.96,32.11860523726622,32.63872768402099,32.21933302036496
2016-07-01,Bhola,2014,31.19,30.82,31.260724997702745,32.2320830821991,31.38244045142738
2016-08-01,Bhola,2014,31.89,31.82,31.513368087212587,31.543085117340087,31.645952014071607
2016-09-01,Bhola,2014,32.85,32.39,31.81519094556999,31.2304358625412,31.941927963743794
2016-10-01,Bhola,2014,32.74,31.96,32.2648118178807,31.015357837677,32.40208087854721
2016-11-01,Bhola,2014,29.62,30.19,30.365014922514842,30.16919012069702,30.533670576261898
2016-12-01,Bhola,2014,28.19,26.34,26.794337046099148,27.899411408901216,26.955025206242805
2017-01-01,Bhola,2014,27.16,25.62,25.933471711811052,27.098851652145385,26.125958272737446
2017-02-01,Bhola,2014,30.49,29.94,29.348763553439667,27.99499647140503,29.57526453157479
2017-03-01,Bhola,2014,30.91,33.06,32.82704105764913,30.39264123916626,33.07712986923173
2017-04-01,Bhola,2014,32.8,33.85,33.277008286884495,31.496941804885864,33.49695837608111
2017-05-01,Bhola,2014,34.82,33.58,33.07714540016872,32.10687318325043,33.255222840714325
2017-06-01,Bhola,2014,33.83,32.48,32.33215463928865,32.66766654491425,32.512722980494715
2017-07-01,Bhola,2014,31.96,31.19,31.649847457775877,32.666404008865356,31.859487486465348
2017-08-01,Bhola,2014,33.06,31.89,31.851479434875607,32.031205568313595,32.092275776268075
2017-09-01,Bhola,2014,32.9,32.85,32.267790642548974,32.13030150413513,32.541845901713316
2017-10-01,Bhola,2014,31.67,32.74,32.43178684189718,31.778247909545897,32.72114986814088
2017-11-01,Bhola,2014,30.47,29.62,30.105412670179653,30.232078199386596,30.38373468588897
2017-12-01,Bhola,2014,26.74,28.19,27.029455768160595,28.761913585662843,27.317216513218767
2018-01-01,Bhola,2017,24.7,27.16,25.73877347880591,26.536710495948792,26.1447276764
2018-02-01,Bhola,2017,29.6,30.49,28.784680440317842,28.884810848236086,29.098243249539568
2018-03-01,Bhola,2017,33.05,30.91,32.32320158363028,32.075730390548706,32.58210913408417
2018-04-01,Bhola,2017,33.17,32.8,33.69401274891017,33.71961058616638,34.02244246344876
2018-05-01,Bhola,2017,32.32,34.82,33.455476509442015,33.067239665985106,33.77615561576749
2018-06-01,Bhola,2017,32.86,33.83,31.93724099641174,32.08171411514282,32.144480487213805
2018-07-01,Bhola,2017,31.79,31.96,31.31795176808055,31.566554646492005,31.46479873077588
2018-08-01,Bhola,2017,32.34,33.06,31.821297915881996,31.49476629257202,31.969471828254377
2018-09-01,Bhola,2017,33.68,32.9,32.13806662344131,31.97638578414917,32.272408248507716
2018-10-01,Bhola,2017,31.95,31.67,32.55664698200026,32.24589779853821,32.73922888697973
2018-11-01,Bhola,2017,30.51,30.47,30.27730462693834,30.007982668876647,30.52113140472815
2018-12-01,Bhola,2017,26.26,26.74,27.091174304733812,27.097349326610566,27.348447991979906
2019-01-01,Bhola,2017,27.37,24.7,25.57429236856403,25.25055251836777,25.832103154488934
2019-02-01,Bhola,2017,28.55,29.6,29.481986770481434,29.477822680473327,29.808984684792875
2019-03-01,Bhola,2017,31.73,33.05,32.3116075567003,31.644421930313108,32.60200707403194
2019-04-01,Bhola,2017,33.92,33.17,33.320668477748754,33.12628827095032,33.56056752615696
2019-05-01,Bhola,2017,34.5,32.32,33.47257822617423,33.22868371009827,33.72427191990656
2019-06-01,Bhola,2017,33.87,32.86,32.57636701054321,32.599520149230955,32.88350859153964
2019-07-01,Bhola,2017,31.9,31.79,31.782222250861004,31.90067198753357,32.10074289404095
2019-08-01,Bhola,2017,32.43,32.34,32.021166692582156,31.597212886810304,32.35776086253822
2019-09-01,Bhola,2017,32.19,33.68,32.320360091080175,32.189079413414,32.67158993964329
2019-10-01,Bhola,2017,32.03,31.95,32.17760050953491,32.02325805664063,32.492939875924996
2019-11-01,Bhola,2017,30.23,30.51,30.218470586002606,30.201191182136537,30.55838907389634
2019-12-01,Bhola,2017,25.65,26.26,26.95179100331664,27.384645195007323,27.276872443997174
2020-01-01,Bhola,2017,24.57,27.37,25.52412614098842,26.084573565721513,25.8264098779552
2020-02-01,Bhola,2017,27.79,28.55,28.68049956884751,28.84648041009903,28.849546725995943
2020-03-01,Bhola,2017,32.21,31.73,31.86915738061453,31.66550066947937,31.991515143304476
2020-04-01,Bhola,2017,32.88,33.92,33.36606619368115,33.80421968460083,33.455405407146415
2020-05-01,Bhola,2017,33.49,34.5,33.29151675794906,33.35631139755249,33.30941490338795
2020-06-01,Bhola,2017,32.33,33.87,32.343726819773934,32.52157044887542,32.303050309557435
2020-07-01,Bhola,2017,32.43,31.9,31.31890624971847,31.44703290939331,31.228979491872906
2020-08-01,Bhola,2017,31.76,32.43,32.04612362321198,31.571710653305054,31.993480609981624
2020-09-01,Bhola,2017,33.0,32.19,32.152187099159974,31.91392186641693,32.11761691833123
2020-10-01,Bhola,2017,33.01,32.03,32.32907667357713,32.27056307792664,32.35415708169765
2020-11-01,Bhola,2017,30.61,30.23,30.51933621319786,30.52318476676941,30.613365926437318
2020-12-01,Bhola,2017,26.41,25.65,27.058072614021675,27.230419347286226,27.20284061945217
2021-01-01,Bhola,2020,26.63,24.57,25.707244600753317,24.702472617626192,25.771863257513616
2021-02-01,Bhola,2020,29.51,27.79,29.250704286275283,28.310452151298524,29.36398159739521
2021-03-01,Bhola,2020,33.82,32.21,32.50999752508688,32.02823715209961,32.66271594875308
2021-04-01,Bhola,2020,35.13,32.88,33.93948177153659,33.764875736236576,34.123612497543775
2021-05-01,Bhola,2020,34.36,33.49,34.08306269045185,33.36344184875488,34.33446567298019
2021-06-01,Bhola,2020,31.87,32.33,32.84417942897647,32.33859082221985,33.129615769604555
2021-07-01,Bhola,2020,32.09,32.43,31.44461790373759,31.499913773536683,31.72057814646778
2021-08-01,Bhola,2020,32.69,31.76,31.989149413089155,31.498631343841552,32.235252517868425
2021-09-01,Bhola,2020,32.82,33.0,32.4688957573576,32.19163006305695,32.73024427541243
2021-10-01,Bhola,2020,33.5,33.01,32.40008820699169,32.26483157634735,32.64749766377818
2021-11-01,Bhola,2020,30.25,30.61,30.665707604046037,30.499600849151612,30.92355500128449
2021-12-01,Bhola,2020,26.68,26.41,26.929554273567085,26.99941255092621,27.1861019305959
2022-01-01,Bhola,2020,25.14,26.63,25.8419716750317,25.820798559188844,26.093267824830626
2022-02-01,Bhola,2020,27.52,29.51,28.9279675772099,28.97809535264969,29.11178267687969
2022-03-01,Bhola,2020,33.42,33.82,32.02499751000766,31.757883920669556,32.123243421300195
2022-04-01,Bhola,2020,33.69,35.13,33.76893706809217,34.32114897727966,33.81208582613386
2022-05-01,Bhola,2020,33.37,34.36,33.67878251132364,33.545750064849855,33.68059048297584
2022-06-01,Bhola,2020,32.74,31.87,32.4076237682893,32.316319885253904,32.3894338361591
2022-07-01,Bhola,2020,33.11,32.09,31.61297805685084,31.657462215423585,31.617039955501117
2022-08-01,Bhola,2020,32.96,32.69,32.33953992497036,31.82112440109253,32.36736810403762
2022-09-01,Bhola,2020,33.04,32.82,32.65821246866032,32.33817021369934,32.720140819781875
2022-10-01,Bhola,2020,32.72,33.5,32.59529367830594,32.65647850036621,32.6977105899071
2022-11-01,Bhola,2020,31.19,30.25,30.481058950005963,30.761207270622254,30.594700605971806
2022-12-01,Bhola,2020,27.95,26.68,27.107637303681038,27.543467540740966,27.27432019183788
2023-01-01,Bhola,2020,26.41,25.14,26.169570966940732,25.403846561908722,26.387491458505025
2023-02-01,Bhola,2020,29.91,27.52,29.255217107833584,27.74475500583649,29.51839396191557
2023-03-01,Bhola,2020,32.33,33.42,32.861470384914384,32.06413949966431,33.179855052859445
2023-04-01,Bhola,2020,35.42,33.69,33.71415495582638,33.004308958053585,33.98644460692839
2023-05-01,Bhola,2020,34.39,33.37,34.07884942091443,33.48367052078247,34.37940137479179
2023-06-01,Bhola,2020,33.48,32.74,32.81891588913879,32.40410202026367,33.14312833467176
2023-07-01,Bhola,2020,33.47,33.11,32.033134485177584,31.930938749313356,32.36563568895777
2023-08-01,Bhola,2020,32.15,32.96,32.574407682948376,31.944896273612976,32.91226722668786
2023-09-01,Bhola,2020,33.0,33.04,32.54978860837792,32.052035636901856,32.883887779237796
2023-10-01,Bhola,2020,32.8,32.72,32.56321921248542,32.33345613002777,32.894720294883406
2023-11-01,Bhola,2020,31.05,31.19,30.551785165990026,31.049778819084167,30.877839519134664
2023-12-01,Bhola,2020,27.44,27.95,27.15093731995081,27.744920549392702,27.459115808348763
2012-01-01,Mymensingh,2011,23.16,22.25,23.674163571537754,23.38093311429024,23.783236656011763
2012-02-01,Mymensingh,2011,27.4,27.32,26.789861211075,27.551529271602632,26.902759464854157
2012-03-01,Mymensingh,2011,31.37,29.96,30.5837037216044,31.12009868383408,30.65227741223499
2012-04-01,Mymensingh,2011,31.09,31.94,31.971324053814318,32.70087194442749,32.06012332440533
2012-05-01,Mymensingh,2011,33.43,31.71,31.756894144906124,31.798977146148687,31.819804953781524
2012-06-01,Mymensingh,2011,31.4,32.1,31.95645259786567,31.916630263328557,32.06253627536566
2012-07-01,Mymensingh,2011,31.55,31.69,31.150361377526753,31.75590590000153,31.24874363230753
2012-08-01,Mymensingh,2011,32.15,31.32,31.93373550141156,31.937795472145083,32.046221574397826
2012-09-01,Mymensingh,2011,32.01,32.2,31.538567831400275,32.10593274116516,31.68791207556589
2012-10-01,Mymensingh,2011,31.71,32.35,31.654653170564327,31.58282310009003,31.81128051779338
2012-11-01,Mymensingh,2011,28.37,28.72,29.33471359213902,28.972294354438784,29.487005586709163
2012-12-01,Mymensingh,2011,22.89,24.51,25.889651068269576,25.3538842022419,26.061515511639477
2013-01-01,Mymensingh,2011,23.85,23.16,22.867752796051118,23.603217477798463,22.981027712916553
2013-02-01,Mymensingh,2011,28.33,27.4,27.289297225440826,28.47913590192795,27.362035038305194
2013-03-01,Mymensingh,2011,31.83,31.37,30.49298017830375,31.634085044860843,30.534728353650195
2013-04-01,Mymensingh,2011,32.48,31.09,32.409251770282026,32.69544972658157,32.462692944685706
2013-05-01,Mymensingh,2011,30.5,33.43,31.868231838865402,31.950572838783266,31.984382155251502
2013-06-01,Mymensingh,2011,33.06,31.4,31.40192338969347,31.443378689289098,31.453907241900136
2013-07-01,Mymensingh,2011,32.29,31.55,31.574206228947837,31.934704322814945,31.68531960834669
2013-08-01,Mymensingh,2011,31.7,32.15,32.028196289752024,32.144901707172394,32.176862847305486
2013-09-01,Mymensingh,2011,32.39,32.01,31.557202638263494,32.027723736763,31.727748103096125
2013-10-01,Mymensingh,2011,30.49,31.71,31.792183957584815,31.342839326858524,31.99006424407494
2013-11-01,Mymensingh,2011,29.6,28.37,28.89632631497695,27.859420528411867,29.085178745877105
2013-12-01,Mymensingh,2011,25.07,22.89,26.13323772736215,25.54394098520279,26.35972664955591
2014-01-01,Mymensingh,2011,24.28,23.85,23.339391909643407,24.33352923035622,23.622730867697562
2014-02-01,Mymensingh,2011,25.6,28.33,27.54554027250904,28.1109964966774,27.781972617841248
2014-03-01,Mymensingh,2011,30.59,31.83,29.767886222991812,30.50407051086426,29.90629342521397
2014-04-01,Mymensingh,2011,33.54,32.48,32.130320153301184,32.56110486507416,32.203775116896175
2014-05-01,Mymensingh,2011,33.17,30.5,32.11255472653393,32.45464426517487,32.21173306028226
2014-06-01,Mymensingh,2011,32.33,33.06,32.23116351082215,31.95136911392212,32.42387202458693
2014-07-01,Mymensingh,2011,32.46,32.29,31.221206296111763,32.04409435272217,31.39952553454746
2014-08-01,Mymensingh,2011,31.72,31.7,32.385641242699634,32.320056824684144,32.60705529850339
2014-09-01,Mymensingh,2011,31.94,32.39,31.293069879365383,32.242701082229615,31.55264880716002
2014-10-01,Mymensingh,2011,31.77,30.49,31.953941697306163,31.60264680862427,32.218765844935525
2014-11-01,Mymensingh,2011,29.9,29.6,28.901695336089734,29.653835024833683,29.219009392223988
2014-12-01,Mymensingh,2011,24.69,25.07,26.176900769356617,26.530667579174043,26.49649716700899
2015-01-01,Mymensingh,2014,24.23,24.28,23.42537750115859,23.847507605552675,23.591693656942166
2015-02-01,Mymensingh,2014,26.83,25.6,27.53361067235578,26.86085916042328,27.67330516705286
2015-03-01,Mymensingh,2014,30.57,30.59,30.35426966686735,31.048074288368227,30.497914666657564
2015-04-01,Mymensingh,2014,30.57,33.54,32.031940201912626,32.88314117193222,32.13379197605938
2015-05-01,Mymensingh,2014,32.17,33.17,31.416617957334946,32.61259783744812,31.424096359061643
2015-06-01,Mymensingh,2014,31.57,32.33,32.02670435553769,31.99575721740723,31.99535910807309
2015-07-01,Mymensingh,2014,31.93,32.46,31.196348169841265,31.67921243667603,31.13622396490134
2015-08-01,Mymensingh,2014,31.77,31.72,32.096435842139535,31.92810925483704,32.02356834864709
2015-09-01,Mymensingh,2014,32.44,31.94,31.53452925955067,32.22666699647904,31.47401373720797
2015-10-01,Mymensingh,2014,32.45,31.77,31.83847918002249,31.939806952476502,31.798789780666336
2015-11-01,Mymensingh,2014,29.95,29.9,29.29984952440567,30.046996259689333,29.299774753637447
2015-12-01,Mymensingh,2014,25.34,24.69,25.873477715279208,26.543108800649645,25.906490346117906
2016-01-01,Mymensingh,2014,23.74,24.23,23.6022800245516,24.344421026706698,23.67860591417743
2016-02-01,Mymensingh,2014,27.84,26.83,27.274506914797666,26.449386677742005,27.344189192356364
2016-03-01,Mymensingh,2014,31.08,30.57,30.644728718439897,30.22268736124039,30.747754444794985
2016-04-01,Mymensingh,2014,32.47,30.57,32.23572812790315,31.89462103366852,32.353009270552356
2016-05-01,Mymensingh,2014,32.04,32.17,32.04364284014102,32.37976590871811,32.20335886356888
2016-06-01,Mymensingh,2014,32.74,31.57,31.920040950331526,32.04616975069047,32.06278868698608
2016-07-01,Mymensingh,2014,31.7,31.93,31.716294412233985,32.15450244426728,31.88305678404587
2016-08-01,Mymensingh,2014,33.23,31.77,31.84638782864059,31.962702558040622,32.00113530686349
2016-09-01,Mymensingh,2014,32.04,32.44,32.13486649288567,32.62114431858063,32.32896267075443
2016-10-01,Mymensingh,2014,32.42,32.45,31.550420098558508,31.749854516983035,31.740166548529277
2016-11-01,Mymensingh,2014,29.52,29.95,29.608985062855115,29.684923639297487,29.813298753313013
2016-12-01,Mymensingh,2014,27.57,25.34,25.4139427904267,26.10182374596596,25.61543622869387
2017-01-01,Mymensingh,2014,25.93,23.74,24.48658279812882,24.900773614645004,24.754078877520165
2017-02-01,Mymensingh,2014,28.3,27.84,27.51197059835706,26.483646146059037,27.84354083995496
2017-03-01,Mymensingh,2014,28.06,31.08,31.06152647719921,29.45195540428162,31.438174199814277
2017-04-01,Mymensingh,2014,30.39,32.47,31.09883318045852,31.126468114852905,31.411194612577983
2017-05-01,Mymensingh,2014,32.72,32.04,31.864682039812045,31.977161035537723,32.0938208887346
2017-06-01,Mymensingh,2014,31.89,32.74,31.772563477518034,32.28994622707367,31.955056281894777
2017-07-01,Mymensingh,2014,31.65,31.7,31.756713423021587,31.896740326881414,31.885858817431327
2017-08-01,Mymensingh,2014,32.15,33.23,31.67603108606725,31.84546606063843,31.773089771016235
2017-09-01,Mymensingh,2014,32.39,32.04,32.06011585510983,32.05791596412659,32.11627835795651
2017-10-01,Mymensingh,2014,31.48,32.42,31.608773420125946,32.11211118936539,31.66845953635364
2017-11-01,Mymensingh,2014,29.88,29.52,29.46894881182817,30.330108265876774,29.50752333221656
2017-12-01,Mymensingh,2014,26.82,27.57,25.498474662212292,27.801335183382037,25.547414482289746
2018-01-01,Mymensingh,2017,22.75,25.93,24.27569972548464,25.561871807575226,24.360247591157258
2018-02-01,Mymensingh,2017,27.3,28.3,26.86700710742905,26.373385527133944,26.909158147931336
2018-03-01,Mymensingh,2017,31.11,28.06,30.73140464362544,29.673090405464173,30.76570754683643
2018-04-01,Mymensingh,2017,30.41,30.39,32.00756171718923,31.898940479755403,32.13273208628866
2018-05-01,Mymensingh,2017,30.54,32.72,31.70431032665913,32.26755734205246,31.805117115109155
2018-06-01,Mymensingh,2017,32.37,31.89,31.49149588266425,31.76275894880295,31.49689572651869
2018-07-01,Mymensingh,2017,32.45,31.65,31.767818342143094,31.66141792058945,31.74950776462147
2018-08-01,Mymensingh,2017,32.75,32.15,32.110994641104334,32.005304048061376,32.096163518312615
2018-09-01,Mymensingh,2017,32.71,32.39,32.10616372877232,32.61437289953232,32.10658546330834
2018-10-01,Mymensingh,2017,30.9,31.48,31.85828046003126,32.43302547216416,31.886881382870403
2018-11-01,Mymensingh,2017,29.31,29.88,29.252729571139376,29.874043605327607,29.292219455388445
2018-12-01,Mymensingh,2017,25.96,26.82,25.67172021306396,26.43124985575676,25.70233631284835
2019-01-01,Mymensingh,2017,26.28,22.75,24.168139090278654,24.250875639915467,24.179932149352176
2019-02-01,Mymensingh,2017,27.03,27.3,27.840208175902866,27.05358161687851,27.959240544915666
2019-03-01,Mymensingh,2017,29.85,31.11,30.369947671863873,29.851093323230746,30.500887034345205
2019-04-01,Mymensingh,2017,31.69,30.41,31.60786219952473,31.372704265117648,31.72847067972209
2019-05-01,Mymensingh,2017,32.45,30.54,32.11389940749974,31.99745604038239,32.271044990832294
2019-06-01,Mymensingh,2017,32.35,32.37,31.96288356266397,32.163858292102816,32.14371324083293
2019-07-01,Mymensingh,2017,32.51,32.45,31.763119876629435,31.993130433559422,31.91980420158109
2019-08-01,Mymensingh,2017,33.58,32.75,32.16370430257524,32.19270747900009,32.32093104127387
2019-09-01,Mymensingh,2017,32.42,32.71,32.36424828516635,32.97041954994202,32.55499980516829
2019-10-01,Mymensingh,2017,31.16,30.9,31.737453568154024,32.090043432712555,31.948843789804876
2019-11-01,Mymensingh,2017,30.03,29.31,29.369765775960403,29.55646767139435,29.609506417209552
2019-12-01,Mymensingh,2017,24.48,25.96,25.946534261725176,26.836049876213075,26.19252800008147
2020-01-01,Mymensingh,2017,23.46,26.28,23.66427161534833,24.315543731451037,23.861002741049496
2020-02-01,Mymensingh,2017,26.39,27.03,27.156529121391884,26.672921285629275,27.25786091761225
2020-03-01,Mymensingh,2017,30.31,29.85,30.274534983889744,30.68395784378052,30.347227638874326
2020-04-01,Mymensingh,2017,31.46,31.69,31.585735973965235,32.70028205394745,31.631221999591332
2020-05-01,Mymensingh,2017,32.01,32.45,31.94270097688385,32.81798830747604,31.952016077608263
2020-06-01,Mymensingh,2017,32.61,32.35,31.938706324131967,32.27473999023438,31.919044825248537
2020-07-01,Mymensingh,2017,32.06,32.51,31.902622269010987,32.063666241168974,31.881076138007096
2020-08-01,Mymensingh,2017,33.08,33.58,32.1175786165733,32.24973048210144,32.09315854125179
2020-09-01,Mymensingh,2017,32.16,32.42,32.292556538839186,32.88970774650574,32.276467616660675
2020-10-01,Mymensingh,2017,32.87,31.16,31.582859411557795,31.986429092884066,31.602104186804684
2020-11-01,Mymensingh,2017,30.12,30.03,29.81873867630236,30.143933131694794,29.913529959226345
2020-12-01,Mymensingh,2017,24.78,24.48,25.95110327294491,26.27268829584122,26.07861431075271
2021-01-01,Mymensingh,2020,23.69,23.46,23.96506096552204,23.074438323080543,24.113590577509942
2021-02-01,Mymensingh,2020,28.38,26.39,27.149594588534775,26.231244639158252,27.282373182454656
2021-03-01,Mymensingh,2020,31.84,30.31,30.7205650635528,30.91478214263916,30.883376953365282
2021-04-01,Mymensingh,2020,33.71,31.46,31.956408204716528,32.641767382621765,32.15021932261853
2021-05-01,Mymensingh,2020,33.1,32.01,32.56127964129116,32.57760485649109,32.82357382565134
2021-06-01,Mymensingh,2020,32.1,32.61,32.25078062131504,32.28763903141022,32.566576547215504
2021-07-01,Mymensingh,2020,32.55,32.06,31.860334798218425,32.04133280277252,32.18538579365176
2021-08-01,Mymensingh,2020,32.18,33.08,32.41231461892459,32.12734591960907,32.75847308622948
2021-09-01,Mymensingh,2020,33.65,32.16,32.07661304415102,31.960185127258303,32.39895637682557
2021-10-01,Mymensingh,2020,33.11,32.87,31.945970319264337,31.943438706398013,32.302290480498215
2021-11-01,Mymensingh,2020,29.83,30.12,29.92107682244284,29.631048002243045,30.289212318639898
2021-12-01,Mymensingh,2020,26.23,24.78,25.712862906359653,26.229037555456163,26.092661107150175
2022-01-01,Mymensingh,2020,24.23,23.69,24.2915724645944,23.75600488781929,24.709424905249538
2022-02-01,Mymensingh,2020,25.03,28.38,27.205608011980914,26.191005021333694,27.61511069923899
2022-03-01,Mymensingh,2020,32.04,31.84,29.89584457739121,29.62420958518982,30.189281462388447
2022-04-01,Mymensingh,2020,32.03,33.71,32.06822626282063,33.00694655418396,32.32077063720667
2022-05-01,Mymensingh,2020,31.89,33.1,32.12096511522202,32.43642542839051,32.319229769268986
2022-06-01,Mymensingh,2020,31.02,32.1,32.03558597458951,32.055222182273866,32.20452728200644
2022-07-01,Mymensingh,2020,33.22,32.55,31.610745444723698,31.717683153152468,31.73804199185011
2022-08-01,Mymensingh,2020,33.36,32.18,32.672616741183425,32.10427242279053,32.7895533929436
2022-09-01,Mymensingh,2020,32.38,33.65,32.3623238971764,32.44911192417145,32.50828539417213
2022-10-01,Mymensingh,2020,31.98,33.11,31.757423459598613,32.09797923088074,31.881616813265296
2022-11-01,Mymensingh,2020,30.43,29.83,29.684008818918006,29.839339408874515,29.79979180312651
2022-12-01,Mymensingh,2020,26.41,26.23,25.780313953924487,26.703704558610916,25.93179107639501
2023-01-01,Mymensingh,2020,24.36,24.23,24.299513901677983,23.707492941617968,24.475555355850766
2023-02-01,Mymensingh,2020,27.86,25.03,27.345101586599768,25.647594214677813,27.546157850108855
2023-03-01,Mymensingh,2020,29.83,32.04,30.745647431465137,30.38686404705048,31.01794958916766
2023-04-01,Mymensingh,2020,34.07,32.03,31.641094637390992,31.956926097869875,31.83748564462799
2023-05-01,Mymensingh,2020,33.45,31.89,32.739677748711884,32.748814792633056,32.98194159552394
2023-06-01,Mymensingh,2020,32.83,31.02,32.35060989729525,32.32182341575623,32.64362879312285
2023-07-01,Mymensingh,2020,33.57,33.22,32.14566583582109,32.24327865123749,32.496176885183544
2023-08-01,Mymensingh,2020,32.65,33.36,32.716440011007734,32.45446406364441,33.0776674566714
2023-09-01,Mymensingh,2020,33.47,32.38,32.34541912405025,32.30144370079041,32.71625138083682
2023-10-01,Mymensingh,2020,31.56,31.98,32.15043122721477,32.13023222446442,32.55627383820703
2023-11-01,Mymensingh,2020,30.66,30.43,29.554327848598582,29.702210664749146,29.948649919284605
2023-12-01,Mymensingh,2020,26.42,26.41,25.9215078959054,26.920619455575945,26.30789711214707
