date,station,origin,actual,SNAIVE,SARIMA,SVR,XGB,ANN,SARIMA+SVR,SARIMA+XGB,SARIMA+ANN,sarima_lo,sarima_hi
2012-01-01,Dhaka,2011,24.05,23.45,24.368450981773847,24.438956094343705,25.163752,24.59202536174578,24.34790344157794,24.160978329576963,24.1143186996498,22.524733039100134,26.21216892444756
2012-02-01,Dhaka,2011,28.51,28.73,28.258372526146253,28.307710779129806,28.433134,27.55202080916585,28.222457089438542,28.333521466232618,27.931649561785097,26.315005467682948,30.20173958460956
2012-03-01,Dhaka,2011,33.0,32.08,32.42052460028563,32.5621730572541,32.95107,32.90393534436946,32.474709534923086,32.40455951294635,32.605020195494696,30.43402932250698,34.40701987806428
2012-04-01,Dhaka,2011,33.51,33.47,34.058561453685535,34.1611584917257,34.871986,34.49113710041483,33.99111538089053,34.03027595961131,34.020196636122975,32.05299830185077,36.0641246055203
2012-05-01,Dhaka,2011,34.63,33.4,33.7021768369026,33.506354953171446,33.8483,33.920625053599565,33.734363980004495,33.613554199809535,33.7153072755944,31.68810871213686,35.716244961668345
2012-06-01,Dhaka,2011,33.2,32.63,32.71577586753408,32.266217364602994,32.314316,32.8075240621141,32.83053351722405,32.74588098337988,33.054797296746315,30.697899688964633,34.73365204610352
2012-07-01,Dhaka,2011,32.56,32.32,32.04602227438515,31.86874835218345,31.810955,31.422113411803075,32.08482973444536,31.903729238401112,31.891813856570085,30.026438204822192,34.06560634394811
2012-08-01,Dhaka,2011,32.55,31.12,32.25462648530158,32.076050899482624,31.924294,32.24109779619909,32.26774651753265,32.23507259484979,32.49219970372404,30.23427592484753,34.27497704575563
2012-09-01,Dhaka,2011,32.91,32.42,32.28072607027217,32.29029759429655,32.02352,32.5193352385001,32.25772504109699,32.3167032028906,32.12502947410627,30.260031546047777,34.30142059449657
2012-10-01,Dhaka,2011,32.34,32.65,31.96946645811084,31.868115218116596,31.75213,31.775841523507275,31.889836389835306,32.023682664184605,31.597614308676334,29.948617887667606,33.99031502855407
2012-11-01,Dhaka,2011,28.74,29.71,29.86045133986596,29.62750535816686,29.446665,29.84004988148691,29.78756998791496,29.623883276368417,29.54714935300169,27.839534512376773,31.88136816735515
2012-12-01,Dhaka,2011,23.96,24.98,26.447698081514112,26.067738944677018,26.179142,25.74373464397838,26.499497577298463,26.490699804058544,26.26995299663268,24.42675265676177,28.468643506266453
2013-01-01,Dhaka,2011,24.23,23.45,24.860103874617007,24.61013606235578,24.70331,24.77213331571873,24.89294311869374,24.83731539655545,24.56811247198532,22.83300297338497,26.887204775849042
2013-02-01,Dhaka,2011,28.91,28.73,28.59359098135229,28.236879225933794,27.809715,28.297949601105522,28.635742330024097,28.570802503290732,28.48214850685782,26.56573789473417,30.62144406797041
2013-03-01,Dhaka,2011,33.39,32.08,32.65090654564187,32.64602510795268,32.220085,32.990142624318814,32.70276554262434,32.58361860883519,32.43220007689435,30.622715731393512,34.67909735989022
2013-04-01,Dhaka,2011,34.22,33.47,34.21868589076228,34.19023699292628,34.0513,34.39239824558447,34.29887415257325,34.1513979539556,34.157348477394216,32.19034341867758,36.24702836284698
2013-05-01,Dhaka,2011,31.73,33.4,33.81521731938457,33.63280260602836,33.08003,33.69199921603773,33.89778912194265,33.63193694080448,33.83598417253763,31.786806746293973,35.843627892475176
2013-06-01,Dhaka,2011,33.7,32.63,32.79726244446814,32.387600965218525,32.307358,32.50668115104754,32.852923130920416,32.783329042913316,32.69331012509173,30.76882130356206,34.82570358537422
2013-07-01,Dhaka,2011,32.68,32.32,32.106362603857725,31.888165513625356,31.71813,31.722599712467684,32.16319312457321,32.13692865546009,32.09966857556908,30.077907772003798,34.13481743571165
2013-08-01,Dhaka,2011,32.04,31.12,32.30079539054194,32.24053130589858,31.84033,32.00363954361474,32.382687593207734,32.38544288211623,32.10713395168541,30.27233449326642,34.329256287817465
2013-09-01,Dhaka,2011,32.63,32.42,32.31739781696774,32.1607772907126,31.849045,32.132688920676586,32.41285559601633,32.33260487664916,32.10620144676482,30.28893438130197,34.34586125263351
2013-10-01,Dhaka,2011,31.51,32.65,31.999773564319536,31.81282590232417,31.66351,31.703067774433553,32.09340317727525,32.0303396159219,31.663286806185628,29.971309402080834,34.02823772655824
2013-11-01,Dhaka,2011,30.18,29.71,29.886493102041904,29.672002684297706,29.548986,29.53146784087184,29.96429016468374,29.756567254988376,29.510322225022843,27.858029534097824,31.914956669985983
2013-12-01,Dhaka,2011,26.25,24.98,26.470881369632444,26.153877754927535,26.218279,25.883979015613615,26.52864846604633,26.501447421234808,26.107841774509264,24.442420118422227,28.49934262084266
2014-01-01,Dhaka,2011,24.29,23.45,24.88137152032167,24.66937187159793,24.72836,25.048511280439154,24.93603518878833,24.827817022662465,24.642175463559038,22.84729845511815,26.915444585525194
2014-02-01,Dhaka,2011,27.17,28.73,28.613574835151525,28.27000730212903,27.692965,28.563204692199214,28.678790728975518,28.600368351355286,28.406535388162265,26.578871521182077,30.648278149120973
2014-03-01,Dhaka,2011,32.4,32.08,32.67003005011667,32.59829705600241,32.441635,32.940491061053194,32.74889946804827,32.60274211330999,32.52031761984189,30.63504374517348,34.70501635505986
2014-04-01,Dhaka,2011,36.44,33.47,34.237232821294754,34.213638629571705,34.296844,34.24424131726878,34.31696617939915,34.169944884488075,34.13713621186385,32.20211943622327,36.27234620636624
2014-05-01,Dhaka,2011,35.18,33.4,33.83337785162331,33.70721510400096,32.918095,33.518723263648575,33.90794327221956,33.810589373561754,33.78509162333665,31.798207402702154,35.86854830054447
2014-06-01,Dhaka,2011,33.23,32.63,32.815164027020735,32.43026903166219,32.15666,32.47737140590118,32.89611036648949,32.80123062546591,32.77931314175636,30.779967966989485,34.85036008705198
2014-07-01,Dhaka,2011,32.87,32.32,32.12409064801474,31.901091216585666,31.670755,31.61665295084679,32.22006270174036,32.13546576792439,32.05024906802552,30.08888312301153,34.15929817301796
2014-08-01,Dhaka,2011,32.16,31.12,32.31840713575614,32.21599723807825,31.799002,31.955595297680404,32.426180554247125,32.3489731873585,32.18312468352766,30.283194544771256,34.35361972674102
2014-09-01,Dhaka,2011,32.86,32.42,32.334931622979745,32.166637676417935,31.901558,32.020292018193565,32.44519319995308,32.36549767458211,32.087587829693334,30.2997169418532,34.37014630410629
2014-10-01,Dhaka,2011,32.2,32.65,32.01725513839297,31.82674186679994,31.707521,31.566437619966823,32.11934492883208,32.04782118999533,31.687205228656897,29.982039930638123,34.052470346147814
2014-11-01,Dhaka,2011,30.22,29.71,29.90393967222344,29.71437165398374,29.483063,29.366367846220786,29.988660604169706,29.934505723825804,29.517600242398302,27.86872514550816,31.93915419893872
2014-12-01,Dhaka,2011,24.52,24.98,26.488304481514696,26.196501031130587,26.25917,25.911306487727845,26.55391567367407,26.51887053311706,26.147235179667703,24.453092303692607,28.523516659336785
2015-01-01,Dhaka,2014,24.77,24.29,24.197627855091785,24.302145949415628,24.602955,24.138908739327853,24.212872286505274,24.255299558490012,24.550961715165116,22.350639342948156,26.044616367235413
2015-02-01,Dhaka,2014,28.42,27.17,28.21533500574074,28.549108054269347,28.225,27.909767897702906,28.402100300617594,28.227622913974443,28.483778462308145,26.268856734387732,30.16181327709375
2015-03-01,Dhaka,2014,32.11,32.4,32.54725786528482,32.71271990505577,32.123886,34.032028358813406,32.78312320538788,32.570953973074694,33.003118816981555,30.562622040364776,34.53189369020487
2015-04-01,Dhaka,2014,32.82,36.44,34.283560693202205,33.79876618451732,33.863216,35.63566375899589,34.211327302993716,34.25858461850662,34.38719541514839,32.28396138487406,36.28316000153035
2015-05-01,Dhaka,2014,34.07,35.18,33.80826539227755,33.53270932378609,33.89062,34.47551903686127,33.77866306852262,33.85557313689978,33.720857573647415,31.802749866547977,35.81378091800712
2015-06-01,Dhaka,2014,32.75,33.23,32.937444995295316,32.82778534363884,33.138943,33.62272704537317,33.11974656785577,32.95454887221387,33.10756872037118,30.929582918078133,34.9453070725125
2015-07-01,Dhaka,2014,31.73,32.87,32.27132255710194,32.495870773000696,32.18261,32.42810619138985,32.489684165635296,32.26647659144828,32.560916244622,30.26252861306931,34.280116501134565
2015-08-01,Dhaka,2014,32.62,32.16,32.303886166926716,32.121975709505975,32.318085,32.73785293618724,32.23360234470712,32.30325790789375,32.09191999387697,30.294721990199115,34.31305034365432
2015-09-01,Dhaka,2014,32.86,32.86,32.461440218458186,32.46174527084704,32.201324,33.330723512568746,32.46144130482497,32.45659425280453,32.24027138032501,30.45212895453664,34.47075148237973
2015-10-01,Dhaka,2014,32.39,32.2,32.02838169921811,32.0244857447241,32.03307,32.914490968115935,32.004941624835034,32.05329726029809,31.968736527314363,30.019012085567503,34.037751312868714
2015-11-01,Dhaka,2014,30.23,30.22,29.875719064125548,29.717052304252235,30.235195,30.39934005130466,29.813811662557804,29.894710094878207,29.593318668075515,27.866326528993103,31.885111599257993
2015-12-01,Dhaka,2014,25.94,24.52,26.089700739289988,25.89064635677132,26.219772,25.655358779035303,26.0990232664963,26.089072480257023,25.926602769650902,24.08029977115966,28.099101707420317
2016-01-01,Dhaka,2014,24.87,24.29,24.68581973239543,24.389372465373707,24.754383,24.19244459944406,24.7283421092843,24.70481076314809,24.369717505570534,22.669142250216936,26.702497214573924
2016-02-01,Dhaka,2014,29.8,27.17,28.52946009948012,28.412145560522855,28.077614,28.301445689401937,28.60612760189459,28.548451130232777,28.037784979772372,26.51194578946184,30.546974409498397
2016-03-01,Dhaka,2014,33.11,32.4,32.75164505563984,32.75922643809329,32.22096,33.575641889621785,32.8536471530305,32.7706360863925,32.689488370004135,30.733798245700804,34.76949186557888
2016-04-01,Dhaka,2014,35.14,36.44,34.41876519865544,34.32803691902932,34.474392,35.29252587002668,34.527708449546886,34.4377562294081,34.50368709629909,32.40078625255932,36.436744144751565
2016-05-01,Dhaka,2014,33.68,35.18,33.89985466778188,33.90886068798548,33.88546,34.647998761592845,34.041391545970725,33.91884569853454,33.92239291624603,31.88182320774913,35.91788612781463
2016-06-01,Dhaka,2014,33.93,33.23,33.001537675572145,32.74425241456444,33.031925,33.65029799884262,33.120068974591334,33.020528706324804,33.00759918219326,30.98348534695983,35.01959000418446
2016-07-01,Dhaka,2014,32.23,32.87,32.3180804038816,32.237257661547005,31.891752,32.58543615718968,32.41760379018126,32.33707143463426,32.17217276711223,30.300019787817146,34.33614101994606
2016-08-01,Dhaka,2014,33.28,32.16,32.33971551692748,32.30341778995094,32.111248,32.88236997094035,32.46013971719874,32.358706547680136,32.26853570831288,30.321651623854155,34.357779410000795
2016-09-01,Dhaka,2014,32.87,32.86,32.490379854642775,32.376092344400156,32.068783,33.16607215838591,32.6075209294326,32.509370885395434,32.39887083554192,30.472314701451673,34.50844500783388
2016-10-01,Dhaka,2014,33.07,32.2,32.05297781429187,31.951633668717566,31.73905,32.89813466004939,32.15610017213804,32.07196884504453,31.80204439264013,30.034912266759875,34.07104336182387
2016-11-01,Dhaka,2014,29.6,30.22,29.897576868705784,29.732363313544614,30.131794,30.44377681010752,29.971895004195943,29.916567899458443,29.53975092171182,27.879511432381285,31.915642305030282
2016-12-01,Dhaka,2014,27.76,24.52,26.109832215352967,26.015110865899803,26.05651,26.096623728894507,26.163589663041027,26.128823246105625,25.814235810401254,24.091767497372757,28.127896933333176
2017-01-01,Dhaka,2014,26.37,24.29,24.704862869441868,24.45413940200653,24.68074,24.30755810528086,24.76985411814348,24.723853900194527,24.391462224010464,22.6798438920762,26.729881846807537
2017-02-01,Dhaka,2014,29.57,27.17,28.547817108826596,28.359604991904487,28.021793,28.182507118444985,28.641630515358592,28.566808139579255,28.24282479178685,26.52202644715699,30.573607770496203
2017-03-01,Dhaka,2014,30.48,32.4,32.76956950563349,32.725800689054964,32.239906,33.17103415557502,32.89258724510562,32.78856053638615,32.57780625469206,30.743472220526833,34.79566679074015
2017-04-01,Dhaka,2014,32.79,36.44,34.43641694781843,34.30194982010015,34.237335,35.217854605289226,34.57332687485779,34.45540797857109,34.373422430573875,32.41019780880935,36.46263608682751
2017-05-01,Dhaka,2014,34.5,35.18,33.917334496623276,33.880212763362316,33.526764,34.65396147649735,34.05147534802442,33.936325527375935,33.97651751429233,31.891066929978347,35.9436020632682
2017-06-01,Dhaka,2014,33.04,33.23,33.01890911971628,32.71011312874675,32.8061,33.69760435511196,33.15659279202112,33.037900150468936,33.02143387485245,30.992622308519447,35.0451959309131
2017-07-01,Dhaka,2014,31.98,32.87,32.33538351845019,32.18589460200558,31.715559,32.63567044672592,32.480634168000606,32.35437454920285,32.24571696470077,30.309089065233195,34.36167797166719
2017-08-01,Dhaka,2014,32.59,32.16,32.356975554096664,32.27923561864282,31.974983,32.76985913956305,32.50289583259694,32.37596658484932,32.238117275094105,30.330678080327356,34.383273027865975
2017-09-01,Dhaka,2014,33.08,32.86,32.50761273428428,32.34009986150023,32.036034,32.96850946754377,32.64460416518312,32.52660376503694,32.3553989938297,30.481314102153405,34.533911366415154
2017-10-01,Dhaka,2014,31.99,32.2,32.070193572860134,31.935708068412147,31.751177,32.782003583233006,32.18571132617254,32.08918460361279,31.89309132252788,30.04389458639854,34.09649255932173
2017-11-01,Dhaka,2014,30.19,30.22,29.914781833539354,29.74419828878576,30.081049,30.49410479467686,30.001990300063426,29.933772864292013,29.60466506966278,27.888482973098554,31.941080693980155
2017-12-01,Dhaka,2014,26.76,24.52,26.12703037543154,26.044507637720532,26.108,26.319094225679834,26.19310101909376,26.1460214061842,25.775330626479256,24.10073223648332,28.153328514379762
2018-01-01,Dhaka,2017,23.6,26.37,25.147586356174248,25.365017365900467,25.874952,25.497151852219073,25.08136120969196,25.146488553170162,25.008336019564332,23.318527055203425,26.97664565714507
2018-02-01,Dhaka,2017,29.22,29.57,28.891476591280483,28.340883583942116,28.747637,28.65330363314764,28.776826326081856,28.876495540304862,28.589058223178206,26.966857201145285,30.816095981415682
2018-03-01,Dhaka,2017,33.32,30.48,32.6858989111456,32.13931843795541,32.759724,32.324010333017355,32.63558617599205,32.687734507427635,32.69688866516738,30.72560614858303,34.64619167370817
2018-04-01,Dhaka,2017,33.03,32.79,34.319509461210956,34.68822466249023,33.59981,34.201318679010555,34.54982056673045,34.304528410235335,34.262131376425195,32.34560660418447,36.29341231823744
2018-05-01,Dhaka,2017,32.33,34.5,34.01251221124741,34.221441184081186,33.925476,33.99529525435244,34.11613893296349,33.99753116027179,34.140510893181876,32.033376030028094,35.99164839246673
2018-06-01,Dhaka,2017,33.54,33.04,33.11419795564919,33.02032567526015,32.898346,33.09476837737724,33.12541141524005,33.09921690467357,32.967421323027295,31.133043534052348,35.09535237724603
2018-07-01,Dhaka,2017,32.79,31.98,32.29186689922704,32.375433654376636,32.065376,32.14042522569257,32.46077121320268,32.292014843543306,32.256759043314545,30.30993326780504,34.273800530649034
2018-08-01,Dhaka,2017,33.8,32.59,32.511236335651674,32.55624141167048,32.130917,32.250489027671755,32.705916361690086,32.51138427996794,32.55462729706022,30.529001747462146,34.4934709238412
2018-09-01,Dhaka,2017,34.13,33.08,32.64227669831285,32.526717750248665,32.10555,32.19508476013453,32.79009403194195,32.642424642629116,32.472366450955775,30.659925887292268,34.62462750933343
2018-10-01,Dhaka,2017,31.99,31.99,32.205901893887074,32.16557148431249,31.838223,31.956112448481104,32.347268283213324,32.20604983820334,31.979945394315443,30.223506290815926,34.18829749695822
2018-11-01,Dhaka,2017,30.29,30.19,29.986180459556703,30.122649472617905,30.128605,29.847155513999972,30.098089292433,29.98632840387297,29.59177291632415,28.00376783545152,31.968593083661887
2018-12-01,Dhaka,2017,26.14,26.76,26.378298560736425,26.52126999421282,26.090275,26.290086171352918,26.4796830832243,26.363317509760805,26.06203762450648,24.395880096878845,28.360717024594006
2019-01-01,Dhaka,2017,27.17,26.37,25.015687673959125,24.800579368393553,24.669174,24.786388286218116,25.098357190245668,25.000706622983504,24.749545224935133,23.02737242856021,27.00400291935804
2019-02-01,Dhaka,2017,28.35,29.57,28.816687252569427,28.133734210750063,28.072685,28.253960834936116,28.917421025759197,28.801706201593806,28.568157397380094,26.827715945053633,30.80565856008522
2019-03-01,Dhaka,2017,31.51,30.48,32.646607502818775,32.47213487490145,32.27183,32.35301665986049,32.78754115856815,32.631626451843154,32.36687932399608,30.65738277748183,34.63583222815572
2019-04-01,Dhaka,2017,33.68,32.79,34.302282797184226,34.32877409134225,34.041195,34.11124593038222,34.427810920978665,34.287301746208605,34.198877264694985,32.312960170444235,36.29160542392422
2019-05-01,Dhaka,2017,34.59,34.5,34.00900051414295,34.14312588966337,33.72887,33.78478135983626,34.128174742946996,33.99401946316733,33.995963312491995,32.01964006448747,35.998360963798426
2019-06-01,Dhaka,2017,33.58,33.04,33.11921118478545,32.987289461470404,32.834396,32.981232897456934,33.2561524024878,33.10423013380983,33.078494038139645,31.129836124516295,35.1085862450546
2019-07-01,Dhaka,2017,32.97,31.98,32.30217903778261,32.29539945078753,31.912092,31.87734949982148,32.45230342027742,32.302326982098876,32.22980663767666,30.312798338908994,34.291559736656225
2019-08-01,Dhaka,2017,33.75,32.59,32.52484216147692,32.5193858809979,31.961012,32.16956474224312,32.691920702415715,32.52499010579319,32.35353043029945,30.53545930043102,34.514225022522815
2019-09-01,Dhaka,2017,33.34,33.08,32.65792980877196,32.486054660271314,32.002144,32.267279253972426,32.829191438248024,32.65807775308823,32.48169608219491,30.66854615467526,34.64731346286866
2019-10-01,Dhaka,2017,32.06,31.99,32.222827552110715,32.169547158556334,31.744223,32.043725416924815,32.386185738400016,32.22297549642698,31.939638582993293,30.23344370115861,34.21221140306282
2019-11-01,Dhaka,2017,30.32,30.19,30.00389710589515,30.020830365251108,30.117916,29.842860762358676,30.14768892136889,30.004045050211417,29.631212699178974,28.014513462423608,31.99328074936669
2019-12-01,Dhaka,2017,24.76,26.76,26.396506868146616,26.356497752996994,25.907883,26.17038082800344,26.515853670859585,26.381525817170996,26.012835581401422,24.407124038707764,28.38588969758547
2020-01-01,Dhaka,2017,24.02,26.37,25.034201587237405,24.653487416318104,24.698994,24.588551645811787,25.14958432593663,25.019220536261784,24.733688267348228,23.039165429583463,27.029237744891347
2020-02-01,Dhaka,2017,27.45,29.57,28.83539112383295,28.18185922570339,27.883684,28.20811524775358,28.964820327294767,28.820410072857328,28.5668232004421,26.8397469236985,30.8310353239674
2020-03-01,Dhaka,2017,32.29,30.48,32.665429447849604,32.45687864590981,32.334213,32.395756420372415,32.80406236925228,32.65044839687398,32.47906277488102,30.66955037440356,34.661308521295645
2020-04-01,Dhaka,2017,33.83,32.79,34.3211781343102,34.35960468697977,34.045517,34.08321083944642,34.45710948673569,34.30619708333458,34.20531114987967,32.32520832306579,36.317147945554616
2020-05-01,Dhaka,2017,33.39,34.5,34.02794147020488,34.09511056969534,33.504307,33.66581112466797,34.15718066318896,34.01296041922926,33.995022609329325,32.0319366035838,36.02394633682596
2020-06-01,Dhaka,2017,33.38,33.04,33.138180496589435,32.93899953643129,32.53933,32.85658986439862,33.272693532738344,33.123199445613814,33.067979537452395,31.142162088584108,35.13419890459476
2020-07-01,Dhaka,2017,33.02,31.98,32.32116597490139,32.28978920358085,31.833218,31.81454220468788,32.47418786007025,32.32131391921766,32.21424105039118,30.32514234137352,34.31718960842926
2020-08-01,Dhaka,2017,32.94,32.59,32.54384005410945,32.50758721659601,31.842709,32.194786328529844,32.71533397197649,32.54398799842572,32.37392926724889,30.547814417952434,34.53986569026647
2020-09-01,Dhaka,2017,33.54,33.08,32.67693451111443,32.48957967811765,32.00852,32.28280558574944,32.85698013000049,32.6770824554307,32.49453955940356,30.680908143406686,34.67296087882218
2020-10-01,Dhaka,2017,33.16,31.99,32.24183648722133,32.14544952583268,31.732244,32.045151758201854,32.41359225289393,32.241984431537595,31.962050590715087,30.245809946054745,34.237863028387906
2020-11-01,Dhaka,2017,30.77,30.19,30.02290867200271,29.943456471854848,30.093563,29.80429857775869,30.17152102081572,30.02305661631898,29.662126092411828,28.026882346412577,32.018934997592844
2020-12-01,Dhaka,2017,25.97,26.76,26.41552006962487,26.27274924507885,25.916811,26.120641698976563,26.541562169345028,26.400539018649248,26.05328587749458,24.419494558753062,28.411545580496675
2021-01-01,Dhaka,2020,25.58,24.02,25.01672439837904,24.458502094208484,24.998737,24.350604902915478,24.96352094074064,24.87324272656889,24.802237285063637,23.19121728200748,26.8422315147506
2021-02-01,Dhaka,2020,29.53,27.45,28.72957925832472,27.939476999371443,28.74556,27.999007873237197,28.895803717661117,28.746172278734065,28.45376986949216,26.80937562223175,30.649782894417687
2021-03-01,Dhaka,2020,34.47,32.29,32.6043768062375,32.4233317175485,32.976917,32.78192334530773,32.7328299747969,32.66400031215767,32.67169851125419,30.651336689021743,34.55741692345325
2021-04-01,Dhaka,2020,36.13,33.83,34.159719193354,33.88316806542653,34.032253,34.521809060476635,34.125632858517484,34.1717879408968,34.02140354002598,32.1950388564696,36.1243995302384
2021-05-01,Dhaka,2020,34.97,33.39,33.928998463994574,34.09994960811074,33.419273,34.669375502732834,34.07025991324625,33.950860615095806,33.875503552122915,31.960161159164144,35.897835768825004
2021-06-01,Dhaka,2020,32.5,33.38,33.25622839273812,33.42360627810094,33.417442,33.85272578174713,33.479233984777316,33.29444312469961,33.425896540538375,31.2859026976944,35.22655408778185
2021-07-01,Dhaka,2020,32.84,33.02,32.496058688194836,32.639079720510416,32.547424,32.734255985286794,32.75894646166656,32.46087974745163,32.53163308176604,30.525199590028983,34.46691778636069
2021-08-01,Dhaka,2020,33.23,32.94,32.793322407896845,32.93343281245616,32.518345,32.93739304990976,32.983725606714344,32.795440186537085,32.85868840151075,30.822272092718432,34.764372723075255
2021-09-01,Dhaka,2020,33.89,33.54,32.940695859635674,32.9831386560268,32.652702,33.23740932952395,33.16888744671149,32.945308226304554,32.76057556833985,30.96957700117633,34.911814718095016
2021-10-01,Dhaka,2020,33.53,33.16,32.31832209302252,32.48096607878114,32.296925,32.66624549609803,32.47658846513728,32.341519326699434,31.88536240765033,30.347178700539086,34.28946548550596
2021-11-01,Dhaka,2020,30.0,30.77,30.155094373350384,30.32598068785636,30.241062,30.189678918200862,30.256893464434935,30.118677891170027,29.749081158551444,28.183942302105816,32.12624644459495
2021-12-01,Dhaka,2020,26.51,25.97,26.245580159774583,26.21038539174615,25.865475,26.140634380425983,26.31281113902574,26.277968988469404,25.93411737044413,24.27442530607687,28.216735013472295
2022-01-01,Dhaka,2020,25.15,24.02,25.03780685708838,24.465030286384852,24.357494,24.54284000288788,25.126846423428667,25.001390374908024,24.75333570569839,23.060304571943664,27.015309142233097
2022-02-01,Dhaka,2020,27.15,27.45,28.750001930821966,28.075971380059105,28.443655,28.476569329640746,28.82724499874717,28.71358544864161,28.53689775554648,26.771809725854727,30.728194135789206
2022-03-01,Dhaka,2020,33.92,32.29,32.62440439893254,32.34986977658757,32.95386,32.606688566467106,32.716901018378536,32.58798791675218,32.383696315534436,30.64596487417838,34.602843923686706
2022-04-01,Dhaka,2020,34.1,33.83,34.17951021237222,34.08632122801109,34.530758,34.125918895643316,34.296450137399916,34.20270744604913,34.06262038652103,32.20098201598019,36.158038408764256
2022-05-01,Dhaka,2020,33.5,33.39,33.94864782276023,34.09036020161685,34.14134,34.240932493706175,34.101261972827416,33.97184505643714,33.9219701658164,31.97008783338523,35.92720781213523
2022-06-01,Dhaka,2020,33.37,33.38,33.27579292538353,33.2404439435411,33.034214,33.64870840291553,33.44605603964599,33.23937644320317,33.20903069414381,31.297221537103074,35.25436431366398
2022-07-01,Dhaka,2020,34.27,33.02,32.515572426982786,32.521848755112146,32.325676,32.58382244955555,32.71473693569443,32.47915594480243,32.45330808309779,30.53699695345909,34.494147900506476
2022-08-01,Dhaka,2020,34.21,32.94,32.81280573133693,32.80787733937377,32.52478,32.695363860214016,33.03582042896437,32.83600296501384,32.63644293176829,30.83422879843028,34.79138266424358
2022-09-01,Dhaka,2020,33.21,33.54,32.96016097037383,32.7999224829296,32.457756,32.91855235920569,33.185186637710686,32.92374448819347,32.74605452516386,30.98158352931757,34.93873841143009
2022-10-01,Dhaka,2020,32.72,33.16,32.337776297999774,32.321625804243894,32.17191,32.471839027654134,32.53296499459667,32.360973531676684,32.03139865302068,30.35919871693203,34.31635387906751
2022-11-01,Dhaka,2020,31.04,30.77,30.17454204796101,30.143544579554497,30.1079,29.97250411129882,30.32462749058991,30.19773928163792,29.80193220523817,28.195964534358744,32.15311956156327
2022-12-01,Dhaka,2020,27.41,25.97,26.26502392400347,26.158680864412432,25.588009,26.11472684029615,26.371560776048728,26.28822115768038,25.88021993496664,24.286446762759766,28.24360108524717
2023-01-01,Dhaka,2020,25.08,24.02,25.057248279781756,24.43957129495019,24.461418,24.350122552331815,25.143951790346364,25.0208317976014,24.775331068588926,23.07250034056574,27.041996218997774
2023-02-01,Dhaka,2020,29.32,27.45,28.769441951404524,28.095444480651945,28.390253,28.28482356903143,28.860346408938995,28.733025469224167,28.516064656934468,26.784036655395642,30.754847247413405
2023-03-01,Dhaka,2020,32.35,32.29,32.64384357993153,32.40595690807272,32.83623,32.54115054183467,32.750934792633664,32.66704081360844,32.42725422050025,30.65820263437778,34.629484525485275
2023-04-01,Dhaka,2020,36.36,33.83,34.1989488906288,34.095933588282776,34.22949,34.114609235080316,34.31883504245198,34.22214612430571,34.00965350609693,32.213223457213175,36.18467432404442
2023-05-01,Dhaka,2020,35.44,33.39,33.968086199974785,34.01292194553226,34.076557,34.08733675325436,34.10555769502328,33.93166971779443,33.85821083566815,31.982330473622284,35.953841926327286
2023-06-01,Dhaka,2020,34.2,33.38,33.29523112233421,33.13583579281134,32.809544,33.43474863379377,33.46506552757819,33.31842835601112,33.20799522013115,31.309464534920046,35.28099770974837
2023-07-01,Dhaka,2020,34.41,33.02,32.5350105159915,32.452826823748374,32.318714,32.42512132673114,32.74211337082203,32.498594033811145,32.42868689845806,30.549240036175394,34.52078099580761
2023-08-01,Dhaka,2020,32.73,32.94,32.83224375571003,32.73761826002488,32.4887,32.541241313912025,33.062201113838334,32.795827273529675,32.661931180811806,30.846471885636507,34.81801562578355
2023-09-01,Dhaka,2020,34.03,33.54,32.97959895604314,32.73106829283077,32.42511,32.78590442478685,33.208243881777406,32.943182473862784,32.74083468974461,30.9938266025509,34.96537130953538
2023-10-01,Dhaka,2020,32.81,33.16,32.35721426049327,32.25344405184358,32.17528,32.3866068910526,32.55889804967793,32.38041149417018,32.04605181606021,30.371441775704213,34.34298674528233
2023-11-01,Dhaka,2020,30.92,30.77,30.19397999657683,30.04229740305248,29.944134,29.914377405214093,30.350076403375578,30.21717723025374,29.834897358033952,28.208207581951648,32.17975241120201
2023-12-01,Dhaka,2020,26.74,25.97,26.284461864309343,26.085845719406056,25.632004,26.10042557201954,26.395220356445066,26.248045382128986,25.912992961381967,24.29868980182124,28.270233926797445
2012-01-01,Chittagong,2011,25.37,25.04,25.050209106817135,25.57870431585987,25.803347,25.701160010590456,25.126374158009796,25.09296296717156,25.098405477215184,23.542819403506744,26.557598810127526
2012-02-01,Chittagong,2011,29.55,28.81,28.038875463507296,28.089306107209225,28.354856,28.08691159082288,27.932790487871426,28.044792555361212,27.7951006132654,26.416910985984913,29.66083994102968
2012-03-01,Chittagong,2011,30.28,30.51,30.597917021153563,30.4597518544624,30.423243,30.460458852592584,30.502475702548335,30.60383411300748,30.857687508747198,28.948507331037877,32.24732671126925
2012-04-01,Chittagong,2011,31.31,31.16,31.570993224604425,31.857898062480302,31.56875,31.27531765728145,31.74025160385004,31.61374708495885,31.433352884792722,29.90967638438623,33.23231006482262
2012-05-01,Chittagong,2011,32.32,31.47,31.908694411832027,31.91738357838326,31.966015,31.335546851118504,31.734319157025453,31.883508335071735,32.18017535564593,30.23950523084402,33.57788359282004
2012-06-01,Chittagong,2011,31.09,30.58,31.080643053841815,31.153289063922955,30.971329,31.290272068809635,31.185537664421396,31.10614079025112,31.281498903765964,29.405048292125766,32.75623781555786
2012-07-01,Chittagong,2011,30.14,31.19,30.514434977477826,31.18122949964175,30.914814,30.381183117775095,30.754624797348384,30.526734500235357,30.266178300965603,28.833182935460204,32.195687019495445
2012-08-01,Chittagong,2011,31.11,30.4,30.866901482794983,31.00651833179059,31.209053,30.8253387803048,30.835505339693526,30.879201005552513,30.882708173526396,29.180503856843732,32.55329910874624
2012-09-01,Chittagong,2011,31.24,30.68,31.299942277947338,31.598843087904847,31.352085,31.556118279576715,31.359579834379115,31.34269613830176,31.19053370782634,29.608816183046503,32.991068372848176
2012-10-01,Chittagong,2011,31.15,31.16,31.465758614001786,31.26522798772628,31.106771,31.031292732903573,31.515563146692408,31.50373927479795,31.083244226142803,29.77027168886186,33.16124553914171
2012-11-01,Chittagong,2011,28.76,28.81,29.811790373538717,28.877805107037652,28.661537,28.510799508743123,29.687675644515583,29.849771034334882,29.716039050518766,28.112276829003218,31.511303918074216
2012-12-01,Chittagong,2011,24.73,25.15,26.991188638764594,26.015196437292992,26.048044,26.026616998954175,26.941077040289535,27.033942499119018,26.87498004169513,25.287958545635203,28.694418731893986
2013-01-01,Chittagong,2011,25.0,25.04,25.812155236053822,25.520994895420465,25.831467,25.80235508769672,25.807416390120533,25.854909096408246,25.661610994193722,24.09538609975839,27.528924372349255
2013-02-01,Chittagong,2011,29.28,28.81,28.44454555168565,27.88536511796055,28.104334,28.359405001496356,28.30618660984192,28.487299412040073,28.369825719292116,26.721511276907236,30.167579826464063
2013-03-01,Chittagong,2011,31.13,30.51,30.88230790467001,30.415881103297867,30.725475,30.66136927097046,30.84467434202808,30.925061765024434,30.707585906351422,29.154985620666093,32.60963018867393
2013-04-01,Chittagong,2011,31.94,31.16,31.810628059832197,31.761248890401337,31.876678,31.250032928748414,31.771987564386656,31.85338192018662,31.689959643228736,30.079762933426423,33.54149318623797
2013-05-01,Chittagong,2011,30.35,31.47,32.12862503195948,32.19785348720804,32.222843,31.644065074651934,32.053869826808814,32.1713788923139,32.013154930989046,30.394610510696054,33.862639553222905
2013-06-01,Chittagong,2011,31.72,30.58,31.289198706981242,31.337690510948516,31.078543,30.934895136159394,31.334875792085942,31.331952567335666,31.073507805018437,29.552310644977414,33.026086768985074
2013-07-01,Chittagong,2011,31.33,31.19,30.714507076792877,31.010057489229627,30.97226,30.587460520310202,30.724957141967156,30.7572609371473,30.58358544718506,28.97497341599027,32.454040737595484
2013-08-01,Chittagong,2011,30.25,30.4,31.059608541185806,31.265644869888945,31.202578,31.0941562875098,31.068813199891785,31.10236240154023,30.830013620750957,29.31763152614514,32.80158555622647
2013-09-01,Chittagong,2011,31.29,30.68,31.485820338140307,31.704207657790253,31.487392,31.44397604462889,31.558333819581573,31.52857419849473,31.29155730291727,29.74158427827505,33.230056398005566
2013-10-01,Chittagong,2011,29.93,31.16,31.645148086656178,31.489910947879675,31.256144,30.887766105384387,31.672339600368076,31.6879019470106,31.41342561075383,29.89882266225537,33.39147351105699
2013-11-01,Chittagong,2011,28.72,28.81,29.984961903689495,29.24792109530657,28.749714,28.391770021087,30.005029360223343,30.02771576404392,29.739784987474817,28.236704410423407,31.733219396955583
2013-12-01,Chittagong,2011,26.02,25.15,27.158384214007743,26.248202677932284,26.47051,26.15013694521232,27.185153060821058,27.201138074362166,26.933937558477034,25.408343859743862,28.908424568271624
2014-01-01,Chittagong,2011,25.46,25.04,25.973601761178475,25.497867434157808,26.038935,26.042702998554216,25.931464742912162,26.0163556215329,25.80339097640613,24.214026478510156,27.733177043846794
2014-02-01,Chittagong,2011,27.8,28.81,28.600459473498685,27.857257783563497,28.06807,28.538818447418606,28.53303931828851,28.643213333853108,28.429123820904067,26.837074797690637,30.363844149306733
2014-03-01,Chittagong,2011,30.66,30.51,31.032896922301408,30.421860002163108,30.622913,30.55738873657533,30.987714849972978,31.07565078265583,30.866414996833655,29.267122328462293,32.79867151614052
2014-04-01,Chittagong,2011,33.26,31.16,31.956091880753107,31.765389436288824,32.177498,31.310460721364024,31.894362626050274,31.99884574110753,31.78996446677501,30.188413992904046,33.72376976860217
2014-05-01,Chittagong,2011,32.42,31.47,32.269155810580735,32.33292006619075,32.436188,31.475628769491244,32.24301208943797,32.31190967093516,32.1012596878382,30.499807960871856,34.038503660289614
2014-06-01,Chittagong,2011,31.16,30.58,31.424981372933576,31.390735932349994,31.32483,30.93092667282403,31.424472390042254,31.467735233288,31.266754058979586,29.65411603752636,33.19584670834079
2014-07-01,Chittagong,2011,31.19,31.19,30.845719620415192,30.991365012871018,31.042265,30.685411740937322,30.837631215343254,30.888473480769616,30.688145784753463,29.073458524063017,32.61798071676737
2014-08-01,Chittagong,2011,30.33,30.4,31.18642227841152,31.291750591286757,31.202578,31.07063709528917,31.214369813058045,31.229176138765943,30.992699008602,29.412872062193536,32.959972494629504
2014-09-01,Chittagong,2011,30.94,30.68,31.60840016223916,31.677859803559237,31.494074,31.37028438122233,31.649116869741583,31.651154022593584,31.384466373716347,29.83365768553448,33.38314263894384
2014-10-01,Chittagong,2011,31.14,31.16,31.763652709495233,31.610842630203237,31.391802,30.73828324266705,31.802948047937733,31.806406569849656,31.519540881462806,29.987807214100386,33.53949820489008
2014-11-01,Chittagong,2011,30.63,28.81,30.099544087611207,29.497905885972706,29.231743,28.245557163681404,30.143617966557372,30.14229794796563,29.854547269238815,28.322678772342623,31.87640940287979
2014-12-01,Chittagong,2011,27.76,25.15,27.26919099490578,26.430319099981613,27.123919,26.151873708880952,27.281614820264995,27.311944855260204,27.02969192756028,25.49138688302469,29.046995106786873
2015-01-01,Chittagong,2014,26.56,25.46,26.11920314292783,26.10572589265785,26.654316,26.049700829208902,26.152823574866336,26.23201510320777,26.162425556361043,24.60569919274507,27.63270709311059
2015-02-01,Chittagong,2014,28.91,27.8,28.714261127938506,27.24261854550923,28.01897,27.77670516323923,28.684957950285256,28.795922940899608,28.773809657480037,27.089242320162747,30.339279935714266
2015-03-01,Chittagong,2014,32.52,30.66,30.94713048480901,30.382605943265073,30.870035,30.52793536437714,31.005396472952736,30.976099146832553,30.966745268054318,29.297803931192615,32.596457038425406
2015-04-01,Chittagong,2014,32.26,33.26,31.957561845457384,31.662837315132208,31.900183,31.94972364388601,32.106487034469886,32.009690883135626,32.063200070749815,30.298746054263347,33.61637763665142
2015-05-01,Chittagong,2014,33.67,32.42,32.08313155326424,32.3169214210712,32.138435,31.868600462016207,32.13280290664892,32.07651311637265,32.00294143974353,30.41837053876136,33.74789256776712
2015-06-01,Chittagong,2014,32.49,31.16,31.327348947136134,31.740513383308716,31.256668,31.494182094662328,31.30955786064228,31.254763200490206,31.075939081306895,29.65776528159303,32.99693261267924
2015-07-01,Chittagong,2014,30.73,31.19,30.776874888317412,30.835201883148493,31.060497,30.756207495681142,30.67404711296661,30.715923003481453,30.466370295720548,29.1029334235751,32.45081635305972
2015-08-01,Chittagong,2014,32.04,30.33,30.966809570754002,31.156620266418546,31.150454,30.66373940635373,30.935012690259697,30.985530640894602,30.84805023342873,29.288770731965144,32.64484840954286
2015-09-01,Chittagong,2014,32.91,30.94,31.421659236592145,31.443766093434068,31.352898,31.12753257191292,31.434300896316874,31.505767917078824,31.324931674811474,29.739713726690237,33.10360474649406
2015-10-01,Chittagong,2014,31.74,31.14,31.461646478384164,31.654284799607574,31.243622,31.457573214869154,31.54544376073281,31.511286545305875,31.33298915082013,29.77595802190683,33.1473349348615
2015-11-01,Chittagong,2014,30.09,30.63,29.86509379651402,30.451532467823426,30.164776,30.09100822978946,30.032694221958117,29.834046038799034,29.745356246022872,28.175813330327586,31.554374262700456
2015-12-01,Chittagong,2014,26.47,27.76,26.95909675849095,27.513718003023016,26.966648,27.617508097294873,27.050254962247553,27.074065423435123,26.854712400975856,25.266368650239595,28.651824866742306
2016-01-01,Chittagong,2014,25.6,25.46,25.88382727364273,25.535792297910245,26.024578,25.82188468949145,25.903459051165058,25.924957954233598,25.730598248005453,24.177234315015575,27.590420232269885
2016-02-01,Chittagong,2014,29.38,27.8,28.6672354281653,27.208003096470897,27.868347,27.768514477336765,28.68613436989034,28.701663462143046,28.48178686272481,26.954283570897545,30.380187285433053
2016-03-01,Chittagong,2014,32.38,30.66,30.962508124181184,30.15423176551284,30.660496,30.403150835375865,30.98461380890561,30.99693615815893,30.70651372311626,29.245163466052414,32.67985278230995
2016-04-01,Chittagong,2014,32.67,33.26,31.993292871690276,31.731472222493835,31.947113,31.801149623447827,32.01919998711867,31.9435251912241,31.76749474183676,30.27222681518287,33.71435892819768
2016-05-01,Chittagong,2014,32.99,32.42,32.12518275811934,32.45744586476965,32.33684,31.920373951849943,32.153171323375275,32.13253485927024,31.940087089714456,30.400697506282803,33.84966800995587
2016-06-01,Chittagong,2014,33.03,31.16,31.371042993842263,31.781159899233373,31.4463,31.42100514717201,31.36900840603799,31.378395094993163,31.12754394121883,29.643322786755846,33.09876320092868
2016-07-01,Chittagong,2014,31.29,31.19,30.82065861489099,30.807357942462605,31.020903,30.778040552020155,30.826212218690436,30.82801071604189,30.60763451135479,29.089846316522824,32.55147091325916
2016-08-01,Chittagong,2014,31.93,30.33,31.010172950962176,31.287840409816596,31.216913,30.772855120907465,31.039051366554446,31.044600984939922,30.81659707247595,29.276394612105626,32.743951289818725
2016-09-01,Chittagong,2014,32.81,30.94,31.464440431073164,31.503877751860088,31.460066,31.219439701090987,31.507486187820625,31.49886846505091,31.27790442276814,29.727813407436592,33.20106745470974
2016-10-01,Chittagong,2014,32.65,31.14,31.50379976320269,31.688887568532724,31.424845,31.453488053344273,31.576444575943988,31.538227797180436,31.281715265691375,29.7644355435023,33.24316398290308
2016-11-01,Chittagong,2014,29.48,30.63,29.906612067135477,30.313859861466252,29.560143,29.891254580560883,29.98486665044665,29.941040101113224,29.684162719249322,28.164617550468414,31.64860658380254
2016-12-01,Chittagong,2014,28.64,27.76,26.999985653344737,27.302409665317683,26.968348,27.458122185348266,27.050889021661717,27.034413687322484,26.763436392364557,25.255465168666774,28.7445061380227
2017-01-01,Chittagong,2014,27.47,25.46,25.924096535719148,25.4776086487857,26.142529,25.664101719445007,25.951819846365296,25.958524569696895,25.71524287789418,24.167779049716557,27.680414021721738
2017-02-01,Chittagong,2014,30.05,27.8,28.706896023108303,27.250835584811,27.940577,27.776897024762278,28.7180238579833,28.74132405708605,28.509292299336924,26.9454838410767,30.468308205139905
2017-03-01,Chittagong,2014,30.26,30.66,31.00157128067903,30.11244594763119,30.595764,30.393800869149302,31.003210856125023,31.035999314656777,30.756885446445146,29.236763600856413,32.76637896050165
2017-04-01,Chittagong,2014,31.87,33.26,32.03176976375487,31.69944601132861,31.903889,31.795645422149015,32.043282256844805,32.06619779773262,31.810972335820818,30.264129074416534,33.79941045309321
2017-05-01,Chittagong,2014,33.71,32.42,32.16308440166943,32.452868487145665,32.38471,31.94326765498561,32.17830672925118,32.17043650282033,31.956529645967297,30.392854698229016,33.933314105109844
2017-06-01,Chittagong,2014,32.46,31.16,31.408380214801674,31.7372978123811,31.416243,31.397587932836625,31.421824187129236,31.415732315952575,31.19262426665189,29.63570486317942,33.18105556642393
2017-07-01,Chittagong,2014,31.36,31.19,30.85744204111935,30.805199662305455,30.999697,30.81179476263184,30.87978115603198,30.86479414227025,30.670381465500796,29.08242961700692,32.632454465231774
2017-08-01,Chittagong,2014,32.52,30.33,31.04641301209569,31.272451831071553,31.242916,30.81924238640079,31.078710460671285,31.080841046073438,30.84754235235345,29.26915833469515,32.82366768949623
2017-09-01,Chittagong,2014,32.09,30.94,31.500147360959183,31.50590773111541,31.460066,31.2460800552848,31.54918410344843,31.53457539493693,31.292271325381137,29.720738421551562,33.27955630036681
2017-10-01,Chittagong,2014,31.68,31.14,31.538983603153557,31.65391014087043,31.483917,31.457167422148043,31.605765414876167,31.573411637131304,31.31549599432952,29.75750397258411,33.320463233723004
2017-11-01,Chittagong,2014,30.91,30.63,29.94128266941004,30.20485775844664,29.748108,29.791985501638116,30.00886661317651,29.975710703387787,29.719589244048752,28.15781262263667,31.72475271618341
2017-12-01,Chittagong,2014,27.8,27.76,27.034152684660754,27.141235960720728,27.100792,27.330185655138763,27.086016019661585,27.0685807186385,26.78614477096437,25.24877118454634,28.81953418477517
2018-01-01,Chittagong,2017,25.02,27.47,26.668534335792128,26.987792059652996,27.222462,26.56660647769458,26.64598113122818,26.733117853403154,26.768934610935194,25.159721159156515,28.17734751242774
2018-02-01,Chittagong,2017,28.79,30.05,29.38046081365716,29.175225879680607,29.75534,29.261825126837593,29.408766943317765,29.32014922799241,29.478699206666708,27.765840143427077,30.99508148388724
2018-03-01,Chittagong,2017,31.66,30.26,31.67261939221134,30.996366598664657,30.980305,30.991068862822964,31.544577842628147,31.687342189299667,31.56170547634558,30.033635223938894,33.31160356048379
2018-04-01,Chittagong,2017,32.94,31.87,32.61775318103782,32.312957381273485,32.20343,31.74938184420423,32.67761593796163,32.64222044627122,32.56049893524063,30.968091007779968,34.26741535429567
2018-05-01,Chittagong,2017,32.82,33.71,32.96177312256591,32.962383766136995,32.304527,32.52536885395825,33.16071770460798,32.96970095475958,32.907223663463704,31.30482392512549,34.61872232000633
2018-06-01,Chittagong,2017,32.15,32.46,32.176257087932,32.05752162975701,31.752705,31.92281355402701,32.1562896729199,32.18144950232379,31.926590023823806,30.513199272647373,33.839314903216625
2018-07-01,Chittagong,2017,31.97,31.36,31.44508449353402,31.251327102819555,31.265818,31.227309153673357,31.529711977797533,31.463033124731233,31.335985346755482,29.776500423718723,33.113668563349314
2018-08-01,Chittagong,2017,32.84,32.52,31.792610354941367,31.544133656638902,31.58157,31.280911003437335,31.82479519104452,31.817771246876596,31.49288152008501,30.11889637629521,33.46632433358752
2018-09-01,Chittagong,2017,33.01,32.09,32.22694002333955,32.11812974518295,31.71278,31.642159382362745,32.19264554678667,32.223650322853786,32.16217087894063,30.548423384601808,33.9054566620773
2018-10-01,Chittagong,2017,30.5,31.68,32.15020713871309,32.32521740656182,31.563625,31.85663006882313,32.261591651352866,32.14691743822733,32.05147521590681,30.467181445703375,33.83323283172281
2018-11-01,Chittagong,2017,30.46,30.91,30.48505858535482,30.83428243337944,30.676044,30.272883136694567,30.59450323214589,30.51021947729005,30.36675549064861,28.797795597099956,32.172321573609686
2018-12-01,Chittagong,2017,26.78,27.8,27.654846867015106,27.91452370455101,27.831934,27.429912986361877,27.688609486638754,27.65155716652934,27.469760574626594,25.963603113938564,29.346090620091648
2019-01-01,Chittagong,2017,27.39,27.47,26.60071950811722,26.42227861911184,26.42741,25.817454484772043,26.657753971790022,26.597429807631453,26.484864369944354,24.897218917792106,28.304220098442332
2019-02-01,Chittagong,2017,28.9,30.05,29.33771469814557,28.65978861826884,29.31699,28.351485880211474,29.358299935365142,29.334424997659806,29.15427763277431,27.62811664344184,31.047312752849304
2019-03-01,Chittagong,2017,31.03,30.26,31.63866701120353,31.190642197340978,31.284271,30.745231940411593,31.637748520821358,31.635377310717764,31.43693791337218,29.924629503532266,33.352704518874795
2019-04-01,Chittagong,2017,33.21,31.87,32.587507272084224,32.32422718609887,32.13414,31.798303280856615,32.65443295769857,32.58421757159846,32.373338585792155,30.86965071638691,34.305363827781534
2019-05-01,Chittagong,2017,33.78,33.71,32.933624323416815,32.87598766551499,32.28601,32.48054626232497,32.9774633190627,32.93033462293105,32.664271695324416,31.2122792802173,34.65496936661633
2019-06-01,Chittagong,2017,33.28,32.46,32.14967776202632,32.00083901995541,31.872997,31.749721311110342,32.18258379023767,32.146388061540556,31.886927841810966,30.425081657043815,33.874273867008824
2019-07-01,Chittagong,2017,31.47,31.36,31.419883993918326,31.14429974209156,31.07204,30.952656112579707,31.47057197215796,31.41659429343256,31.165089247891032,29.692238124418353,33.1475298634183
2019-08-01,Chittagong,2017,32.67,32.52,31.768703542970595,31.62510387351767,31.352018,31.23430117615534,31.796916359250993,31.76541384248483,31.53660015123394,30.0381905142314,33.499216571709795
2019-09-01,Chittagong,2017,32.48,32.09,32.204275303604405,32.00850241318359,31.534857,31.572622977222863,32.256278865756016,32.20098560311864,32.00036207788914,30.471064772805743,33.93748583440307
2019-10-01,Chittagong,2017,32.36,31.68,32.12874407101109,32.30931137336246,31.472315,31.79508475777326,32.20595312193701,32.125454370525325,31.9180344318865,30.392995019985765,33.864493122036414
2019-11-01,Chittagong,2017,30.65,30.91,30.464760905451772,30.751767568187844,30.432755,30.088204316805783,30.53547502860631,30.461471204966006,30.271857908254947,28.726623144847892,32.20289866605565
2019-12-01,Chittagong,2017,26.81,27.8,27.635680296953915,27.863370404930418,27.380394,27.254932344555403,27.704125792471377,27.63239059646815,27.437123339715896,25.895297751343495,29.376062842564334
2020-01-01,Chittagong,2017,25.33,27.47,26.582651055678827,26.213800957830685,25.909882,25.697363971328407,26.638804309744657,26.57936135519306,26.425328155083463,24.8332758555561,28.332026255801555
2020-02-01,Chittagong,2017,27.22,30.05,29.320712419707725,28.454984073743084,29.253708,28.177707811590942,29.348356404782475,29.31742271922196,29.123734790570854,27.56734326756785,31.0740815718476
2020-03-01,Chittagong,2017,31.76,30.26,31.622699919184125,31.071451440762303,31.392054,30.62580572710013,31.65120887258318,31.61941021869836,31.382881465732865,29.866591046639797,33.37880879172845
2020-04-01,Chittagong,2017,32.71,31.87,32.57254528786819,32.209894679400534,32.241184,31.79548672555268,32.610565975810694,32.56925558738242,32.31877018843223,30.814132329990027,34.33095824574635
2020-05-01,Chittagong,2017,33.19,33.71,32.919638244950804,32.83844808511974,32.38819,32.47436968822825,32.957538921728656,32.91634854446504,32.65849703799774,31.159135803319526,34.680140686582085
2020-06-01,Chittagong,2017,32.62,32.46,32.13663923648842,31.947351253543527,31.764853,31.64370506960791,32.18073864971584,32.133349536002655,31.83371877581824,30.374193164596953,33.89908530837989
2020-07-01,Chittagong,2017,32.03,31.36,31.407765492466524,31.090356993901167,31.073767,30.945377574447225,31.447983865050556,31.404475791980758,31.133027046939453,29.643496394911182,33.172034590021866
2020-08-01,Chittagong,2017,31.93,32.52,31.757478336624086,31.603264393476174,31.431437,31.20431295528216,31.796883712537674,31.75418863613832,31.50783507416188,29.99149471893251,33.52346195431566
2020-09-01,Chittagong,2017,32.83,32.09,32.193917439949715,31.92470616109594,31.512146,31.523939961050903,32.24651801904023,32.19062773946395,31.97542517862002,30.426319947445048,33.96151493245438
2020-10-01,Chittagong,2017,33.06,31.68,32.11922835162351,32.23558016677342,31.47258,31.7182068419992,32.1844449648672,32.115938651137746,31.905965543164427,30.350111398173546,33.88834530507348
2020-11-01,Chittagong,2017,31.09,30.91,30.45606286398475,30.66816487674119,29.935946,29.963338903284207,30.53074084491495,30.452773163498986,30.27480100404772,28.685515794741697,32.226609933227806
2020-12-01,Chittagong,2017,27.36,27.8,27.627776177868707,27.753168597558297,27.220661,27.15122454942208,27.700495550597516,27.62448647738294,27.429549658593878,25.855886389050525,29.39966596668689
2021-01-01,Chittagong,2020,27.24,25.33,26.49875025133484,26.539304537678113,26.207382,25.772846045826043,26.34985849503311,26.381658431690866,26.511737584375936,24.992912453001168,28.004588049668513
2021-02-01,Chittagong,2020,28.89,27.22,29.1928867799126,28.69282443124942,28.541271,27.26771070042726,29.099977778128018,29.01996078611244,28.839402678715665,27.58222709072397,30.803546469101235
2021-03-01,Chittagong,2020,32.97,31.76,31.67137174189339,31.303776029371225,31.384228,31.042469159467153,31.72688878512154,31.578740983011823,31.66865915355596,30.037553698249667,33.30518978553712
2021-04-01,Chittagong,2020,33.7,32.71,32.713164534360935,32.369564058189475,32.427055,32.82551270808755,32.77033535335765,32.678661819488575,32.54058132433241,31.069708855692504,34.356620213029366
2021-05-01,Chittagong,2020,33.78,33.19,33.062759184404236,33.10657487397597,32.685246,33.18620228707506,32.99971823854131,33.04326253862582,32.55863700672618,31.412931622348182,34.71258674646029
2021-06-01,Chittagong,2020,31.63,32.62,32.30040886625983,32.660192169107646,31.874657,32.71932430400131,32.335309723635945,32.17409082874991,32.22701899017356,30.645300109061772,33.95551762345789
2021-07-01,Chittagong,2020,31.92,32.03,31.567907269299734,31.542245610616984,31.01528,31.613765752141717,31.658459607175132,31.800481896103133,31.522557633200584,29.90802609470605,33.227788443893424
2021-08-01,Chittagong,2020,31.7,31.93,31.955257955632387,31.74376788253277,31.610907,31.536021065327493,32.039088993800945,32.047189432821455,31.947834182488567,30.290933680244652,33.619582231020125
2021-09-01,Chittagong,2020,33.0,32.83,32.370499326718125,32.38723753064181,31.846485,32.558189869099124,32.531836628069364,32.579054846298966,32.3125906272139,30.70199721163448,34.039001441801766
2021-10-01,Chittagong,2020,33.22,33.06,32.20265391371141,32.54814766045961,31.891853,32.781849494387295,32.33227188176161,32.2927127768744,32.03462123400322,30.5302103658245,33.875097461598315
2021-11-01,Chittagong,2020,31.52,31.09,30.587929533545474,31.052677280034995,30.420681,31.214965121159537,30.570477727628493,30.577004219156304,30.47517651806344,28.911763823804456,32.26409524328649
2021-12-01,Chittagong,2020,27.69,27.36,27.625665766988494,27.998652656473723,27.596212,28.045564134364042,27.60223417463166,27.54548747638295,27.454135643319177,25.94598722058148,29.30534431339551
2022-01-01,Chittagong,2020,26.02,25.33,26.571224652336245,26.439042663580793,26.109257,25.97019118622049,26.547694431247393,26.598330559314494,26.462295962985813,24.88163302925379,28.260816275418698
2022-02-01,Chittagong,2020,27.93,27.22,29.205044214664568,28.55883313531332,28.352577,27.27771970346136,29.16077173660882,29.07831867509948,28.94728078396821,27.510282529605625,30.89980589972351
2022-03-01,Chittagong,2020,32.44,31.76,31.665133717115875,31.18380422622409,30.925013,30.787098366186935,31.6556307932582,31.723883128370996,31.47872928084069,29.966525364318123,33.36374206991363
2022-04-01,Chittagong,2020,33.12,32.71,32.701745570713584,32.41809423117978,32.008747,32.64546379758737,32.6919788477649,32.72835064966411,32.47589256563363,30.999794237439424,34.40369690398774
2022-05-01,Chittagong,2020,33.15,33.19,33.05031347646838,33.08463253126656,32.269566,32.968839410462884,33.05319297778051,33.09570173173672,32.867316389497496,31.34528894530763,34.755338007629135
2022-06-01,Chittagong,2020,32.14,32.62,32.2882313446173,32.570222433031475,31.693203,32.45311000809915,32.34387143910112,32.35318907508939,32.1154212473443,30.5803275100093,33.996135179225305
2022-07-01,Chittagong,2020,33.25,32.03,31.556390829530358,31.43052925637986,30.979153,31.489941756935462,31.615331840174907,31.61242936193645,31.433763401584326,29.845772349178286,33.267009309882425
2022-08-01,Chittagong,2020,33.27,31.93,31.944511206802133,31.741543379103096,31.154253,31.305588729392227,32.012616545600764,32.038040423747304,31.831516386195972,30.231327959940824,33.657694453663446
2022-09-01,Chittagong,2020,32.55,32.83,32.36054156000966,32.269414739363526,31.628357,32.2846461092381,32.44477944238092,32.459501840428054,32.24034553866315,30.6449334281311,34.07614969188822
2022-10-01,Chittagong,2020,32.82,33.06,32.19347662937058,32.52674953794753,31.779785,32.59911480243628,32.25230587390179,32.23488693397654,32.053891472380116,30.475575389085726,33.91137786965543
2022-11-01,Chittagong,2020,31.47,31.09,30.579515849929322,31.196818349737498,29.99343,31.198780592379467,30.618086416476217,30.630398632716407,30.404930790254074,28.85944657680253,32.29958512305612
2022-12-01,Chittagong,2020,28.5,27.36,27.617996536228844,28.24388086171688,27.04981,28.322401962106646,27.635978330990877,27.607277018051633,27.406321497709715,25.89588160559906,29.340111466858627
2023-01-01,Chittagong,2020,27.1,25.33,26.56428038049125,26.547883283887863,26.10441,26.183887187783878,26.543797911885914,26.528850489292378,26.390541555967186,24.834867926807,28.293692834175502
2023-02-01,Chittagong,2020,28.91,27.22,29.198805657911763,28.46648018306369,28.088419,27.31409373266882,29.16335023460448,29.287775745380387,28.998102543764613,27.465963436436983,30.931647879386542
2023-03-01,Chittagong,2020,32.1,31.76,31.659582060327818,31.17963127743573,30.754644,30.539057103758047,31.63759499888099,31.674162654703547,31.42840849024984,29.924322284402972,33.39484183625267
2023-04-01,Chittagong,2020,34.13,32.71,32.69686247447744,32.412902099614044,32.0915,32.41906845656289,32.693363383811864,32.76839955190435,32.5021216727146,30.95954450738813,34.43418044156675
2023-05-01,Chittagong,2020,33.24,33.19,33.046081082832124,33.040209494482724,32.240913,32.65782332827993,33.073512459980506,33.186785863649156,32.851161848854545,31.30688362333235,34.7852785423319
2023-06-01,Chittagong,2020,32.88,32.62,32.28463227005178,32.54800421320142,31.599855,32.240653775811815,32.331196958934314,32.20729048998529,32.10116008929098,30.543677071233095,34.02558746887047
2023-07-01,Chittagong,2020,33.69,32.03,31.55340815409277,31.407671347383808,30.979153,31.344106382436564,31.604694837056762,31.694638394556982,31.42320809387594,29.81079607836369,33.29602022982185
2023-08-01,Chittagong,2020,31.26,31.93,31.942128462330782,31.700135303091006,31.112497,31.131413686290326,32.00482212112358,32.00324538870284,31.821349296163966,30.197950548301552,33.68630637636001
2023-09-01,Chittagong,2020,33.1,32.83,32.35874271823689,32.22326585424424,31.417343,32.02938889726396,32.425358158270804,32.2814009381704,32.23954273060819,30.61308378326318,34.1044016532106
2023-10-01,Chittagong,2020,32.26,33.06,32.192246090228004,32.52221303817898,31.729803,32.354228923377086,32.254240620783726,32.230457234734935,32.03773258222112,30.445186145326954,33.93930603512906
2023-11-01,Chittagong,2020,31.21,31.09,30.578838430125874,31.294579980888823,29.672987,31.059458671854898,30.626898359679767,30.543408538927,30.404979110685257,28.830453869254033,32.32722299099771
2023-12-01,Chittagong,2020,28.1,27.36,27.617857458121556,28.399166589256318,26.98189,28.387938626717748,27.633627047119404,27.585229439712542,27.40190776910949,25.868225034016827,29.367489882226284
2012-01-01,Barisal,2011,24.65,24.96,25.70427597501499,25.287916242626004,25.224976,25.342049054236185,25.724733011296678,25.67202919536454,25.486685682573434,24.205180338459723,27.203371611570258
2012-02-01,Barisal,2011,29.61,29.35,28.92108271565031,28.23008784988219,28.21486,28.054235597161203,28.985005636871783,28.920084279060585,28.62844615842775,27.382700892700967,30.459464538599654
2012-03-01,Barisal,2011,33.27,32.42,32.73102754992185,32.28880174439852,31.760338,32.269927880681465,32.77618105075769,32.718122272610046,32.646053080382366,31.1784755748013,34.2835795250424
2012-04-01,Barisal,2011,33.77,33.31,33.962611973084556,33.83544366606455,33.72324,34.003788999593354,34.00530763607781,33.930365193434106,34.003421577720516,32.404891350554365,35.52033259561475
2012-05-01,Barisal,2011,34.61,33.82,33.817697196105534,33.564816401589816,32.967743,33.8814894122033,33.811025713739355,33.80479191879373,33.55631777394414,32.258083784835314,35.377310607375755
2012-06-01,Barisal,2011,33.33,32.3,32.43707391708311,32.08114988902406,32.228752,32.428534552500615,32.55832470345221,32.409697246692744,32.511361599578436,30.876766370006536,33.99738146415969
2012-07-01,Barisal,2011,31.94,31.76,31.568918547746662,31.342507405169084,31.270714,30.997860611642118,31.57738607668152,31.541541877356295,31.31499365376559,30.008356341829476,33.12948075366385
2012-08-01,Barisal,2011,32.09,31.01,31.77063173011663,31.300474255849906,31.335241,31.460653707226896,31.702737883732233,31.757726452804828,31.843252090488438,30.209976168833908,33.331287291399356
2012-09-01,Barisal,2011,31.82,31.67,32.07516947536892,31.76516688710684,31.705,32.10039162707258,32.15398825508557,32.04779280497855,31.98019242905652,30.514479933132936,33.6358590176049
2012-10-01,Barisal,2011,32.05,32.91,32.16260071692667,31.95127960577903,31.79806,31.938102462673797,32.221339468422,32.1352240465363,31.81347573823208,30.601899472601303,33.723301961252034
2012-11-01,Barisal,2011,29.16,30.34,30.243617960899105,30.087823273160808,30.39388,30.105793580940087,30.16463474798469,30.216241290508737,29.992513579352412,28.682914519445227,31.804321402352983
2012-12-01,Barisal,2011,25.2,26.13,27.05953915790225,26.561895147737474,26.332304,26.48543521258323,27.04123755802579,27.032162487511883,26.859503026976814,25.49884062596001,28.62023768984449
2013-01-01,Barisal,2011,24.81,24.96,25.91008935818998,25.24626340501554,25.134672,25.171144597062234,25.930167339813263,25.87784257853953,25.657198449592094,24.347618500695575,27.472560215684382
2013-02-01,Barisal,2011,29.04,29.35,29.055740020076986,28.105588877868446,28.001503,28.400968340001175,29.118945170647994,29.023493240426536,28.88466318849858,27.493162518113103,30.61831752204087
2013-03-01,Barisal,2011,33.15,32.42,32.822575883175766,32.34153038703078,32.00286,32.56108962022532,32.89310414967449,32.790329103525316,32.60227902677362,31.25995924113072,34.385192525220816
2013-04-01,Barisal,2011,34.05,33.31,34.028043305117166,33.757716571361776,33.62005,33.920276579724515,34.08456505345555,33.995796525466716,33.83949752156638,32.46541229929236,35.59067431094197
2013-05-01,Barisal,2011,31.39,33.82,33.86730588764737,33.544438067623865,33.328087,33.671432939264726,33.9318598255464,33.83505910799692,33.749833581491075,32.30466961492248,35.429942160372256
2013-06-01,Barisal,2011,32.85,32.3,32.477096670715035,32.081601172463195,32.06104,32.01677497436958,32.520927143777406,32.44972000032467,32.3493154519055,30.91445847879874,34.03973486263133
2013-07-01,Barisal,2011,31.3,31.76,31.603133787413636,31.29176267981551,31.21068,31.210863262684754,31.61675153336809,31.57575711702327,31.484865578575363,30.04049492910939,33.16577264571789
2013-08-01,Barisal,2011,31.42,31.01,31.80132856409706,31.43176761343078,31.425606,31.41418019464323,31.823610330954914,31.77395189370669,31.58688092608681,30.238689564811047,33.36396756338307
2013-09-01,Barisal,2011,32.06,31.67,32.103734729701,31.65088760591174,31.637821,31.836992285245525,32.12186082366697,32.076358059310635,31.880806955226287,30.541095960950642,33.666373498451364
2013-10-01,Barisal,2011,30.82,32.91,32.18987458186197,31.822726401913666,31.633492,31.888748581291978,32.193344500951504,32.162497911471604,31.932823925837383,30.627236666806574,33.75251249691737
2013-11-01,Barisal,2011,30.04,30.34,30.270109454612463,30.040415829352213,30.241743,29.93896559910846,30.267870083240982,30.242732784222095,29.96778271285023,28.707473948265527,31.8327449609594
2013-12-01,Barisal,2011,26.82,26.13,27.08555666233674,26.600638570531718,26.27974,26.424073463124373,27.09078137157424,27.05817999194637,26.78854477445277,25.522927748958693,28.648185575714784
2014-01-01,Barisal,2011,24.54,24.96,25.9358197024757,25.27871743574115,25.284767,25.353630413324627,25.965375138508353,25.90357292282525,25.696493717146108,24.371485307732407,27.500154097218996
2014-02-01,Barisal,2011,27.35,29.35,29.081296392176597,28.119618945077182,28.218454,28.548723875709868,29.136125550920088,29.049049612526147,28.86637919931096,27.51686461026566,30.645728174087534
2014-03-01,Barisal,2011,32.43,32.42,32.84802685652255,32.313406964321004,32.096832,32.496614313598,32.91804536360692,32.8157800768721,32.664994958792086,31.28355933200827,34.412494381036836
2014-04-01,Barisal,2011,36.18,33.31,34.05343042402063,33.7644402240101,33.64721,33.773789962556805,34.12572571733236,34.02118364437018,33.88925653117412,32.48894978268753,35.61791106535374
2014-05-01,Barisal,2011,34.74,33.82,33.892654321179116,33.57071544719393,33.30006,33.41358389390389,33.949509776241804,33.860407541528666,33.75680126521521,32.32816887061667,35.45713977174156
2014-06-01,Barisal,2011,32.99,32.3,32.50242166722491,32.07998891042861,31.883177,31.991010292142157,32.539408567961246,32.47504499683454,32.37471085971156,30.937934465436477,34.06690886901334
2014-07-01,Barisal,2011,31.91,31.76,31.628444584913137,31.297600375856717,31.260944,31.15624282000443,31.655062774303904,31.60106791452277,31.48315215681615,30.06395677834144,33.19293239148483
2014-08-01,Barisal,2011,31.64,31.01,31.826630759313524,31.4325626971232,31.456621,31.36203223696017,31.84685662308598,31.799254088923156,31.62503912989214,30.26214283424888,33.39111868437816
2014-09-01,Barisal,2011,32.38,31.67,32.12903171333783,31.635297031616652,31.635744,31.813218114796534,32.1420695697454,32.10165504294746,31.883460656732726,30.564544026729493,33.69351939994617
2014-10-01,Barisal,2011,32.03,32.91,32.21516840813206,31.802996149842045,31.522623,31.74741088024863,32.2206599839986,32.18779173774169,31.943318221682983,30.650681577216965,33.77965523904715
2014-11-01,Barisal,2011,30.3,30.34,30.29540136803358,30.02283482703659,30.01211,29.772204676274473,30.297733886666254,30.268024697643213,29.98908931108876,28.73091694408408,31.859885791983082
2014-12-01,Barisal,2011,25.92,26.13,27.110847416883555,26.598514871786033,26.192097,26.39976488568269,27.12028650692679,27.083470746493187,26.824046725026253,25.54636957851642,28.67532525525069
2015-01-01,Barisal,2014,25.68,24.54,25.437174107505474,26.07139955966295,25.629734,24.694723885132348,25.37972388971736,25.428832990674767,25.557526029281306,23.918439313695252,26.955908901315695
2015-02-01,Barisal,2014,29.14,27.35,28.893391403369538,29.007019522843713,29.196608,28.22781985462451,28.95239459634355,29.0178944198414,29.10586816230936,27.329890098866265,30.45689270787281
2015-03-01,Barisal,2014,32.43,32.43,32.788203257790975,32.780560176718296,32.77278,33.47819740375918,32.96812698076366,32.70575894760268,33.033568249196264,31.212087091977974,34.36431942360397
2015-04-01,Barisal,2014,33.08,36.18,34.12472234585709,33.59188627073967,33.47732,34.975161268095185,34.29483676100173,33.921547397164765,34.093091475560904,32.54500383731135,35.704440854402826
2015-05-01,Barisal,2014,34.73,34.74,33.842672435005454,33.54268314026898,33.50789,34.524275506500345,33.883145563180214,33.84502950859934,33.706937809106805,32.261921432403646,35.42342343760726
2015-06-01,Barisal,2014,32.4,32.99,32.59828974165604,32.529680175087385,32.380795,32.93238965922301,32.6683803786503,32.64563231774256,32.508977900195326,31.01724249959638,34.1793369837157
2015-07-01,Barisal,2014,30.92,31.91,31.63904354858133,31.67353566283352,31.294727,31.761896381291745,31.731606205764198,31.657628474262683,31.608065363869972,30.05791128983532,33.22017580732734
2015-08-01,Barisal,2014,31.71,31.64,31.814624694276326,31.57271584674092,31.567743,31.83572907324012,31.79493996481439,31.803773935053222,31.814051199248244,30.23346805134655,33.3957813372061
2015-09-01,Barisal,2014,32.42,32.38,32.11422765782363,31.890102266034766,31.904028,32.55545978101435,32.13214757380003,32.12314737370498,31.90606540885558,30.533064078576775,33.69539123707049
2015-10-01,Barisal,2014,31.77,32.03,32.11199802049274,31.909760478769055,31.83083,32.764342683825674,32.06398421242505,32.16914776601667,31.881451821703735,30.53083266908844,33.69316337189704
2015-11-01,Barisal,2014,30.02,30.3,30.216780197912406,29.870967355546284,30.23979,30.535075709781886,30.11400357095896,30.17598492010827,30.03677799809897,28.6356151001915,31.797945295633312
2015-12-01,Barisal,2014,26.38,25.92,26.910276259208857,26.17284270859685,26.532875,26.319155268876045,26.855915741718178,26.90782502913551,26.713259703665287,25.32911389026164,28.49143862815607
2016-01-01,Barisal,2014,25.77,24.54,25.688724512135124,25.179566866188313,25.527607,24.761357249431576,25.69938979573456,25.70440076467905,25.49865080334996,24.104906124519044,27.272542899751205
2016-02-01,Barisal,2014,30.17,27.35,29.038878603998697,28.657416245232966,27.89068,28.465129950998524,29.11729442335734,28.992869096968448,28.779713793614896,27.454896968433264,30.62286023956413
2016-03-01,Barisal,2014,33.32,32.43,32.87686606900128,32.61745366960144,32.1327,33.22277083606488,32.986199351753136,32.831913914841735,32.63693501586329,31.292837578140812,34.46089455986175
2016-04-01,Barisal,2014,34.7,36.18,34.18294093974193,33.963523181698335,33.680885,34.772577287172595,34.279602914142494,34.14871020831426,34.00768807715294,32.598898999988535,35.76698287949533
2016-05-01,Barisal,2014,34.09,34.74,33.88458024441837,33.66997244117111,33.54405,34.46776556287346,33.97603343931264,33.9002564969623,33.764043358593725,32.300534444762356,35.46862604407439
2016-06-01,Barisal,2014,33.04,32.99,32.63145889021768,32.432452792023334,32.248302,32.997560851275985,32.7067271524703,32.68860863574161,32.538557618653385,31.047411984105718,34.21550579632964
2016-07-01,Barisal,2014,31.57,31.91,31.667530874904134,31.499325405986355,31.20962,31.809467493396703,31.714837795625893,31.641811520974972,31.569446664796395,30.083483656362613,33.25157809344566
2016-08-01,Barisal,2014,32.05,31.64,31.840603688962375,31.603303991730435,31.433144,31.938269243806737,31.864475849990463,31.897753434486305,31.67579180425063,30.25655639873811,33.424650979186644
2016-09-01,Barisal,2014,32.61,32.38,32.13886278952665,31.788203723962443,31.689896,32.535914134071554,32.13180266557759,32.19601253505058,31.96753187165054,30.55481554142402,33.722910037629276
2016-10-01,Barisal,2014,32.32,32.03,32.135913164579,31.90137093753576,31.693012,32.72207472064908,32.10544221155897,32.133461934505654,31.896902361034076,30.551866146995426,33.71996018216258
2016-11-01,Barisal,2014,29.55,30.3,30.240309601655476,29.89340884141648,30.141508,30.52593090182537,30.203310813209896,30.237858371582128,29.964619320334116,28.656263411213487,31.824355792097464
2016-12-01,Barisal,2014,27.52,25.92,26.933598998824788,26.371295323045164,26.383047,26.501471345864715,26.912729255723253,26.990748744348718,26.649144938188805,25.349555696930665,28.51764230071891
2017-01-01,Barisal,2014,26.58,24.54,25.711936529442127,25.19284358982092,25.394756,24.808161932614695,25.73186644187884,25.668011810346897,25.470138084960652,24.12526324313568,27.298609815748573
2017-02-01,Barisal,2014,29.92,27.35,29.062031300755663,28.488782136069087,28.151342,28.43512758294714,29.129156363891838,29.027800569327994,28.80356495171388,27.475197843235375,30.648864758275952
2017-03-01,Barisal,2014,30.9,32.43,32.899986984198684,32.583558388126754,32.016117,33.084055023491594,32.99877569459009,32.842488123094434,32.685168036756984,31.313107554403263,34.4868664139941
2017-04-01,Barisal,2014,33.04,36.18,34.2060448276608,33.888308383527594,33.72252,34.68514014626576,34.31200298722336,34.23141506600964,34.0184609087091,32.619152202422896,35.7929374528987
2017-05-01,Barisal,2014,34.92,34.74,33.90767500980775,33.65498927936536,33.570694,34.45944958334267,34.00006450041795,33.900083136866044,33.775375944699526,32.320778597415654,35.49457142219984
2017-06-01,Barisal,2014,32.99,32.99,32.65454876812347,32.37788471743203,32.047165,33.0195050559421,32.725571950931226,32.62882941419431,32.553334543253506,31.067651270154297,34.241446266092645
2017-07-01,Barisal,2014,31.34,31.91,31.690618134293228,31.457565283346852,31.204765,31.86673744081629,31.739679414818536,31.747767879817157,31.58621383251478,30.103720329878247,33.277515938708206
2017-08-01,Barisal,2014,32.54,31.64,31.863689545455774,31.585398095546072,31.362293,31.92440697513418,31.888031573291677,31.920839290979703,31.70884126024778,30.276791671043288,33.45058741986826
2017-09-01,Barisal,2014,32.66,32.38,32.16194789440508,31.746291288514648,31.68053,32.43537568297872,32.15990626886013,32.13622854047592,31.974898564990255,30.575050062485335,33.748845726324824
2017-10-01,Barisal,2014,31.62,32.03,32.15899786677243,31.890559255742673,31.723436,32.67962591579438,32.13509588674258,32.15654663669908,31.91182164625,30.57210026508589,33.74589546845897
2017-11-01,Barisal,2014,30.44,30.3,30.263394088106516,29.936753116155142,30.171234,30.551466082649977,30.231464974895843,30.320543833630445,29.990432794249138,28.676497312112556,31.850290864100476
2017-12-01,Barisal,2014,27.01,25.92,26.95668336968975,26.416792179897755,26.242645,26.60524611974357,26.938905153305527,26.9542321396164,26.673635226569004,25.369789477065435,28.543577262314063
2018-01-01,Barisal,2017,24.89,26.58,25.828198656335886,25.93567470667223,26.130962,25.797637094748737,25.858447675149844,25.907137058571394,25.820619151899553,24.321701771769312,27.33469554090246
2018-02-01,Barisal,2017,29.87,29.92,29.23218279853257,28.932097209124326,29.230175,29.304951192971075,29.208393616660178,29.130631966141785,29.096748222786946,27.682957927467243,30.781407669597897
2018-03-01,Barisal,2017,33.16,30.9,32.81909682816031,32.49934620145952,32.399685,32.56619026903927,32.818552555941736,32.74426534241202,33.2333061477675,31.259971198828097,34.37822245749253
2018-04-01,Barisal,2017,33.56,33.04,34.141922029399005,34.239609221148285,33.331547,33.95796881559393,34.308057305289054,34.150902553193895,34.3892085670386,32.580471866024524,35.703372192773486
2018-05-01,Barisal,2017,32.87,34.92,34.06170063203153,34.01241855840073,33.019577,33.98166748681264,34.182630482844864,34.148077269251914,33.92439576211932,32.49970306391534,35.62369820014772
2018-06-01,Barisal,2017,33.25,32.99,32.72042943851537,32.74814451240815,32.065945,32.688882733635864,32.71015248348765,32.684310834272566,32.5963898892209,31.15830287158449,34.282556005446246
2018-07-01,Barisal,2017,31.89,31.34,31.656385465054555,31.75294343915642,31.407326,31.74509020631626,31.774200030404288,31.64818608993177,31.834419741446162,30.094228495035168,33.21854243507394
2018-08-01,Barisal,2017,32.41,32.54,31.942885135551688,31.993800081839094,31.730827,31.749469724804975,32.01055355520321,32.03001022084594,31.671626073876958,30.380721004767636,33.50504926633574
2018-09-01,Barisal,2017,33.55,32.66,32.266824384365925,32.08619756211898,31.859121,31.803447331595432,32.25770483708605,32.217514832650075,31.85369227840953,30.704658588508565,33.828990180223286
2018-10-01,Barisal,2017,31.66,31.62,32.148774404347016,32.00145432921667,31.647274,31.988537591085304,32.131999323005175,32.18656357777126,31.764793379069385,30.586608312595025,33.710940496099006
2018-11-01,Barisal,2017,30.33,30.44,30.25469215484348,30.265944904155173,30.239212,30.0301362807249,30.241057405627274,30.26378960246232,29.830284028971644,28.692526403069436,31.81685790661752
2018-12-01,Barisal,2017,26.05,27.01,26.99476830509644,26.866680447040554,26.603386,26.821386941595133,26.992540835856747,27.024926305163316,26.712985622277834,25.43260437173076,28.556932238462117
2019-01-01,Barisal,2017,27.05,26.58,25.83551447668954,25.54261127738801,25.215174,25.53985525875413,25.85517725560882,25.79432426223441,25.727321576057147,24.270674921081092,27.400354032297987
2019-02-01,Barisal,2017,28.88,29.92,29.247884644304825,28.659324471604236,28.546028,28.815986654922124,29.300863314389662,29.205059541498734,29.030009408554854,27.682889021953823,30.812880266655828
2019-03-01,Barisal,2017,31.91,30.9,32.83887005992633,32.59239793421358,32.28856,32.40559310728792,32.9501814574736,32.864247856889186,32.70837705605452,31.273837653845145,34.403902466007516
2019-04-01,Barisal,2017,33.79,33.04,34.16367190481714,33.99350928811505,33.81862,33.660511546984125,34.27871887705654,34.1409460693746,33.97700348637104,32.59863082870116,35.728712980933125
2019-05-01,Barisal,2017,34.89,34.92,34.084410161025495,33.97331747877278,33.531685,33.786989176905664,34.1708170422674,34.02227606648919,33.96205832034875,32.51936704140003,35.64945328065096
2019-06-01,Barisal,2017,34.04,32.99,32.74360487596208,32.67687956524367,32.069866,32.50142339613377,32.81852221294585,32.763962492207824,32.61752578304761,31.178561274965368,34.30864847695879
2019-07-01,Barisal,2017,32.32,31.34,31.679787099424622,31.69218392078942,31.285328,31.44202831306974,31.742372111065308,31.719055593076966,31.453508756640407,30.11474338622778,33.244830812621466
2019-08-01,Barisal,2017,32.71,32.54,31.96639658773647,31.80726608049224,31.5376,31.54370156262572,32.00585396211927,31.936896930284362,31.691425805153294,30.40135285344886,33.531440322024075
2019-09-01,Barisal,2017,32.31,32.66,32.29038915271544,31.98643037273434,31.812298,31.784550025870125,32.300438384558866,32.32401935244584,31.896915073364173,30.725345436177943,33.855432869252944
2019-10-01,Barisal,2017,32.17,31.62,32.172365057507925,32.02461570268059,31.723776,31.928469278357998,32.1557603730462,32.22366050932782,31.816153339134605,30.60732144155098,33.73740867346487
2019-11-01,Barisal,2017,30.29,30.44,30.278295374989742,30.20480170709683,30.107067,30.01561960163111,30.253542209684735,30.300091929316753,29.906662389413906,28.71325219170936,31.843338558270126
2019-12-01,Barisal,2017,25.83,27.01,27.01837762647011,26.773418335903443,26.29693,26.743890163038206,27.006542637950666,26.976701887479802,26.662349687937617,25.453336280251886,28.58341897268833
2020-01-01,Barisal,2017,24.82,26.58,25.859126760187767,25.39719885511678,25.015825,25.336523930649623,25.884337775080375,25.795436008396766,25.599735854660654,24.291421736965695,27.42683178340984
2020-02-01,Barisal,2017,27.9,29.92,29.271498365904158,28.525490554819317,28.53515,28.563478321943645,29.34603441583675,29.243699486012524,29.06596931739031,27.70363838014956,30.839358351658756
2020-03-01,Barisal,2017,32.57,30.9,32.86248447971872,32.5244032719355,32.160164,32.32482974001705,32.97004058133253,32.77155574636987,32.68245149021192,31.29458797046776,34.430380988969674
2020-04-01,Barisal,2017,33.67,33.04,34.18728666357981,33.983448844383226,33.79646,33.57293910756698,34.2970791455184,34.14446156077372,34.016622056233345,32.61938154563092,35.7551917815287
2020-05-01,Barisal,2017,33.63,34.92,34.10802508435705,33.92731887384775,33.56701,33.65984826902512,34.201778471925486,34.12104780703345,33.93599983461558,32.54011793735596,35.675932231358146
2020-06-01,Barisal,2017,32.67,32.99,32.76721987919125,32.61540169130197,32.024155,32.25858446260429,32.84259073754718,32.78062358730647,32.58177792487928,31.199312254226044,34.33512750415646
2020-07-01,Barisal,2017,32.64,31.34,31.703402141443814,31.618583020992723,31.297382,31.285545783036973,31.762452557950112,31.673902483991707,31.466201274830595,30.13549440507925,33.27130987780838
2020-08-01,Barisal,2017,32.18,32.54,31.990011648588077,31.737268831995646,31.5026,31.46210853125055,32.02825655558033,32.023641848318476,31.703276538179914,30.422103891311714,33.55791940586444
2020-09-01,Barisal,2017,33.11,32.66,32.31400422271012,31.946943239348716,31.815802,31.763437447007185,32.32466989504377,32.373403767902836,31.954920448453205,30.74609648318454,33.88191196223569
2020-10-01,Barisal,2017,32.84,31.62,32.19598013194153,31.997632615323475,31.775677,31.917642015588616,32.180464789788005,32.235248625593876,31.831828416748923,30.62807249282059,33.76388777106247
2020-11-01,Barisal,2017,30.59,30.44,30.301910451578436,30.17899722982142,30.066957,29.999858920422486,30.275074216952774,30.25187326871091,29.916297332257656,28.73400324434554,31.869817658811332
2020-12-01,Barisal,2017,26.69,27.01,27.041992704105088,26.733156048450578,26.27552,26.690405946078528,27.029874728038845,27.0078361283061,26.70769846515804,25.474087330579106,28.60989807763107
2021-01-01,Barisal,2020,26.61,24.82,25.796059386029235,25.25480943596103,25.813976,25.156490219400236,25.682718865641704,25.572043643488875,25.701743856209287,24.29547701373873,27.29664175831974
2021-02-01,Barisal,2020,29.59,27.9,29.21589228362657,28.404801684581418,28.74361,28.036033172820957,29.255274742548714,29.264104118951334,28.959947052801127,27.672066242556493,30.759718324696646
2021-03-01,Barisal,2020,34.05,32.57,32.81807866776643,32.46216475069186,32.447506,32.42983032591755,32.84212302368095,32.710937567896224,32.76840278561885,31.265118782573275,34.37103855295958
2021-04-01,Barisal,2020,35.41,33.67,34.118552781541695,33.82343145627785,33.181458,34.04072157934077,34.08407708042762,33.98459962745463,34.00096807985323,32.56363747413613,35.67346808894726
2021-05-01,Barisal,2020,34.79,33.63,34.09068384526302,34.21012863310946,33.69362,34.416021104116815,34.16167810624272,34.03401708362629,33.9615503848807,32.535348732408025,35.64601895811802
2021-06-01,Barisal,2020,31.94,32.67,32.90229919469074,33.158506995716316,32.29677,33.066410136205256,33.011472363165595,32.81659797495321,33.051202991493014,31.346873900683796,34.457724488697686
2021-07-01,Barisal,2020,32.56,32.64,31.838292133440678,32.19193958262405,31.592775,32.05931979518736,31.942955561505048,31.969830077519124,31.87106250783644,30.28284746492664,33.39373680195472
2021-08-01,Barisal,2020,32.54,32.18,32.10267100386483,32.16649234833712,31.615032,31.95666536306553,32.18082717761263,32.10231694785108,32.13523663028084,30.547222174632434,33.65811983309722
2021-09-01,Barisal,2020,32.77,33.11,32.466445460670535,32.4011512950846,31.997349,32.40617439831615,32.55795196482406,32.44863018182749,32.319017538638924,30.91099574634956,34.02189517499151
2021-10-01,Barisal,2020,33.42,32.84,32.22780480799947,32.30969957405905,32.185837,32.32974551442626,32.25397338605619,32.22810385265138,31.93635744393538,30.67235494469966,33.783254671299275
2021-11-01,Barisal,2020,30.53,30.59,30.34472498107857,30.535014581494583,30.393013,30.405745308928587,30.289783967616746,30.268707824835246,30.073932605133795,28.78927527745657,31.90017468470057
2021-12-01,Barisal,2020,26.78,26.69,26.90775183262406,26.795940533333695,26.503664,26.77896121588783,26.845249458813118,26.8752633747655,26.645392866747155,25.35230305548813,28.463200609759994
2022-01-01,Barisal,2020,25.33,24.82,25.842708172095872,25.29647128170507,25.240429,25.11867105060033,25.834259042979983,25.796046422613717,25.608774587770537,24.284213093985148,27.401203250206596
2022-02-01,Barisal,2020,27.91,27.9,29.250168057096143,28.445742783588443,28.623917,28.38564269470492,29.2856030200806,29.217609839451452,28.993502266403624,27.691493865254834,30.808842248937452
2022-03-01,Barisal,2020,33.52,32.57,32.84661928672924,32.39577311415762,32.292194,32.547853872389624,32.90741336834473,32.82387484346166,32.609936769106234,31.287906614637546,34.405331958820945
2022-04-01,Barisal,2020,33.88,33.67,34.14443503440665,33.94804381717049,33.794243,34.09080710546161,34.22390364973416,34.112932511878476,33.950950870797634,32.58571409488546,35.703155973927835
2022-05-01,Barisal,2020,33.69,33.63,34.11533388889945,34.201513923147864,33.754414,34.20182544010576,34.20623107782085,34.07120306066788,34.00812077665809,32.556611173129326,35.67405660466957
2022-06-01,Barisal,2020,33.1,32.67,32.92637808314125,33.085503616790376,32.2433,32.846065592562894,33.016062142622026,32.89202464437644,32.817719996894695,31.36765498582838,34.48510118045412
2022-07-01,Barisal,2020,33.18,32.64,31.862106279314318,32.04424554083191,31.3342,31.78411641803462,31.94374348371011,31.860224832275705,31.75523294426593,30.303383100433848,33.42082945819479
2022-08-01,Barisal,2020,32.91,32.18,32.12636243592314,32.014550019073525,31.537445,31.79622054258657,32.19244351057574,32.11894723673649,31.9687506753959,30.567639241414835,33.685085630431445
2022-09-01,Barisal,2020,32.85,33.11,32.49008001226538,32.25541213911754,31.840357,32.231945190640516,32.52411378621794,32.4630697502529,32.32433215051735,30.931356823229308,34.04880320130145
2022-10-01,Barisal,2020,32.41,32.84,32.25141299428968,32.22136092136637,32.055267,32.211265345839976,32.24046487899306,32.19261703553228,32.028854153953866,30.692689847526967,33.810136141052396
2022-11-01,Barisal,2020,30.91,30.59,30.368320946489305,30.493655636028542,30.118307,30.216794565101885,30.32732032598993,30.318117079232664,30.098359411938453,28.809598000092777,31.927043892885834
2022-12-01,Barisal,2020,27.94,26.69,26.931342133397226,26.790793430204886,26.431824,26.61921205301118,26.89390057713238,26.87067458506859,26.639769316517057,25.372620120355215,28.490064146439238
2023-01-01,Barisal,2020,26.33,24.82,25.86629584718904,25.30111015927069,25.18629,25.156902885625335,25.86160398179785,25.785747195672602,25.605921498579125,24.3045384187993,27.42805327557878
2023-02-01,Barisal,2020,29.94,27.9,29.273754515130786,28.414078842349085,28.588558,28.531539336543652,29.312090969601254,29.21712318100479,29.009342497677068,27.71181885152119,30.835690178740382
2023-03-01,Barisal,2020,32.53,32.57,32.87020518063137,32.39155563907786,32.294365,32.58437251802019,32.9430990690654,32.81357384650538,32.62279684871495,31.308231225489305,34.43217913577344
2023-04-01,Barisal,2020,35.42,33.67,34.168020666821356,33.93367828729069,33.787563,33.97540669519542,34.25729155227536,34.136518144293184,33.956965708909955,32.60603848479474,35.730002848847974
2023-05-01,Barisal,2020,34.61,33.63,34.13891940010918,34.14345827468894,33.69854,34.00114891334013,34.23039439869012,34.09478857187761,33.976404102501476,32.576935450544674,35.70090334967369
2023-06-01,Barisal,2020,33.53,32.67,32.9499635381699,32.9978400974265,32.19459,32.6357807033133,33.03852591070626,32.90583270993832,32.804536213228744,31.38797920893405,34.511947867405745
2023-07-01,Barisal,2020,33.4,32.64,31.885691708301835,31.951730940903722,31.298616,31.611657754922796,31.96708061172357,31.876097683211498,31.750222635890644,30.32370729789961,33.44767611870406
2023-08-01,Barisal,2020,31.83,32.18,32.149947852840036,31.934839074171343,31.465862,31.732157812310625,32.212352753882875,32.11628070568046,31.98695341294469,30.587963426892216,33.711932278787856
2023-09-01,Barisal,2020,32.87,33.11,32.51366542358729,32.197926802527924,31.848942,32.167463266362525,32.54183720731511,32.478942585036485,32.34478387779258,30.95168100311094,34.07564984406364
2023-10-01,Barisal,2020,32.45,32.84,32.274998403018195,32.17865332311921,31.973227,32.125105219344356,32.263438673963776,32.24027556446739,32.04552525006958,30.71301402472923,33.83698278130716
2023-11-01,Barisal,2020,30.68,30.59,30.391906354015724,30.451006575997976,30.06499,30.046613352995614,30.354070753572685,30.365775606965677,30.132012290801807,28.829922175675097,31.95389053235635
2023-12-01,Barisal,2020,27.27,26.69,26.95492754036645,26.757262907769213,26.390255,26.44603171393966,26.91941599182785,26.9183331159697,26.67491573005249,25.392944293431714,28.51691078730119
2012-01-01,Bogra,2011,23.95,22.25,23.529443186685803,24.226150227142327,24.175034,23.641699117751212,23.542506727342314,23.560326014623406,23.270497159268423,21.40868931299557,25.650197060376037
2012-02-01,Bogra,2011,28.06,28.29,27.669065351954455,27.68419453668269,27.568495,27.229599954065204,27.79709594497197,27.630814145675654,27.656749032083606,25.486796583340148,29.85133412056876
2012-03-01,Bogra,2011,32.6,31.61,31.369909097420337,31.95955253840454,31.383703,32.31506545952415,31.428026533351474,31.331657891141536,31.408397350699474,29.184073893501598,33.555744301339075
2012-04-01,Bogra,2011,33.43,33.14,33.462021323125185,34.46007775183911,34.02196,34.54198815445248,33.39831406503206,33.423770116846384,33.39620801602049,31.275976402768833,35.64806624348154
2012-05-01,Bogra,2011,35.16,32.97,33.7625627469242,33.31520348491058,32.214348,33.87531122840276,33.741127486874404,33.7243115406454,33.34594288224127,31.576505484616984,35.948620009231426
2012-06-01,Bogra,2011,33.44,33.33,33.0906436077033,32.749038316472785,32.514023,33.46761624631555,33.389881030039604,33.07671534425512,33.44858632188951,30.904585619029397,35.2767015963772
2012-07-01,Bogra,2011,32.86,32.89,32.55594825065266,32.361004521251736,32.217987,32.1935438785859,32.739333337521465,32.54201998720448,32.426295716945276,30.36989021922944,34.742006282075884
2012-08-01,Bogra,2011,33.27,32.09,32.693192461511856,32.61561698245719,32.377796,33.16623501621268,32.821044925337,32.67926419806368,33.048048949815026,30.5071344275727,34.87925049545101
2012-09-01,Bogra,2011,33.02,32.88,32.72049740705479,32.68270287597937,32.223026,33.38214341827534,32.96383154981046,32.68650039288987,32.68027992308281,30.53443937296795,34.906555441141634
2012-10-01,Bogra,2011,32.56,33.82,32.07927262295188,32.001759754055854,31.90938,32.47929831524207,32.17027303304888,32.065344359503705,31.794942050035036,29.89321458886282,34.26533065704095
2012-11-01,Bogra,2011,29.27,29.92,30.19693529121228,29.80007252170635,29.852705,30.2481836959091,30.152083485756535,30.183007027764102,29.90628327369534,28.010877257233027,32.382993325191535
2012-12-01,Bogra,2011,23.06,24.44,26.312582101233676,25.523054591298912,25.658916,25.608381199738357,26.288896065387103,26.298653837785498,26.05202666558897,24.126524069128966,28.498640133338387
2013-01-01,Bogra,2011,23.65,22.25,23.83415194385524,23.930301208896473,25.092775,24.152914769742925,23.805905933180895,23.79590073757644,23.46667048169421,21.647148628202753,26.021155259507726
2013-02-01,Bogra,2011,28.57,28.29,27.89235340784938,27.561763702091167,27.134504,27.48246554323427,27.85076973240731,27.85410220157058,27.639192187484532,25.705294469669383,30.07941234602938
2013-03-01,Bogra,2011,32.88,31.61,31.660739260522934,31.827984445990847,32.21442,32.163952199535885,31.59194694243147,31.622488054244133,31.31107458869635,29.473677048798265,33.8478014722476
2013-04-01,Bogra,2011,34.47,33.14,33.574866424800845,34.271025396394265,34.85475,34.278656555203696,33.51024367641491,33.536615218522044,33.19359953687183,31.38780402041628,35.76192882918541
2013-05-01,Bogra,2011,32.01,32.97,33.82014694990004,33.4032997977066,33.00301,33.80207029844612,33.835909580221404,33.78189574362124,33.59948836108452,31.63308453417674,36.007209365623346
2013-06-01,Bogra,2011,34.48,33.33,33.12383802923363,32.83302352732249,32.62719,33.105618111562094,33.19873310393576,33.10990976578545,32.87134494757943,30.936775612843004,35.31090044562426
2013-07-01,Bogra,2011,33.33,32.89,32.69133290367541,32.3451393773397,32.08161,32.41824403372176,32.796848311169725,32.67740464022723,32.511406775279276,30.504270487245506,34.87839532010531
2013-08-01,Bogra,2011,32.28,32.09,32.75656742371182,32.67460675185436,32.22545,32.752097969217054,32.8946979081045,32.74263916026364,32.5670898398962,30.569505007279623,34.94362984014402
2013-09-01,Bogra,2011,33.64,32.88,32.75715181127927,32.47976912627313,32.248497,32.763996689424445,32.89860288530124,32.74322354783109,32.49546855718692,30.57008939484722,34.94421422771133
2013-10-01,Bogra,2011,31.4,33.82,32.216733531413084,32.02968233439049,31.4834,32.25296420191617,32.32778237085226,32.202805267964905,31.941082831847392,30.029671114985792,34.40379594784038
2013-11-01,Bogra,2011,30.73,29.92,30.257782978995632,29.960395723843163,29.938171,30.1553776665928,30.326252915217534,30.243854715547453,29.91883077984554,28.070720562649342,32.44484539534192
2013-12-01,Bogra,2011,25.96,24.44,26.292786763338096,25.790697823277632,26.217987,25.925853659411025,26.310256170236553,26.278858499889918,25.968144547725796,24.105724348368202,28.47984917830799
2014-01-01,Bogra,2011,23.13,22.25,23.652429939878715,23.928563471708124,24.888361,24.447444784036875,23.623415830233508,23.614178733599914,23.306889028606854,21.462598170075996,25.842261709681434
2014-02-01,Bogra,2011,25.81,28.29,27.94459857135183,27.37785823488191,27.241425,27.467792874452297,27.88186900582253,27.906347365073028,27.62265583061699,25.75460392266011,30.13459322004355
2014-03-01,Bogra,2011,31.45,31.61,31.658775203744725,31.672298309731847,32.04289,31.9484575240047,31.583605550379463,31.620523997465924,31.30601583687051,29.46877096941339,33.84877943807606
2014-04-01,Bogra,2011,35.51,33.14,33.53257738402638,34.25815356782628,34.921303,34.15012908052602,33.47849766656994,33.49432617774758,33.19354203059739,31.34257258554648,35.72258218250629
2014-05-01,Bogra,2011,35.13,32.97,33.73070601385271,33.471316659296455,32.87139,33.56426465786343,33.723734074345494,33.69245480757391,33.384572980295346,31.54070118217061,35.92071084553481
2014-06-01,Bogra,2011,33.13,33.33,33.158609948561285,32.831177804611436,32.862816,32.9968712370544,33.20996556779843,33.144681685113106,32.86391402358073,30.968605114925115,35.34861478219746
2014-07-01,Bogra,2011,33.15,32.89,32.72257821931035,32.32222775961869,32.20097,32.27318155357438,32.82722902888522,32.70864995586217,32.44037632446355,30.532573385559175,34.912583053061525
2014-08-01,Bogra,2011,32.84,32.09,32.68845380031084,32.646063240958085,32.26288,32.54622410554794,32.82585092317599,32.67452553686266,32.41746109126252,30.49844896655291,34.87845863406877
2014-09-01,Bogra,2011,32.37,32.88,32.78208690979112,32.47066592840653,32.180626,32.5121435759997,32.923696240862704,32.76815864634294,32.485591642534494,30.592082076033012,34.97209174354923
2014-10-01,Bogra,2011,32.77,33.82,32.412252888733214,32.05566487237606,31.581366,32.10077710869268,32.530709797143615,32.398324625285035,32.07873037664061,30.222248054978834,34.60225772248759
2014-11-01,Bogra,2011,30.88,29.92,30.22820026811066,30.0801175151982,30.053404,30.113921348395913,30.302858801582918,30.21427200466248,29.903117960062165,28.03819543441997,32.41820510180135
2014-12-01,Bogra,2011,25.03,24.44,26.08805070980153,25.951488014108797,26.325283,26.05637790936545,26.109106536174625,26.07412244635335,25.766838268088645,23.8980458771931,28.27805554240996
2015-01-01,Bogra,2014,24.16,23.13,23.489044531395486,23.683922420016025,24.065708,23.675451842313276,23.494382161075496,23.458900372644713,23.728097396026975,21.372820753820022,25.60526830897095
2015-02-01,Bogra,2014,27.85,25.81,27.941872766948723,26.999039448248865,26.937809,26.002269867507874,27.958075198363108,27.92208522070148,27.82997033085266,25.769868282201827,30.11387725169562
2015-03-01,Bogra,2014,31.26,31.45,31.935190200893242,31.715729180147346,30.903189,31.96578558964311,32.187940209684555,31.89990075686391,31.9101947742573,29.76024660377999,34.110133798006494
2015-04-01,Bogra,2014,31.89,35.51,33.675772841289316,34.132656461552074,34.30637,35.473130614641136,33.84925410920675,33.640483397259985,33.580474112700884,31.500672372072767,35.85087331050587
2015-05-01,Bogra,2014,33.65,35.13,33.93302520709727,33.18762280060368,34.227654,33.921773936948135,33.842586663014394,33.89773576306794,33.55360750393937,31.757916359348307,36.10813405484624
2015-06-01,Bogra,2014,33.22,33.13,33.33221996040364,33.046278769705665,32.60478,33.65797433636179,33.434037195362464,33.34201078978648,33.325107472762916,31.15711066514152,35.507329255665766
2015-07-01,Bogra,2014,32.89,33.15,32.8541895881713,32.65876754784816,32.13913,32.69873671630114,32.99728946443442,32.86398041755414,32.86646267296485,30.679080269006615,35.029298907335985
2015-08-01,Bogra,2014,32.56,32.84,32.78343684007282,32.72799145389154,32.67005,32.92898234536761,32.91960671224512,32.79322766945565,32.73803420785435,30.608327519631448,34.95854616051419
2015-09-01,Bogra,2014,33.47,32.37,32.91033191826962,32.75615191104162,32.40549,33.232471051553595,33.07981003854084,32.92012274765246,32.8489866352971,30.73522259776008,35.08544123877916
2015-10-01,Bogra,2014,33.38,32.77,32.454885328753626,32.558418682097056,32.205956,32.696020363384804,32.59259837431794,32.46467615813646,32.27441491288878,30.27977600824081,34.62999464926644
2015-11-01,Bogra,2014,31.2,30.88,30.14381271688374,30.27357525632747,30.183832,30.856902832314134,30.157492577609553,30.153603546266577,29.926344592136875,27.968703396377546,32.31892203738993
2015-12-01,Bogra,2014,25.71,25.03,25.50125238703008,25.844561661012648,25.50021,26.233962088722464,25.481744750073673,25.511043216412915,25.121994758365656,23.326143066651518,27.67636170740864
2016-01-01,Bogra,2014,24.43,23.13,23.65835692418213,23.592929336111833,24.458298,23.897153385960976,23.68251438844709,23.6814120771497,23.365881273804877,21.482031685776835,25.834682162587423
2016-02-01,Bogra,2014,29.07,25.81,27.982268710287627,27.06403502455787,27.001087,26.25297008868726,28.00754355305116,28.0053238632552,27.606984893258623,25.805878546268254,30.158658874307
2016-03-01,Bogra,2014,32.51,31.45,32.048411492813344,31.801409733247475,31.28212,31.689449832006897,32.05136474549749,32.01312204878401,31.76836355983429,29.872017861042416,34.22480512458427
2016-04-01,Bogra,2014,35.57,35.51,33.8536637373877,34.13974514448138,34.301384,34.7704167155543,33.83004812483588,33.81837429335837,33.585617546000606,31.67726992039743,36.03005755437797
2016-05-01,Bogra,2014,33.23,35.13,33.76916881005691,33.4760348088055,33.686142,33.97606105464804,33.78042939063495,33.73387936602758,33.59670730333061,31.592774983173708,35.94556263694012
2016-06-01,Bogra,2014,33.82,33.13,33.47189012107966,33.060718956266484,32.873417,33.25510041442396,33.54641437689459,33.4816809504625,33.35614645823249,31.295496293668055,35.64828394849127
2016-07-01,Bogra,2014,32.31,33.15,32.934601022975514,32.6575151888517,32.36627,32.62052932072586,33.05149691079422,32.94439185235835,32.827012358213324,30.758207195535686,35.110994850415345
2016-08-01,Bogra,2014,33.74,32.84,32.740820541555614,32.85912723035217,32.497025,32.615434877249626,32.88533254066482,32.75061137093845,32.64245284455808,30.56442671411428,34.91721436899695
2016-09-01,Bogra,2014,32.87,32.37,32.988392613387795,32.642358937208144,32.3988,32.79657894758765,33.1331485653662,32.99818344277063,32.82457590825076,30.811998785946393,35.1647864408292
2016-10-01,Bogra,2014,33.02,32.77,32.35797572190239,32.57644065726413,32.182728,32.511580361143025,32.47047266416504,32.36776655128523,32.0340386370298,30.181581894461246,34.53436954934354
2016-11-01,Bogra,2014,30.88,30.88,30.253816407604447,30.218965713636262,29.947191,30.754305871591082,30.32519905212689,30.263607236987283,29.883712390394994,28.077422580168175,32.43021023504072
2016-12-01,Bogra,2014,27.65,25.03,25.55043311964659,25.943942553820506,25.647438,26.581175540045482,25.58943210390371,25.560223949029428,25.131900035140998,23.374039292301532,27.72682694699165
2017-01-01,Bogra,2014,25.88,23.13,23.60423158776925,23.643563336499497,24.443768,24.16120459565533,23.614797656080327,23.62728674073682,23.272594511311244,21.423201730604536,25.785261444933962
2017-02-01,Bogra,2014,28.71,25.81,27.74185287982854,27.071829383401578,26.992237,26.24072231544283,27.72813989876148,27.76490803279611,27.440429853470263,25.560575680207368,29.92313007944971
2017-03-01,Bogra,2014,29.15,31.45,31.988275104038372,31.735464066396258,31.727081,31.373322981069194,31.961855043553843,31.95298566000904,31.66913443877635,29.806984694154217,34.16956551392253
2017-04-01,Bogra,2014,32.05,35.51,34.05331126808065,34.11107782286341,34.971542,34.55327172282317,34.036460513618465,34.01802182405132,33.796319978590475,31.872020152612354,36.23460238354894
2017-05-01,Bogra,2014,33.59,35.13,33.94746615343682,33.45127115363706,33.776913,33.70910474723031,33.964708311217315,33.91217670940749,33.76882720276061,31.76617500028188,36.12875730659176
2017-06-01,Bogra,2014,33.15,33.13,33.440581863522446,33.038122201382905,32.78017,33.07622417913329,33.50611965979234,33.45037269290528,33.310654358145236,31.259290708354587,35.6218730186903
2017-07-01,Bogra,2014,31.86,33.15,32.970368170239425,32.623001335543265,32.35966,32.45205208526236,33.083077606358785,32.98015899962226,32.857850213213275,30.789077014964054,35.1516593255148
2017-08-01,Bogra,2014,32.92,32.84,32.76775735905151,32.864559312844364,32.497025,32.41686957316794,32.91054965012566,32.777548188434345,32.61284575165232,30.586466203770396,34.949048514332624
2017-09-01,Bogra,2014,33.32,32.37,32.927271771572066,32.627169237709836,32.301468,32.56417785643193,33.0719499023727,32.9370626009549,32.74235801829326,30.745980616290655,35.10856292685347
2017-10-01,Bogra,2014,31.75,32.77,32.42336768071943,32.566086204611764,32.09886,32.2955719775971,32.543007980184726,32.43315851010227,32.117069302515326,30.24207652543821,34.60465883600065
2017-11-01,Bogra,2014,30.23,30.88,30.33623414935339,30.210158500204567,29.70811,30.708475348742375,30.416027445984675,30.346024978736228,29.95213427695123,28.154942994076027,32.51752530463076
2017-12-01,Bogra,2014,26.8,25.03,25.501806114375345,25.966642160016633,25.72782,26.77359924078606,25.540103730258757,25.51159694375818,25.088883792964065,23.320514959170175,27.683097269580514
2018-01-01,Bogra,2017,22.0,25.88,24.139540190214177,24.839734060520907,24.770977,24.98366477687763,24.190473579675878,24.093078920954724,23.809861868330245,22.038726531453474,26.24035384897488
2018-02-01,Bogra,2017,28.31,28.71,27.95736567404601,27.297873895874396,28.133827,27.41679537928238,28.053641682712023,28.003859953102797,27.803404689101267,25.79580048055489,30.118930867537127
2018-03-01,Bogra,2017,32.12,29.15,31.854878814403744,31.018407916060028,30.12784,30.60621193723077,31.75742954688186,31.85934889221269,31.553467179397366,29.68980212155079,34.0199555072567
2018-04-01,Bogra,2017,31.81,32.05,33.78254125171699,33.96952970344746,32.63826,33.01280134325225,33.77856217911419,33.652324727712056,33.39131770792152,31.617258707447302,35.947823795986686
2018-05-01,Bogra,2017,31.57,33.59,33.85854956460655,33.51126746755588,32.91381,33.53071177937206,33.949901866452166,33.87013516155541,34.197128316866205,31.69325494313718,36.02384418607592
2018-06-01,Bogra,2017,33.39,33.15,33.42678688392345,32.8878313110991,33.18089,32.74926217715873,33.44794617205559,33.41500503123108,33.22789746177184,31.261491553857248,35.59208221398965
2018-07-01,Bogra,2017,32.92,31.86,32.884737544337305,32.437669159647655,32.41751,32.13921107880092,32.97928288225295,32.8733515223656,32.92715004301994,30.719442172696,35.05003291597861
2018-08-01,Bogra,2017,33.31,32.92,32.82931527340665,32.78401889230147,32.41721,32.315353656571226,33.039023028289115,32.81792925143495,33.168173640989025,30.664019899326036,34.994610647487264
2018-09-01,Bogra,2017,33.64,33.32,33.01645954318498,32.6198268347431,32.20498,32.23167535300492,33.20368802840695,33.005073521213276,32.721500445210786,30.851164168961333,35.181754917408625
2018-10-01,Bogra,2017,31.66,31.75,32.592364648893444,32.350701777896724,32.016785,31.83965720546294,32.76428582702772,32.60792326608297,32.377247020648554,30.42706927466295,34.75766002312393
2018-11-01,Bogra,2017,30.43,30.23,30.526584912006907,30.2969234396801,30.678385,30.183486703294324,30.776278636730304,30.515198890035204,30.29788897656818,28.361289537802364,32.69188028621145
2018-12-01,Bogra,2017,26.45,26.8,25.804201825252207,26.386442783122874,26.511353,26.562248765885883,26.014498222120018,25.792815803280504,25.734288584420366,23.638906451498276,27.96949719900614
2019-01-01,Bogra,2017,26.68,25.88,24.0317481521221,24.03830841034808,24.52974,24.375084436333132,24.12962884629905,24.00130954828878,23.79437296067257,21.86587350840965,26.197622795834548
2019-02-01,Bogra,2017,27.74,28.71,28.05712434528072,26.980276860225075,27.351526,27.147240215583206,28.100446625840014,28.0266857414474,27.943246377032043,25.891215718740575,30.223032971820864
2019-03-01,Bogra,2017,31.12,29.15,31.797658867290497,31.504920285695416,31.763393,30.963744301341425,31.79737363027722,31.76722026345718,31.010846915527857,29.63174824691107,33.96356948766993
2019-04-01,Bogra,2017,32.51,32.05,33.887212987285636,34.014918581560195,34.40556,33.50706169154802,33.89349349727796,33.85677438345232,33.89823626398527,31.72130224992282,36.05312372464845
2019-05-01,Bogra,2017,33.78,33.59,33.80099343482459,33.56847575925281,32.815742,33.319536592757565,33.834200909353065,33.77055483099127,33.65668498115318,31.635082690598075,35.966904179051106
2019-06-01,Bogra,2017,33.64,33.15,33.466929837323256,32.991895975291236,32.83175,32.79926295694534,33.550115338693615,33.455543815351554,33.53727965264566,31.30101909269403,35.63284058195248
2019-07-01,Bogra,2017,32.71,31.86,32.79907801839685,32.50434224150448,32.43737,32.06535161992312,32.954727764454674,32.787691996425146,32.746907175737,30.633167273743997,34.9649887630497
2019-08-01,Bogra,2017,33.9,32.92,32.93551469280233,32.88567156208503,32.33116,32.40587506909557,33.14743118552463,32.924128670830626,32.9081515841804,30.769603948148095,35.10142543745656
2019-09-01,Bogra,2017,32.39,33.32,33.03138478963047,32.62284646030343,32.298275,32.44967976719853,33.26638629625705,33.01999876765877,32.962289098901024,30.865474044976224,35.19729553428472
2019-10-01,Bogra,2017,31.44,31.75,32.610567746381605,32.55715010636626,32.02587,32.08330090296003,32.846078203014756,32.5991817244099,32.23806969728682,30.444657001728498,34.776478491034716
2019-11-01,Bogra,2017,30.74,30.23,30.56223245102233,30.454504871763444,30.217997,30.40566831865849,30.773024746806144,30.550846429050626,30.181145881289,28.396321706388754,32.7281431956559
2019-12-01,Bogra,2017,24.84,26.8,26.040289035648946,26.31916827737097,26.293848,26.49269934953579,26.199525873296718,26.028903013677244,25.737446974146717,23.874378291348318,28.206199779949575
2020-01-01,Bogra,2017,23.57,25.88,24.228167496517013,23.91351312392069,24.68147,24.163114782993844,24.32683380096763,24.197728892683696,23.979268498137404,22.057899243058692,26.398435749975334
2020-02-01,Bogra,2017,26.78,28.71,28.130183597392087,27.007295515443403,27.133617,27.123129780425455,28.173601697802724,28.09974499355877,27.991745432963608,25.959659949547873,30.3007072452363
2020-03-01,Bogra,2017,30.73,29.15,31.562914504608916,31.540225768345657,31.875925,31.131770676548832,31.56852056875908,31.532475900775598,31.183018131844513,29.392375873083026,33.733453136134806
2020-04-01,Bogra,2017,32.24,32.05,33.72250731579533,34.01108791447623,34.763153,33.60547946619953,33.72308670471409,33.692068711962015,33.374717321920166,31.551967805143306,35.89304682644736
2020-05-01,Bogra,2017,32.09,33.59,33.798711985958754,33.582446354043505,33.440933,33.389334185794674,33.83170936784522,33.768273382125436,33.8319508396638,31.628172423726248,35.96925154819126
2020-06-01,Bogra,2017,33.38,33.15,33.450152450345925,33.05029733103191,32.92969,32.85474017594,33.544116667170954,33.43876642837422,33.51735013425491,31.27961288508707,35.62069201560478
2020-07-01,Bogra,2017,32.42,31.86,32.72860311819213,32.543254681434995,32.456757,32.100897807633466,32.8905157028699,32.71721709622043,32.722100407493244,30.558063552755712,34.899142683628554
2020-08-01,Bogra,2017,33.65,32.92,32.94452286093911,32.91961593470744,32.342464,32.47980967308034,33.15927900185368,32.93313683896741,32.95850508715976,30.773983295492275,35.11506242638595
2020-09-01,Bogra,2017,32.68,33.32,33.07350703730837,32.659901483764784,32.37764,32.549278117271854,33.31364882215473,33.062121015336665,32.95017195353017,30.902967471860975,35.24404660275576
2020-10-01,Bogra,2017,33.01,31.75,32.54291540355898,32.634652571118835,32.045036,32.19113441997497,32.77844945538395,32.531529381587276,32.238531316553335,30.372375838112504,34.713454969005454
2020-11-01,Bogra,2017,30.57,30.23,30.544197256436266,30.529898085078866,30.179909,30.48152657527627,30.748948994454324,30.532811234464564,30.121010907594695,28.373657691006002,32.71473682186653
2020-12-01,Bogra,2017,24.87,26.8,26.117414104530145,26.34382737289267,26.158922,26.45563945743794,26.273313015179966,26.106028082558442,25.71172816155475,23.946874539376175,28.287953669684114
2021-01-01,Bogra,2020,23.79,23.57,23.778213705725136,23.928319617730686,24.274473,23.46048883715754,23.88803504588689,23.79853408024377,23.61168260354825,21.685162706140783,25.87126470530949
2021-02-01,Bogra,2020,29.1,26.78,28.014243157662285,26.987108254669124,26.57722,27.01426408297815,27.926039117382995,28.03456353218092,27.40879459303627,25.862042788731966,30.166443526592605
2021-03-01,Bogra,2020,32.74,30.73,31.541457593393254,31.378890421234555,30.924858,31.03254456385094,31.40281825131999,31.486876800608563,31.03737875207756,29.38591606068167,33.696999126104835
2021-04-01,Bogra,2020,34.96,32.24,33.29263905290707,33.850701993973864,33.174595,33.79524944934725,33.16908816699582,33.3129594274257,32.88780907820344,31.136906167015972,35.44837193879817
2021-05-01,Bogra,2020,33.32,32.09,33.417858817633345,33.40364061914832,33.784164,33.788577163215386,33.30776059269328,33.43817919215198,33.321619723920904,31.262114964202603,35.57360267106409
2021-06-01,Bogra,2020,32.72,33.38,33.437813679285405,33.154386108167984,33.087234,33.6470586570415,33.578250856960636,33.48347380996501,33.54076482711799,31.282069197214742,35.59355816135607
2021-07-01,Bogra,2020,33.13,32.42,32.72336951984125,32.62543140836274,32.681133,32.283051434890986,32.84501914781898,32.751694783252056,33.02808993576125,30.56762500173797,34.879114037944525
2021-08-01,Bogra,2020,32.99,33.65,33.0780713110003,33.01520475429275,32.797215,32.997778998645195,33.27783433869486,33.12373144167991,33.159909479387146,30.922326790831693,35.23381583116891
2021-09-01,Bogra,2020,33.7,32.68,33.07668919970021,32.863025488427276,32.517185,33.11790302353768,33.26209240237397,33.10501446311102,32.761399668328764,30.920944679413264,35.23243371998716
2021-10-01,Bogra,2020,33.27,33.01,32.31871491825594,32.50372821294977,32.314625,32.49608678855897,32.47329899626358,32.34704018166675,32.30478885301445,30.16297039796294,34.47445943854894
2021-11-01,Bogra,2020,30.07,30.57,30.526851912630324,30.458315373223993,30.279848,30.49472341545913,30.583294424515366,30.55517717604113,30.13645166375715,28.371107392349703,32.68259643291095
2021-12-01,Bogra,2020,26.75,24.87,26.03932514874184,25.77716303239716,25.290127,25.705084255329123,26.037672222879632,26.067650412152645,25.419305609532856,23.883580628683955,28.19506966879972
2022-01-01,Bogra,2020,23.47,23.57,24.25077588003642,23.654123026184628,24.374668,23.62623414148527,24.261537298345708,24.271096254555054,24.019143652912597,22.094466267676072,26.40708549239677
2022-02-01,Bogra,2020,25.51,26.78,27.99010522244415,27.06837084178066,27.364311,27.301365439246666,27.925014249427203,28.010425596962783,27.36571064844663,25.83376322417308,30.14644722071522
2022-03-01,Bogra,2020,33.3,30.73,31.485401224057828,31.48208731390836,31.519016,31.419530688987095,31.387230162407683,31.50572159857646,31.135893084506854,29.329057369493544,33.64174507862211
2022-04-01,Bogra,2020,33.45,32.24,33.18345351909475,33.96438742056562,34.34568,33.851371826141595,33.09462495957323,33.20377389361338,33.021084890208904,31.027109558130793,35.33979748005871
2022-05-01,Bogra,2020,32.85,32.09,33.37916185961625,33.44530257334341,33.420185,33.627410964713214,33.345607792988595,33.39948223413488,33.143876382464356,31.222817892553635,35.53550582667886
2022-06-01,Bogra,2020,32.53,33.38,33.46052407892002,33.083355034307246,32.804543,33.17945180759174,33.51571933975221,33.48884934233082,33.327778743050764,31.30418011150784,35.61686804633219
2022-07-01,Bogra,2020,34.15,32.42,32.714727480399176,32.635113619572614,32.4534,32.28303284096597,32.836266321750756,32.74305274380998,32.83673209256873,30.558383512966962,34.87107144783139
2022-08-01,Bogra,2020,33.82,33.65,33.18583855258625,32.94591922403576,32.38272,32.845583123325284,33.3671899081701,33.214163815997054,33.158521005857516,31.029494585152886,35.342182520019605
2022-09-01,Bogra,2020,32.83,32.68,33.010050304986436,32.74716574461061,32.422924,32.79307720599794,33.208629847786945,33.03837556839724,32.843673404610726,30.853706337553042,35.16639427241983
2022-10-01,Bogra,2020,32.69,33.01,32.300923106199356,32.41795835369303,32.26208,32.363923529747126,32.4790325366529,32.32924836961016,32.09113422885962,30.144579138766503,34.45726707363221
2022-11-01,Bogra,2020,31.01,30.57,30.556143373573942,30.45564738864376,30.162786,30.364923286257962,30.688987786043853,30.58446863698475,30.095765650443386,28.399799406150603,32.71248734099728
2022-12-01,Bogra,2020,26.73,24.87,25.887408987597606,25.95902670157818,25.68225,25.839296354037813,25.9598001236074,25.915734251008413,25.385820166139055,23.73106502034028,28.04375295485493
2023-01-01,Bogra,2020,24.13,23.57,24.18014482845953,23.711123316384764,24.516388,23.905290193118915,24.185787910502196,24.20046520297816,23.90440558165737,22.017467565068852,26.342822091850206
2023-02-01,Bogra,2020,28.55,26.78,27.907352073082095,27.05120658794937,27.315128,27.370765453497373,27.851219722034152,27.927672447600727,27.425373177264913,25.74431235715827,30.070391789005917
2023-03-01,Bogra,2020,31.4,30.73,31.439960230256073,31.455209739084378,31.704483,31.372340713180936,31.34907402810873,31.460280604774706,31.09284538229581,29.27689974098044,33.603020719531706
2023-04-01,Bogra,2020,35.33,32.24,33.12647191226947,33.974810111648154,34.766018,33.78726322710848,33.04156871948485,33.146792286788106,32.858156745756375,30.963410232305005,35.289533592233944
2023-05-01,Bogra,2020,34.61,32.09,33.291100943585576,33.46623493190709,33.268402,33.47256126565388,33.25623971904928,33.31142131810421,33.071457682275515,31.12803919537277,35.45416269179838
2023-06-01,Bogra,2020,34.86,33.38,33.46306339512719,33.05848432712155,32.91991,33.11526492195087,33.507046182561524,33.491388658538,33.31839073747746,31.300001643002503,35.626125147251884
2023-07-01,Bogra,2020,34.15,32.42,32.702410621368344,32.6082065470982,32.51663,32.23847983901401,32.82586867915793,32.73073588477915,32.70610346828628,30.53934886901943,34.86547237371725
2023-08-01,Bogra,2020,33.1,33.65,33.225842001186116,32.89700513908232,32.3988,32.72506212286701,33.40765142149552,33.25416726459692,33.156297306275945,31.062780248824353,35.38890375354788
2023-09-01,Bogra,2020,34.02,32.68,32.998382197486606,32.704500419255794,32.47076,32.70048276496364,33.2017467380695,33.02670746089741,32.85981351400151,30.835320445124133,35.16144394984908
2023-10-01,Bogra,2020,32.33,33.01,32.36738018185197,32.3893330563611,32.131508,32.264604884167866,32.55518883540251,32.39570544526278,32.080675180429154,30.204318429489927,34.53044193421401
2023-11-01,Bogra,2020,31.22,30.57,30.565652775332694,30.462749183909576,30.21688,30.290168736074126,30.708224074069136,30.5939780387435,30.121204618877627,28.40259102297888,32.72871452768651
2023-12-01,Bogra,2020,26.48,24.87,25.827169626317115,26.013293283576726,25.97776,25.859706490827662,25.90495460776808,25.85549488972792,25.31534745186988,23.66410787410685,27.99023137852738
2012-01-01,Comilla,2011,24.22,24.06,24.720042696423775,24.579208838925318,25.480057,24.377275097648855,24.617826974948,24.625686703450924,24.44909161698708,23.103725606636864,26.336359786210686
2012-02-01,Comilla,2011,28.01,28.29,27.850490988443454,28.046297680629195,27.602428,27.41569705342286,27.88027141026995,27.998951346824725,27.54433030127106,26.176845275639998,29.52413670124691
2012-03-01,Comilla,2011,31.55,30.79,31.0377314475809,31.510367955497358,31.101496,31.7103316973035,31.25672812646322,31.1386993390952,31.16112036508872,29.344644023486037,32.73081887167576
2012-04-01,Comilla,2011,32.19,32.52,32.816800637575525,33.05419967547131,32.365578,33.31409282725523,32.8885983831367,32.81620491615935,32.82612425822866,31.117018120065516,34.516583155085534
2012-05-01,Comilla,2011,33.64,33.15,33.15308225324548,32.96307194071803,32.700863,33.40537012385185,33.116841598361624,33.15846786258913,32.85686143703987,31.45098242053425,34.855182085956706
2012-06-01,Comilla,2011,32.24,32.24,32.187943976674525,31.755947626872075,31.816805,32.453830026496334,32.324066488300446,32.21037676588103,32.42804840736199,30.48504067998063,33.89084727336842
2012-07-01,Comilla,2011,31.86,31.99,31.69570208069599,31.406045967805444,31.429497,31.301836093327555,31.813481614403447,31.663780779658918,31.64459549442724,29.992520043891105,33.39888411750088
2012-08-01,Comilla,2011,32.39,31.37,32.223787907807825,31.807866525582853,31.889227,32.42893998136817,32.26502718191436,32.249098509846924,32.35962342518603,30.520509165234188,33.92706665038146
2012-09-01,Comilla,2011,32.37,32.25,32.35733998658805,32.020432474724004,31.682816,32.648980523342,32.39057178797656,32.147067912842324,32.35623529964234,30.65402773571085,34.06065223746525
2012-10-01,Comilla,2011,31.49,32.65,31.92822881180646,31.722101067648904,31.531733,31.86106492900932,31.901782050183243,31.98767143625619,31.72142376553647,30.22490508007076,33.63155254354216
2012-11-01,Comilla,2011,28.59,29.65,29.88676878634628,29.504031103574082,29.473429,29.706601702727394,29.849408560869165,29.82008670095142,29.70458839803954,28.183441496013643,31.59009607667892
2012-12-01,Comilla,2011,24.07,25.19,26.739956029101183,26.157471349004805,26.472176,25.894654727971535,26.76016778011841,26.81229162250357,26.54256816704966,25.03662873048517,28.443283327717197
2013-01-01,Comilla,2011,24.52,24.06,25.152193189543105,24.87279658168261,25.146442,24.73136926315653,25.18689184394618,25.24744479445777,24.87306929433825,23.443518425179246,26.860867953906965
2013-02-01,Comilla,2011,28.77,28.29,28.11330465339052,27.960616917442472,27.450615,28.093067673179583,28.174786666156688,28.18904213718998,27.87045747929323,26.404234261006167,29.822375045774876
2013-03-01,Comilla,2011,31.88,30.79,31.200788483683873,31.293430022533986,31.253452,31.758477736764124,31.287292978523272,31.23436639896493,31.006927696754467,29.491580813681093,32.909996153686656
2013-04-01,Comilla,2011,32.85,32.52,32.921090864911925,32.92111833087149,32.344303,33.047089663129874,33.036202511994716,33.010348969474684,32.725763292342144,31.211835556792323,34.630346173031526
2013-05-01,Comilla,2011,30.7,33.15,33.22275284825644,33.03338135701732,33.05353,33.16999840219033,33.359810307573056,33.2823970183619,33.17240103252367,31.51348100881238,34.932024687700505
2013-06-01,Comilla,2011,33.45,32.24,32.237220084261324,31.850262374319474,32.134842,32.19582774918396,32.366669346133776,32.31280690987053,32.19986264923959,30.527942509944104,33.946497658578544
2013-07-01,Comilla,2011,32.26,31.99,31.73296375920438,31.421717855778773,31.5262,31.544847803791033,31.843505151744136,31.78911161770486,31.716893501137744,30.02368420080952,33.44224331759924
2013-08-01,Comilla,2011,31.83,31.37,32.253971864622216,31.943492277102017,31.851515,32.360512660083145,32.34271736052778,32.343229969184975,32.19934879985725,30.544691635403147,33.963252093841284
2013-09-01,Comilla,2011,32.42,32.25,32.38335444487273,31.99041692089436,31.840908,32.272370497945204,32.44240230749602,32.45909192867219,32.22703241295846,30.674074033943366,34.092634855802096
2013-10-01,Comilla,2011,31.15,32.65,31.951787011037606,31.664668265908375,31.546814,31.65737366959195,31.985147433403984,32.013853215883515,31.723484756693278,30.242506684272417,33.66106733780279
2013-11-01,Comilla,2011,29.93,29.65,29.90887999896859,29.5240539055742,29.401777,29.368862555863707,29.927018793602976,29.99813810353135,29.58838036604895,28.199600125641943,31.618159872295237
2013-12-01,Comilla,2011,26.49,25.19,26.761214819319942,26.304701219013893,26.61055,25.98839748432418,26.78208963711418,26.8369523031194,26.46848290168812,25.05193632577771,28.470493312862175
2014-01-01,Comilla,2011,24.95,24.06,25.172949816196812,24.867739772364498,25.283592,25.051650346698768,25.212439917509307,25.235016021042718,24.90765396151084,23.458435084650752,26.887464547742873
2014-02-01,Comilla,2011,26.99,28.29,28.13376545458843,27.873058691921283,27.668167,28.217929673422027,28.201403364526612,28.22302355915119,27.90021081766908,26.418871192451107,29.848659716725756
2014-03-01,Comilla,2011,30.86,30.79,31.221075013575796,31.20616727090195,31.106403,31.562829381885056,31.319303397132966,31.268324196634534,31.004116052645116,29.506049058513163,32.93610096863843
2014-04-01,Comilla,2011,35.02,32.52,32.94127473126529,32.90286615485711,32.44613,32.87856000146545,33.06405490474487,33.016861556874495,32.78006714105768,31.22620307598855,34.656346386542026
2014-05-01,Comilla,2011,34.66,33.15,33.24287623533531,33.07768841496022,33.00396,32.97080360194278,33.37742589217291,33.31861371913477,33.154914537111694,31.527788721237435,34.95796374943318
2014-06-01,Comilla,2011,32.53,32.24,32.257307842891244,31.895220949422683,32.15933,32.17370408208343,32.388806630658394,32.3330453266907,32.21587612823687,30.54221482729605,33.97240085848644
2014-07-01,Comilla,2011,32.8,31.99,31.753030529051195,31.435628208032114,31.591541,31.508519786349368,31.868791369052037,31.828768012850652,31.719647164151368,30.037935610348086,33.4681254477543
2014-08-01,Comilla,2011,31.75,31.37,32.2740262699393,31.973598163328006,31.920298,32.206040578526455,32.36511106124415,32.349763753738756,32.20419917112004,30.558930708451626,33.98912183142697
2014-09-01,Comilla,2011,32.47,32.25,32.4034015662232,31.99625008081371,31.822502,32.13675350733871,32.46465035032297,32.47913905002266,32.25931525514499,30.68830583258289,34.11849729986351
2014-10-01,Comilla,2011,32.35,32.65,31.971829841390296,31.67798622474218,31.52575,31.46648103741366,32.00596505212195,32.04756732518975,31.734658065867364,30.25673419473187,33.68692548804872
2014-11-01,Comilla,2011,29.95,29.65,29.928920301486798,29.569968923144078,29.50946,29.22842255544684,29.948446740253804,30.004657785286255,29.625281885382563,28.213825107806347,31.64401549516725
2014-12-01,Comilla,2011,25.32,25.19,26.78125363268633,26.37062389823346,26.588354,26.01958497436215,26.803458024200907,26.856991116485787,26.477457366295972,25.066159814485626,28.496347450887033
2015-01-01,Comilla,2014,25.71,24.95,24.74521540756393,25.37559540883647,25.533539,24.397532411663335,24.762760045612534,24.59241581614185,25.109755732911086,23.107749765446407,26.38268104968145
2015-02-01,Comilla,2014,28.66,26.99,27.945679598471727,28.617613799233425,28.028435,27.48572432490102,28.05636424582975,27.99181524010619,27.815308327821402,26.250544401781855,29.6408147951616
2015-03-01,Comilla,2014,31.67,30.86,31.198889800011198,31.417418202593137,31.18316,32.28668597125857,31.433801707655604,31.223179121165554,31.714983214594984,29.488361807902276,32.90941779212012
2015-04-01,Comilla,2014,32.56,35.02,33.04628531071079,32.56009110158451,32.89397,34.00798934132831,33.05991201073025,32.99089142488969,33.018293585505724,31.331582682068795,34.760987939352795
2015-05-01,Comilla,2014,33.87,34.66,33.2002778724364,32.84163512968274,32.966484,33.68804311656042,33.19654077387911,33.123388595931885,32.75955815851222,31.48443831046558,34.91611743440722
2015-06-01,Comilla,2014,32.75,32.53,32.38567242216842,31.903674193133675,31.668762,32.841451191880346,32.47311576624952,32.40732696470396,32.61023766711825,30.669522875055225,34.101821969281616
2015-07-01,Comilla,2014,31.03,32.8,31.912361637610637,31.77791575141611,31.604599,31.98312229408191,32.070230430272325,31.997116730469905,32.098845789374664,30.196127547722906,33.628595727498364
2015-08-01,Comilla,2014,31.5,31.75,32.21791727863794,31.818136865732008,32.002228,32.824526439375724,32.2915563003659,32.24796662502533,32.37254197453446,30.501660131809334,33.93417442546655
2015-09-01,Comilla,2014,32.01,32.47,32.42862579599168,32.134609436884965,32.004723,33.01969166755734,32.50286164575482,32.47193340584781,32.318555215074994,30.712362369909155,34.1448892220742
2015-10-01,Comilla,2014,32.0,32.35,31.916357963218125,31.649808224730215,31.800434,32.31914214922477,31.88777849006874,32.001724674238595,31.57268594882095,30.20009286040822,33.63262306602803
2015-11-01,Comilla,2014,29.88,29.95,29.836563552469684,29.514209015018015,29.563755,30.013083845645713,29.80003206134755,29.710846463889553,29.633094459007765,28.12029812440541,31.55282898053396
2015-12-01,Comilla,2014,25.82,25.32,26.42072349563558,25.827949812382187,26.38435,25.681016915023207,26.42764169965193,26.465038714561057,26.279948539171375,24.704458463147365,28.136988528123798
2016-01-01,Comilla,2014,24.91,24.95,25.036758572939835,24.735555798616787,25.009819,24.530027525640065,25.09378983533341,25.127007828239403,24.83274719501302,23.31424498937996,26.75927215649971
2016-02-01,Comilla,2014,28.7,26.99,28.106931883341588,27.95800527227211,27.548742,27.93391100699363,28.184164033668445,28.154801845050372,27.818668078423244,26.383968758398197,29.82989500828498
2016-03-01,Comilla,2014,31.44,30.86,31.292095134383846,31.320464250971405,31.073975,32.12513543003891,31.393450915144918,31.33044920710366,31.12817070740448,29.569009410462748,33.015180858304944
2016-04-01,Comilla,2014,32.75,35.02,33.10395179958646,32.883173020851224,32.44049,33.550209634930404,33.22942850098787,33.16185426609223,33.02347946563303,31.380832636433816,34.82707096273911
2016-05-01,Comilla,2014,32.79,34.66,33.23938350693095,33.01675989168042,32.913445,33.546959207348806,33.38723693271228,33.297285973436715,33.234956054537555,31.51625522287942,34.96251179098248
2016-06-01,Comilla,2014,32.55,32.53,32.41508428888464,31.883950983050404,31.986418,32.674318947198614,32.55603818616105,32.47298675539041,32.38272651019076,30.691953517174426,34.13821506059486
2016-07-01,Comilla,2014,30.89,32.8,31.9367107452636,31.599185214010774,31.449984,32.12435877717024,32.0609947890335,31.994613211769366,31.88283141282949,30.213579295735084,33.65984219479212
2016-08-01,Comilla,2014,32.36,31.75,32.2396222617442,31.973416738138052,31.950123,32.87237401381597,32.3407347917194,32.29752472824997,32.095942830646514,30.516490630000465,33.962753893487935
2016-09-01,Comilla,2014,32.55,32.47,32.44894983354412,32.10396081280603,31.841227,32.865057485931025,32.5202044558521,32.506852300049886,32.304230235297815,30.72581816188746,34.17208150520078
2016-10-01,Comilla,2014,32.41,32.35,31.93596077505335,31.702078404135673,31.65473,32.217017388407086,31.97572638163321,31.993863241559115,31.705611615557064,30.21282912839814,33.65909242170856
2016-11-01,Comilla,2014,28.92,29.95,29.855789690124137,29.523716936195015,29.444338,29.811501087929415,29.87719797994266,29.913692156629903,29.515590319037713,28.132658181860666,31.578921198387608
2016-12-01,Comilla,2014,27.69,25.32,26.439752907861262,26.058782500415298,26.32502,25.778773643820426,26.46480180597275,26.497655374367028,26.133737553939497,24.716621919710757,28.162883896011767
2017-01-01,Comilla,2014,26.29,24.95,25.055685241477995,24.73203237788543,25.08952,24.617422262037827,25.106586273417943,25.11358770798376,24.801300721353,23.326357173406837,26.785013309549154
2017-02-01,Comilla,2014,28.85,26.99,28.12580489198743,27.84261888451058,27.582117,27.933942957592453,28.212583308919616,28.183707358493194,27.887141532387197,26.396032784832784,29.855576999142073
2017-03-01,Comilla,2014,29.05,30.86,31.31094011810559,31.2178188925408,31.085917,31.924351946335445,31.430193959805784,31.349294190825404,31.14202430761892,29.581046912236875,33.040833323974304
2017-04-01,Comilla,2014,30.84,35.02,33.12278214674565,32.816346976199725,32.465694,33.462359407925234,33.26117426611318,33.180684613251415,32.96860060362882,31.39285591082271,34.85270838266859
2017-05-01,Comilla,2014,33.35,34.66,33.25820620986022,33.040118736852456,32.831047,33.45955267612078,33.40246248001493,33.316108676365985,33.195972991046965,31.52827096464443,34.988141455076004
2017-06-01,Comilla,2014,31.78,32.53,32.43390299946592,31.92936583875455,32.014004,32.68191379592356,32.574031951800016,32.49180546597169,32.379784265331196,30.703965297032696,34.16384070189915
2017-07-01,Comilla,2014,31.14,32.8,31.955527370763363,31.562874452894835,31.545206,32.13549026454776,32.08361623990821,32.01342983726913,31.869854295644753,30.225588998812274,33.685465742714456
2017-08-01,Comilla,2014,31.97,31.75,32.258437798269526,31.999725314109362,31.91753,32.80340426872714,32.365198394675694,32.31634026477529,32.1473587701101,30.52849924635678,33.98837635018227
2017-09-01,Comilla,2014,31.91,32.47,32.46776480133133,32.10478100860029,31.80359,32.78906506513092,32.54355686389301,32.52566726783709,32.289802379545485,30.737826210081835,34.19770339258082
2017-10-01,Comilla,2014,31.37,32.35,31.954775445806,31.742186431307427,31.666965,32.137727468719504,31.997810811930457,32.012677912311766,31.692832070778763,30.224836879573907,33.68471401203809
2017-11-01,Comilla,2014,29.94,29.95,29.874604205744703,29.57748360835139,29.444338,29.78720377159263,29.897670106630862,29.93250667225047,29.548184958678895,28.144665777390994,31.60454263409841
2017-12-01,Comilla,2014,26.63,25.32,26.458567342461073,26.15994365889405,26.345766,25.857422235736166,26.4853254612807,26.51646980896684,26.14124619960486,24.728629432182302,28.188505252739844
2018-01-01,Comilla,2017,24.02,26.29,25.280222064088896,25.042726905984495,25.00668,25.502658706974536,25.28388882978063,25.190650372039393,25.02069293485561,23.653948817499383,26.90649531067841
2018-02-01,Comilla,2017,28.0,28.85,28.29081013444739,27.702654956701416,28.265919,27.390904748108767,28.21338601116962,28.270956259406383,28.15243017033321,26.605761665909927,29.975858602984854
2018-03-01,Comilla,2017,31.42,29.05,31.192317233502706,30.68467166507897,31.291027,30.091491981759372,31.237348569340117,31.198659144423743,31.256204007488424,29.49460042886623,32.890034038139184
2018-04-01,Comilla,2017,31.95,30.84,32.867139671103786,32.6523308052149,32.44594,32.05410568421237,32.994295941771526,32.8881036975549,32.84210956255589,31.166646115282475,34.567633226925096
2018-05-01,Comilla,2017,31.12,33.35,33.26050014598544,32.909367514679175,32.712353,32.484504310990474,33.35392587038788,33.28146417243655,33.12095493591114,31.559395788767226,34.96160450320365
2018-06-01,Comilla,2017,31.89,31.78,32.39760636464146,32.07798507901199,31.935553,31.967724451292845,32.48612636301404,32.41857039109257,32.20653481856624,30.696367545165998,34.098845184116925
2018-07-01,Comilla,2017,31.64,31.14,31.731606760379304,31.414068570116633,31.477474,31.126849059736163,31.86253393915652,31.752570786830415,31.54551497319159,30.03033833558911,33.4328751851695
2018-08-01,Comilla,2017,32.24,31.97,32.192216447510845,31.845947334139034,31.73023,31.330216918743087,32.29492829882134,32.200585538477725,31.93629808978662,30.490941505743656,33.89349138927803
2018-09-01,Comilla,2017,32.79,31.91,32.38965548463392,32.04768761555585,31.831667,31.59295331967117,32.46980682081357,32.38652789574343,32.267273513831896,30.68837911571864,34.0909318535492
2018-10-01,Comilla,2017,30.94,31.37,31.952502762751937,31.75882396409293,31.64577,31.452699854023273,32.00925218529899,31.949375173861444,31.69002054119362,30.251226115090027,33.65377941041385
2018-11-01,Comilla,2017,29.71,29.94,29.834729010019473,29.797591772104635,29.568605,29.728768155541033,29.873328462144034,29.83160142112898,29.500207520492186,28.133452462186053,31.536005557852892
2018-12-01,Comilla,2017,25.82,26.63,26.580067895628275,26.390442313518406,26.39634,26.97056923516519,26.614020541067003,26.576940306737782,26.308860273915222,24.878792101899656,28.281343689356895
2019-01-01,Comilla,2017,26.93,26.29,25.279993965540996,24.76831777846108,25.026405,25.23942246790385,25.33055355564918,25.276866376650503,25.03280738689379,23.574066899938423,26.98592103114357
2019-02-01,Comilla,2017,27.66,28.85,28.300018946958865,27.459033412164636,27.632067,27.30182050048235,28.382098901398344,28.296891358068372,28.017647673196574,26.59374891100201,30.00628898291572
2019-03-01,Comilla,2017,30.29,29.05,31.205954251389205,30.98040486655721,31.200047,30.34017596682787,31.322759231306208,31.20313004362136,30.985282036546057,29.499608706365557,32.91229979641285
2019-04-01,Comilla,2017,32.64,30.84,32.88285459379621,32.75527167411143,32.4968,32.174403357950865,33.024754172987514,32.90381862024732,32.61887748664588,31.17649242295319,34.58921676463923
2019-05-01,Comilla,2017,33.59,33.35,33.27719011116502,33.02315060103678,32.776188,32.519924651521606,33.43558334456196,33.29815413761613,33.085908728040536,31.57082427953813,34.98355594279191
2019-06-01,Comilla,2017,33.2,31.78,32.41475386177777,32.16098001213095,32.195786,31.86719290433178,32.576213048709604,32.43571788822888,32.224409790687055,30.708387224170473,34.121120499385064
2019-07-01,Comilla,2017,31.47,31.14,31.748968951228132,31.43622904434472,31.604422,30.914175322958535,31.901573118063354,31.769932977679243,31.562938885909734,30.042602136530604,33.45533576592566
2019-08-01,Comilla,2017,32.61,31.97,32.20967938190232,31.976080973700643,31.75096,31.324462204869267,32.3410262060669,32.23064340835343,31.989251255222683,30.50331252992726,33.916046233877374
2019-09-01,Comilla,2017,32.45,31.91,32.407165692237385,32.12158519025341,32.06655,31.594024238191285,32.50591184127048,32.40403810334689,32.1654070992722,30.70079883984666,34.113532544628114
2019-10-01,Comilla,2017,31.59,31.37,31.97003515298382,31.859366369730697,31.65389,31.555034665217615,32.03457556536604,31.966907564093326,31.696165962185926,30.26366833589132,33.67640197007631
2019-11-01,Comilla,2017,29.98,29.94,29.85227180929662,29.791048137926644,29.50719,29.80632776457152,29.894977151951128,29.849144220406128,29.51816132257311,28.14590516070098,31.55863845789226
2019-12-01,Comilla,2017,24.98,26.63,26.597615579278063,26.33111130219487,26.219322,26.962724474726222,26.641019515589313,26.59448799038757,26.247467432046896,24.891249697723325,28.3039814608328
2020-01-01,Comilla,2017,23.92,26.29,25.29754394114893,24.81023024504636,24.905745,25.23629345822943,25.36237838107502,25.294416352258438,25.00161285084393,23.58654790363865,27.00853997865921
2020-02-01,Comilla,2017,26.87,28.85,28.31756999805234,27.523256983537667,27.822287,27.41446973888939,28.41244236427014,28.314442409161845,28.044542480481013,26.606232932537843,30.028907063566834
2020-03-01,Comilla,2017,31.4,29.05,31.223505807146843,31.039951402644363,31.251215,30.412830154200133,31.347107814986078,31.220681599379,30.980061239988864,29.51209366011814,32.934917954175546
2020-04-01,Comilla,2017,32.1,30.84,32.900406386364025,32.755796365867454,32.4756,32.15005597127451,33.04705136079552,32.921370412815136,32.65833131053447,31.18897770765196,34.61183506507609
2020-05-01,Comilla,2017,32.5,33.35,33.29474201485438,33.04893578023064,32.630264,32.45187081288293,33.45580508118939,33.31570604130549,33.09508531432579,31.583309696085806,35.00617433362295
2020-06-01,Comilla,2017,31.87,31.78,32.43230581761014,32.20028100061738,32.135612,31.775194538658766,32.59621926151894,32.45326984406125,32.23472029446656,30.72087269742484,34.14373893779544
2020-07-01,Comilla,2017,31.62,31.14,31.766520931528255,31.46953231207567,31.6113,30.832187922215603,31.920785376819705,31.787484957979366,31.57645361992759,30.055087635256474,33.47795422780004
2020-08-01,Comilla,2017,32.17,31.97,32.227231373683765,32.01204688008258,31.840067,31.31267802964029,32.359527535792154,32.248195400134875,32.01426826277642,30.51579804035039,33.93866470701714
2020-09-01,Comilla,2017,32.67,31.91,32.424717689406364,32.142612262358824,32.070286,31.59308574018151,32.52462856489516,32.42159010051587,32.18721560550085,30.7132843556818,34.13615102313093
2020-10-01,Comilla,2017,33.01,31.37,31.98758715268086,31.879360491204498,31.696129,31.55285212480546,32.05332864050388,31.984459563790367,31.706244254678857,30.276153854155147,33.69902045120657
2020-11-01,Comilla,2017,30.57,29.94,29.869823810179938,29.77519086478972,29.471172,29.739267227916873,29.914066470996044,29.866696221289445,29.541756315488467,28.158390679653397,31.581256940706478
2020-12-01,Comilla,2017,26.44,26.63,26.61516758071803,26.29818654399192,26.270952,26.90052536376402,26.66038635602194,26.612039991827537,26.269736801137856,24.90373521496191,28.32659994647415
2021-01-01,Comilla,2020,26.05,23.92,25.27933266022222,24.925860764985735,25.453749,24.841187463787996,25.238338751512234,25.04791993656175,25.284931135361482,23.65869887085441,26.899966449590032
2021-02-01,Comilla,2020,29.18,26.87,28.15917190977693,27.41035132085795,27.847694,27.103741035561004,28.160340930503818,28.138449211356644,28.00167009548325,26.48048231189935,29.83786150765451
2021-03-01,Comilla,2020,33.03,31.4,31.193947380953606,31.114073217591713,30.803549,30.468544780493854,31.346252181879677,31.420761278444107,31.125774743981527,29.502736698151352,32.88515806375586
2021-04-01,Comilla,2020,34.63,32.1,32.75995922971972,32.63414028399362,32.456795,32.53001182476849,32.79079228904869,32.81059246276029,32.70777435440494,31.066002756786197,34.45391570265324
2021-05-01,Comilla,2020,34.6,32.5,33.10651959816636,33.2872650511798,32.591263,33.065022898930856,33.182202368509614,33.106939290302705,32.94640880493153,31.411958861957043,34.80108033437567
2021-06-01,Comilla,2020,31.89,31.87,32.39840701211302,32.333935234840055,31.865143,32.590880692791586,32.55278026475738,32.49550956476538,32.465783571728984,30.703713193709046,34.093100830516995
2021-07-01,Comilla,2020,31.74,31.62,31.71835750619357,31.59816017123076,31.61104,31.406592091150777,31.900858851719804,31.785852859713486,31.740387602060107,30.023634373225647,33.41308063916149
2021-08-01,Comilla,2020,32.11,32.17,32.24218425756374,32.10172354626398,31.702923,31.97852741790435,32.433838300057275,32.25376967104206,32.324272368250945,30.547454668325937,33.93691384680155
2021-09-01,Comilla,2020,33.6,32.67,32.45871506604258,32.239549232325,31.878473,32.50147830822623,32.603587269050486,32.460354021479226,32.36141597483105,30.763984060356233,34.15344607172893
2021-10-01,Comilla,2020,32.97,33.01,31.961861719760897,32.161124586131386,31.91837,32.01439527192902,32.072490419595056,31.847712477121355,31.545139189941498,30.267130428284254,33.65659301123754
2021-11-01,Comilla,2020,30.08,30.57,29.916000924511252,30.144116325662292,30.342274,30.22778040626546,29.99506112310888,29.978709630174933,29.563528798828138,28.221269689171127,31.610732159851377
2021-12-01,Comilla,2020,26.86,26.44,26.437263163081347,26.498303566391186,26.246767,26.81199130033125,26.471633141286457,26.55847213631028,26.09526463967376,24.742532480732002,28.131993845430692
2022-01-01,Comilla,2020,25.38,23.92,25.24190079480297,24.773936587863744,25.330498,24.827370024798736,25.30274647163668,25.16778691172487,25.01685247239223,23.5428130718466,26.94098851775934
2022-02-01,Comilla,2020,27.07,26.87,28.149729442349415,27.555796507365798,28.191841,27.175337647353032,28.21862365390719,28.20326406931017,27.94022644547473,26.45032342409249,29.84913546060634
2022-03-01,Comilla,2020,32.81,31.4,31.19764165887906,31.086058643073276,31.239475,30.646753476052275,31.301847016881563,31.27687063375785,30.972665690570743,29.498165532386302,32.89711778537182
2022-04-01,Comilla,2020,32.93,32.1,32.76981920218851,32.68632762275358,32.574104,32.62975678727094,32.902324925853726,32.86910693562414,32.61819573310798,31.070327632169473,34.46931077220754
2022-05-01,Comilla,2020,33.01,32.5,33.119273422055734,33.20083261433091,32.515453,33.110567482447244,33.26748215945578,33.14221273898412,33.056972579970214,31.419778450064356,34.81876839404711
2022-06-01,Comilla,2020,31.62,31.87,32.4125190570407,32.2092563809178,31.867382,32.32430086514363,32.575675264040605,32.45199583539892,32.310617577861855,30.71302333570228,34.11201477837911
2022-07-01,Comilla,2020,33.56,31.62,31.733107028351675,31.607684060617288,31.54954,31.490483283389143,31.899411636638888,31.794204344795595,31.642131351276614,30.033611142221705,33.43260291448164
2022-08-01,Comilla,2020,33.71,32.17,32.25723297786991,32.07127734217091,31.58228,31.795512895564706,32.421172548971136,32.329306668463154,32.07722799323455,30.55773705670803,33.956728899031795
2022-09-01,Comilla,2020,32.98,32.67,32.47390421415939,32.14750263617085,31.670547,32.03575598324781,32.621813702261775,32.53547211672439,32.257428072979984,30.774408291043336,34.17340013727544
2022-10-01,Comilla,2020,32.82,33.01,31.977116777276308,31.99296870669476,31.730085,31.891422795203106,32.089535177114456,31.966959539515585,31.67725909002397,30.27762087989067,33.676612674661946
2022-11-01,Comilla,2020,31.75,30.57,29.93128691641782,29.938233489450372,29.902788,30.100514760920493,30.01033633067692,29.916129522306665,29.584240482108196,28.231791143458715,31.63078268937693
2022-12-01,Comilla,2020,27.99,26.44,26.452563673957545,26.413354815905866,26.24369,26.783926625466822,26.509179004014676,26.486225523754317,26.0974362695869,24.75306846751697,28.15205888039812
2023-01-01,Comilla,2020,26.17,23.92,25.257208120116793,24.732255132353878,25.20345,24.906559104202532,25.320249698558957,25.31630121547898,25.000186924779488,23.553375094608885,26.9610411456247
2023-02-01,Comilla,2020,28.92,26.87,28.1650399660004,27.595553436742964,28.078936,27.25511061112956,28.250798663934017,28.1939584185613,27.931154611815245,26.460890423539702,29.869189508461098
2023-03-01,Comilla,2020,31.43,31.4,31.212953683660615,31.095600640058414,31.262291,30.66501599938767,31.324267781665977,31.26675142042457,31.010071473824095,29.508734424599265,32.91717294272196
2023-04-01,Comilla,2020,34.61,32.1,32.78513193152148,32.69080607520654,32.560013,32.614513182586236,32.91766844921583,32.86196689329344,32.59047285041883,31.0808973152005,34.48936654784246
2023-05-01,Comilla,2020,34.15,32.5,33.13458648206793,33.16343943969798,32.72713,32.928360267627845,33.28311465488438,33.211421443839896,32.99537310046634,31.43034848277771,34.83882448135815
2023-06-01,Comilla,2020,32.79,31.87,32.42783227225626,32.14600563781879,31.824022,32.26645463513811,32.58913873869393,32.470326908285266,32.28939027329904,30.72359352780495,34.13207101670757
2023-07-01,Comilla,2020,33.39,31.62,31.748420316411508,31.58898305940614,31.512598,31.352642638781877,31.91667826280351,31.82075849516536,31.613627922514663,30.044181408089976,33.45265922473304
2023-08-01,Comilla,2020,31.56,32.17,32.272546300119,32.058618823279176,31.641651,31.693681870422935,32.4373910893973,32.36417531353815,32.09606001625108,30.568307356964976,33.97678524327302
2023-09-01,Comilla,2020,33.5,32.67,32.4892175524551,32.134120711568656,31.619677,31.981351969111035,32.63636576186925,32.5700762896854,32.260360408540045,30.7849786073748,34.1934564975354
2023-10-01,Comilla,2020,32.31,33.01,31.99243012310346,31.934356968532484,31.390205,31.82573567071416,32.10679637574381,32.02134857566436,31.696630829355758,30.28819120368691,33.69666904252001
2023-11-01,Comilla,2020,30.82,30.57,29.946600265779832,29.84251916158835,29.469143,30.002530726463686,30.026069602067423,29.980262115576604,29.6090049520826,28.242361470444614,31.65083906111505
2023-12-01,Comilla,2020,27.19,26.44,26.467877024978634,26.33984758416882,26.30169,26.73249201990326,26.527523282078967,26.501538874775406,26.118408823076408,24.763638794585525,28.172115255371743
2012-01-01,Cox's Bazar,2011,27.58,26.95,27.244510339626135,26.9956922564414,27.168053,27.381136928456968,27.299737758515242,27.251865664550127,27.20858620429078,25.930657006501168,28.558363672751103
2012-02-01,Cox's Bazar,2011,30.49,30.3,29.544561348106175,29.0383230038664,29.227188,29.31051893286607,29.539824890470353,29.549757141801923,29.25927700270784,28.16129199410602,30.92783070210633
2012-03-01,Cox's Bazar,2011,31.21,32.26,32.05372519318826,31.531197758352544,31.24856,31.507025773396954,32.123793257868606,32.03159595926172,32.096814045418554,30.6514437574712,33.456006628905314
2012-04-01,Cox's Bazar,2011,32.81,32.95,33.27513134347464,32.94405035990951,32.6228,32.49915007262165,33.364296649912426,33.28248666839863,33.13792429341476,31.8582023614083,34.692060325540986
2012-05-01,Cox's Bazar,2011,33.51,32.52,33.38206332281248,33.12086873489364,32.859894,32.508486179196794,33.33206485755122,33.387259116508226,33.311952058303724,31.95381735736656,34.810309288258395
2012-06-01,Cox's Bazar,2011,31.87,31.28,31.86360531692784,31.286557575970985,31.534973,31.40488245037748,31.853839051060884,31.868801110623586,31.80614103829391,30.42659708122875,33.30061355262693
2012-07-01,Cox's Bazar,2011,30.52,31.16,31.098035930912264,30.777819695943148,30.988447,30.25324113178365,31.175111355159093,31.103231724608012,30.99358367562565,29.654232634067835,32.54183922775669
2012-08-01,Cox's Bazar,2011,31.41,30.87,31.475395715955763,31.008235117399256,30.768255,30.648294623524553,31.4000200846385,31.48059150965151,31.40983296574792,30.026316640608727,32.9244747913028
2012-09-01,Cox's Bazar,2011,32.17,31.07,32.16346793087347,31.48960372237268,31.366528,31.510161821001223,32.13102752655619,32.16866372456922,31.97337570601193,30.71028909314591,33.616646768601036
2012-10-01,Cox's Bazar,2011,32.39,32.1,32.675488166890084,32.27181520953587,31.72019,31.67024707876049,32.731042129718205,32.68068396058583,32.42591421656848,31.219121502822397,34.13185483095777
2012-11-01,Cox's Bazar,2011,30.61,30.73,31.33477418315654,30.720643131682618,30.355005,30.17588340221933,31.304305989957655,31.339969976852288,31.19695082403396,29.875927878937652,32.79362048737543
2012-12-01,Cox's Bazar,2011,27.25,27.59,28.820467091264966,28.114406686651535,27.989882,27.471261870222204,28.868810556510816,28.825662884960714,28.62455156664711,27.359696469445772,30.28123771308416
2013-01-01,Cox's Bazar,2011,26.84,26.95,27.7795468750205,27.02050810195853,27.085804,26.97766242530067,27.772790946715297,27.784742668716248,27.685531166526296,26.318121411925237,29.240972338115764
2013-02-01,Cox's Bazar,2011,30.67,30.3,30.00386359935985,29.02222780624025,28.63431,29.036638679529283,29.965893799182286,30.009059393055598,29.828247487568973,28.541520759060873,31.466206439658826
2013-03-01,Cox's Bazar,2011,32.25,32.26,32.43144985394435,31.742456983644413,31.485374,31.46769275255157,32.41542514654056,32.4366456476401,32.25822358682652,30.96831593750347,33.89458377038523
2013-04-01,Cox's Bazar,2011,33.8,32.95,33.57734948074869,33.02115632530762,32.684696,32.46881392325564,33.540691696498705,33.582545274444435,33.43815704639169,32.113599202222666,35.04109975927471
2013-05-01,Cox's Bazar,2011,31.81,32.52,33.61255231256881,33.25102050531517,33.159378,32.58180568786599,33.55971699858177,33.61774810626456,33.48357423656016,32.14832184230982,35.0767827828278
2013-06-01,Cox's Bazar,2011,32.41,31.28,32.0869545728288,31.51871560058063,31.434393,30.902448101018198,32.053206380631075,32.09215036652455,31.922554671703125,30.62235008727217,33.55155905838543
2013-07-01,Cox's Bazar,2011,31.64,31.16,31.344926784906427,30.85361104994692,30.998276,29.99981401847261,31.290052205290607,31.350122578602175,31.206024107550125,29.88003111949036,32.80982245032249
2013-08-01,Cox's Bazar,2011,31.21,30.87,31.650669874697748,31.24409491915778,30.762386,30.610371586967478,31.610273376956947,31.655865668393496,31.484205897843673,30.185547705981513,33.11579204341398
2013-09-01,Cox's Bazar,2011,31.92,31.07,32.28306135093266,31.689980615486977,31.18562,31.38224740625452,32.27804806223301,32.28825714462841,32.120010935055376,30.817763237674928,33.74835946419039
2013-10-01,Cox's Bazar,2011,31.26,32.1,32.816777688269156,32.33779256278854,31.832724,31.66649146989149,32.8102875676983,32.8219734819649,32.62041396338831,31.35134322733628,34.28221214920203
2013-11-01,Cox's Bazar,2011,31.22,30.73,31.45887909544886,30.985764859532498,30.0332,29.99366726532047,31.48331524512423,31.46407488914461,31.26286281397611,29.993339391595637,32.92441879930209
2013-12-01,Cox's Bazar,2011,28.36,27.59,28.884604710934777,28.42122519644212,27.849997,27.260836912444503,28.90608073698308,28.889800504630525,28.66999533431959,27.418988759706895,30.35022066216266
2014-01-01,Cox's Bazar,2011,27.77,26.95,27.883921450045708,27.144423140497175,26.93987,26.861129690940565,27.88425139637603,27.889117243741456,27.73660374957113,26.415421814507752,29.352421085583664
2014-02-01,Cox's Bazar,2011,29.34,30.3,30.10356696012704,29.199801829988942,28.498795,29.019246691214114,30.094052196076465,30.108762753822788,29.93469860038225,28.63456869235702,31.57256522789706
2014-03-01,Cox's Bazar,2011,32.36,32.26,32.5281261861925,31.982764187376116,31.072239,31.447511481895365,32.50460778070009,32.53332197988825,32.37188834817801,31.05892131281139,33.99733105957362
2014-04-01,Cox's Bazar,2011,34.91,32.95,33.671611989766426,33.211593975721435,32.56739,32.49267389825497,33.63647022923829,33.67680778346217,33.52615586230459,32.202246223341774,35.14097775619108
2014-05-01,Cox's Bazar,2011,34.64,32.52,33.705060737728914,33.37274340721933,33.00445,32.42399080579252,33.666009386239764,33.71025653142466,33.559916092906775,32.23556976820065,35.17455170725718
2014-06-01,Cox's Bazar,2011,32.62,31.28,32.17371734088769,31.7296811393423,31.264105,30.697353877182973,32.124525274769766,32.17891313458344,32.016434320722254,30.704129061153367,33.643305620622016
2014-07-01,Cox's Bazar,2011,31.6,31.16,31.424387145024475,31.01454975165869,30.92703,29.927513847136037,31.37482344920908,31.429582938720223,31.279470047768807,29.954723389379073,32.894050900669875
2014-08-01,Cox's Bazar,2011,30.85,30.87,31.73058228882534,31.426295040701948,30.57686,30.572071917711433,31.696292827179107,31.735778082521087,31.574627134119357,30.260860193226115,33.20030438442456
2014-09-01,Cox's Bazar,2011,31.95,31.07,32.36280843855201,31.859287081858746,30.976906,31.37742341856903,32.34285833275109,32.368004232247756,32.189482972685624,30.89304150782973,33.83257536927429
2014-10-01,Cox's Bazar,2011,33.12,32.1,32.891086976579786,32.46162484659419,31.591875,31.67962648695208,32.89586199118298,32.89628277027553,32.68826764128644,31.421285925290473,34.360888027869095
2014-11-01,Cox's Bazar,2011,31.55,30.73,31.531100532284636,31.213687407145592,29.926798,29.831186163892635,31.551356914097717,31.536296325980384,31.335499896426107,30.061273951695046,33.00092711287423
2014-12-01,Cox's Bazar,2011,28.54,27.59,28.958327398946352,28.64019358283816,27.613838,27.128663729575507,28.97568164889723,28.9635231926421,28.752293676600242,27.488486842506017,30.428167955386687
2015-01-01,Cox's Bazar,2014,27.47,27.77,27.746870100043413,27.524242298071844,27.854134,27.574732993645448,27.65191459101867,27.723136778466102,27.61118055773768,26.424931051793564,29.068809148293262
2015-02-01,Cox's Bazar,2014,29.49,29.34,30.20695730612336,29.664423031404375,30.144812,29.741670378555597,30.09378512600352,30.190147170207485,29.830087075732777,28.818203772082516,31.595710840164205
2015-03-01,Cox's Bazar,2014,32.7,32.36,32.44906001714897,32.11428353763775,32.266983,32.68111589462771,32.49599525456726,32.464789438898684,32.368831428670234,31.048962088656687,33.84915794564126
2015-04-01,Cox's Bazar,2014,32.9,34.91,33.59927364889311,33.199362779203106,33.426327,34.186345773235466,33.631611232848606,33.638879903440944,33.302101419242796,32.18880764648618,35.00973965130004
2015-05-01,Cox's Bazar,2014,33.7,34.64,33.528504180766916,33.28591984932623,33.03592,33.95233232748968,33.501719995399455,33.56966185481129,33.204094267144576,32.10855564585913,34.948452715674705
2015-06-01,Cox's Bazar,2014,30.88,32.62,32.156737159307376,32.186917149450885,32.4135,32.64757673887836,32.17861396608797,32.15772892378576,32.058801439262396,30.72811047447601,33.58536384413874
2015-07-01,Cox's Bazar,2014,29.66,31.6,31.368882052237655,31.216960077301774,31.17814,31.26127388258762,31.357744192646738,31.39370618351784,31.263869513497948,29.93230883672694,32.80545526774837
2015-08-01,Cox's Bazar,2014,30.92,30.85,31.69348142887771,31.33998533373712,31.372717,31.588519628958956,31.723865425722245,31.692300331292934,31.658823402478937,30.24962790116414,33.13733495659128
2015-09-01,Cox's Bazar,2014,31.93,31.95,32.312723163193816,32.007677464215725,31.962505,32.48993877264637,32.36618801687794,32.31154206560904,32.324915715770665,30.862196626177838,33.7632497002098
2015-10-01,Cox's Bazar,2014,31.62,33.12,32.72265838568331,32.48281259895825,32.40259,32.83400490801008,32.76355533302363,32.73381512348772,32.58854324512706,31.266012961778074,34.179303809588546
2015-11-01,Cox's Bazar,2014,30.21,31.55,31.443349758772243,31.461735238038344,31.276114,31.573129853292954,31.485958739376354,31.454506496576656,31.33016223632669,29.981091479870884,32.9056080376736
2015-12-01,Cox's Bazar,2014,26.81,28.54,28.804970121459547,28.682269783605733,28.724663,28.820917310888216,28.851978369549762,28.81612685926396,28.668839846961582,27.337564108793742,30.272376134125352
2016-01-01,Cox's Bazar,2014,26.27,27.77,27.86485804937743,27.198295844126477,27.43053,27.72812814823345,27.88360839253054,27.87601478718184,27.709913130474458,26.395239714125477,29.33447638462938
2016-02-01,Cox's Bazar,2014,30.26,29.34,30.194459560555686,29.453896305914792,30.096418,30.27245685086232,30.206077707899723,30.220398423490394,30.051121043764695,28.721354059087584,31.667565062023787
2016-03-01,Cox's Bazar,2014,32.93,32.36,32.50813531206943,32.25330504837068,32.59711,32.87353179864143,32.514951472069846,32.521736340429854,32.43449383811343,31.03138874447374,33.98488187966511
2016-04-01,Cox's Bazar,2014,32.62,34.91,33.78764904785137,33.64070638625492,33.529495,34.198832946179884,33.787085860009604,33.801250076211794,33.69056095075641,32.307556911635075,35.26774118406766
2016-05-01,Cox's Bazar,2014,32.93,34.64,33.697836439470386,33.628919426634845,33.2238,33.84553117907782,33.70070144018071,33.69665534188561,33.62291070595149,32.214669680339824,35.18100319860095
2016-06-01,Cox's Bazar,2014,32.02,32.62,32.265387511043016,32.166337135077946,31.985424,32.55170734798704,32.25848091960243,32.26420641345824,32.15545959911809,30.77939466167816,33.75138036040787
2016-07-01,Cox's Bazar,2014,30.2,31.6,31.455479250675168,31.247729583829575,31.09985,31.5043017269074,31.446703552455663,31.45429815309039,31.374158947729637,29.966888368198784,32.94407013315155
2016-08-01,Cox's Bazar,2014,31.09,30.85,31.679878034263734,31.42329155667976,31.547268,31.83262347215192,31.6784742100967,31.678696936678957,31.600064913409867,30.188898457804743,33.17085761072272
2016-09-01,Cox's Bazar,2014,31.71,31.95,32.34325467092008,32.019485649074014,32.09127,32.543336690772236,32.35337346445897,32.342073573335306,32.23706179377933,30.85007861801821,33.836430723821955
2016-10-01,Cox's Bazar,2014,31.91,33.12,32.82325961410922,32.60998670334811,32.39477,32.8398564348433,32.85246206090656,32.83441635191363,32.649290155372796,31.328063632442497,34.31845559577594
2016-11-01,Cox's Bazar,2014,30.32,31.55,31.51654335902715,31.518593745094304,31.180939,31.549494204763427,31.55838447335608,31.527700096831563,31.34156884760713,30.019489648000192,33.013597070054104
2016-12-01,Cox's Bazar,2014,29.33,28.54,28.843264542049077,28.78756132830762,28.592226,28.941207505731867,28.880074261865843,28.85442127985349,28.66001840307278,27.344504873732955,30.3420242103652
2017-01-01,Cox's Bazar,2014,28.13,27.77,27.916389257475387,27.241933049878206,27.332466,28.031399159706226,27.939780047222964,27.9275459952798,27.740048110661043,26.409355186746897,29.423423328203878
2017-02-01,Cox's Bazar,2014,30.53,29.34,30.257713065583957,29.489335681401776,29.975235,30.557459050071575,30.269118318994188,30.283651928518665,30.111104427118004,28.74770927805996,31.767716853107952
2017-03-01,Cox's Bazar,2014,30.32,32.36,32.56437836443272,32.25941231834769,32.046455,33.01171070669008,32.57138825339958,32.57797939279315,32.429094164716716,31.052499746979663,34.07625698188578
2017-04-01,Cox's Bazar,2014,31.69,34.91,33.831540254472095,33.553621706234914,33.422302,34.20440643773389,33.839480616134416,33.84514128283252,33.720608827018864,32.31793703791356,35.34514347103063
2017-05-01,Cox's Bazar,2014,33.66,34.64,33.743154279585,33.62056318176176,33.193443,33.82668234201281,33.74768194721513,33.74197318200022,33.66365101795902,32.227964537986644,35.258344021183355
2017-06-01,Cox's Bazar,2014,31.66,32.62,32.31600919060202,32.202923694184605,31.777184,32.62136680033546,32.313415435858694,32.31482809301724,32.22034967915105,30.799359851766063,33.83265852943797
2017-07-01,Cox's Bazar,2014,30.24,31.6,31.507833709112266,31.264151893870537,31.208586,31.649322696340864,31.50111399363596,31.50665261152749,31.41984627141687,29.989841477643168,33.02582594058136
2017-08-01,Cox's Bazar,2014,30.99,30.85,31.741228895301383,31.425233583262745,31.609913,31.96013129719467,31.7382878869426,31.740047797716606,31.639660212235142,30.22200109640521,33.26045669419755
2017-09-01,Cox's Bazar,2014,31.36,31.95,32.40022171380058,32.01887207949908,32.02984,32.60987111739293,32.411430358147534,32.39904061621581,32.29609812013124,30.87985706513232,33.920586362468846
2017-10-01,Cox's Bazar,2014,31.63,33.12,32.873448073756855,32.59814967543382,32.342148,32.828122621255794,32.90303163310799,32.88460481156127,32.70646719833571,31.352037391883187,34.39485875563052
2017-11-01,Cox's Bazar,2014,31.07,31.55,31.56900894260317,31.55082001005465,31.22611,31.532822539944902,31.609537317329405,31.580165680407582,31.396644470960663,30.046635789989033,33.091382095217305
2017-12-01,Cox's Bazar,2014,28.89,28.54,28.89871307118043,28.834583929062028,28.682287,29.043838397906292,28.93558305501998,28.909869808984844,28.70782111873126,27.3754573673148,30.42196877504606
2018-01-01,Cox's Bazar,2017,25.95,28.13,27.52441418591616,27.583463792436124,28.065388,27.55834772228708,27.55061929017875,27.22659081641314,27.308624401480095,26.191495855292175,28.857332516540147
2018-02-01,Cox's Bazar,2017,29.85,30.53,29.857381748805494,29.427189171357725,29.978065,29.553418119899565,29.89572635839782,30.2200434681277,30.01922972181501,28.451272109875887,31.2634913877351
2018-03-01,Cox's Bazar,2017,32.15,30.32,32.30627275872529,31.65944822226662,30.963068,31.621921788961153,32.35199096155678,32.377801253083355,32.543091057361494,30.88579889310006,33.726746624350525
2018-04-01,Cox's Bazar,2017,33.54,31.69,33.428840584449205,33.097385052243375,32.77397,32.66255609059739,33.53590275082275,33.46040170951906,33.429440300257966,31.995993142784943,34.86168802611347
2018-05-01,Cox's Bazar,2017,32.42,33.66,33.40735087596854,33.36351958504784,32.573185,32.78888914925082,33.51070732449039,33.47064095788678,33.37795532044296,31.963830057153842,34.85087169478324
2018-06-01,Cox's Bazar,2017,31.29,31.66,31.95070561005106,31.830974237232855,31.548168,31.568864654413982,31.915847767791675,31.95422591299122,31.812522648210052,30.49796741074777,33.40344380935435
2018-07-01,Cox's Bazar,2017,30.73,30.24,31.073206056344752,30.738764068597654,30.571175,30.640688063160773,31.015466481093963,30.938428078282122,30.884442611726573,29.612500132164623,32.533911980524884
2018-08-01,Cox's Bazar,2017,31.59,30.99,31.414350075240097,31.02216577060268,31.10194,30.861004891575913,31.363933312079713,31.447831017489396,31.217946439598038,29.946751003642557,32.881949146837634
2018-09-01,Cox's Bazar,2017,32.3,31.36,32.11288992561947,31.639981765068118,31.397991,31.41203231530516,32.083436454795574,32.20997850843321,31.98306635799079,30.63932320992348,33.58645664131546
2018-10-01,Cox's Bazar,2017,30.42,31.63,32.53906959466993,32.34705075260634,31.968897,31.86714675916515,32.59569667585095,32.49140306733906,32.39908023253237,31.060333428742556,34.017805760597305
2018-11-01,Cox's Bazar,2017,30.65,31.07,31.208945035834095,31.259855037946984,31.259388,30.555366910951932,31.320315678837368,31.285052910346767,31.029836413509393,29.725728617497204,32.692161454170986
2018-12-01,Cox's Bazar,2017,27.43,28.89,28.605749277256432,28.622982879744246,28.717329,28.296689625804746,28.657901688968902,28.656673988185826,28.55521954753668,27.118650131664104,30.09284842284876
2019-01-01,Cox's Bazar,2017,28.21,28.13,27.684926786138956,27.208898855521028,27.427137,26.8395542173031,27.735401036461518,27.7730840748691,27.523188344761152,26.195680862610324,29.174172709667587
2019-02-01,Cox's Bazar,2017,29.6,30.53,30.116670171096082,29.338292311010328,29.614855,29.045237301294225,30.1537304434416,30.269981557800527,29.981122952106286,28.624900900037463,31.6084394421547
2019-03-01,Cox's Bazar,2017,31.29,30.32,32.34203238325503,32.09176093429358,31.523207,31.275464720620057,32.380786251436845,32.40278385119822,32.194169424358954,30.84789437192202,33.83617039458804
2019-04-01,Cox's Bazar,2017,33.77,31.69,33.4743113293669,33.38854676531934,33.033382,32.435849876612835,33.51524866972085,33.556854411902165,33.319182228842294,31.9781166734219,34.970505985311895
2019-05-01,Cox's Bazar,2017,34.22,33.66,33.60274045476286,33.51978150026405,33.14178,32.83253425796685,33.61128617875308,33.66221356698839,33.46606925516354,32.104759806086825,35.10072110343889
2019-06-01,Cox's Bazar,2017,32.59,31.66,32.0938574008537,31.84540853375334,31.919952,31.318714123925393,32.079344802791226,32.19440289660222,31.930660713841682,30.594325562111404,33.59338923959599
2019-07-01,Cox's Bazar,2017,31.01,30.24,31.164780204769038,30.90820882370342,30.65932,30.37282129527221,31.146623005517455,31.268109796222113,30.983555728429774,29.66390094788963,32.665659461648445
2019-08-01,Cox's Bazar,2017,31.5,30.99,31.531008344203787,31.22109454603431,31.246927,30.68422150490956,31.521493000072326,31.593732740790205,31.33117001912197,30.02895856584863,33.03305812255894
2019-09-01,Cox's Bazar,2017,31.46,31.36,32.19615418699217,31.81384750751063,31.854383,31.256156957671624,32.21680752959854,32.238257321087836,32.02092235699058,30.693087496323663,33.69922087766067
2019-10-01,Cox's Bazar,2017,32.41,31.63,32.60320879740558,32.4626333051454,32.267506,31.83820602076384,32.656373063171344,32.665933193992,32.41801624787123,31.099258616815295,34.107158977995866
2019-11-01,Cox's Bazar,2017,31.3,31.07,31.328512365331644,31.28954738343934,31.351086,30.497705800422544,31.392852940612045,31.410528065969938,31.14044587157284,29.823794612619874,32.83323011804341
2019-12-01,Cox's Bazar,2017,27.64,28.89,28.753407216480745,28.623764696024544,28.47583,28.07852408973764,28.822789777872032,28.83542291711904,28.591490653036512,27.24802447857913,30.25878995438236
2020-01-01,Cox's Bazar,2017,26.47,28.13,27.791626471597823,27.26803904967506,27.297716,26.787123737551624,27.849890080284773,27.837733339090022,27.64422630000912,26.280647829916962,29.302605113278684
2020-02-01,Cox's Bazar,2017,28.37,30.53,30.210453975009937,29.572651589715672,29.862036,28.893394381803784,30.25627650017795,30.271267968225498,30.072059906222112,28.697916465299386,31.722991484720488
2020-03-01,Cox's Bazar,2017,32.74,30.32,32.44902352257987,32.298193766224976,31.353598,31.177340414228738,32.48697820686645,32.52451202287694,32.304197910582985,30.93566965935285,33.962377385806896
2020-04-01,Cox's Bazar,2017,33.09,31.69,33.57616580982555,33.46525090743986,33.246273,32.33085963258086,33.60075041580213,33.651654310122616,33.44057182962533,32.06210252573272,35.090229093918374
2020-05-01,Cox's Bazar,2017,33.22,33.66,33.688535698201306,33.50914102702677,33.045788,32.79007616417185,33.695302807179196,33.75225107416118,33.550427441044874,32.17385590635704,35.20321549004557
2020-06-01,Cox's Bazar,2017,31.51,31.66,32.18004061689831,31.856142758717517,32.105476,31.199189476576013,32.17080850721568,32.218587551622164,32.00626822304355,30.664825063175694,33.69525617062093
2020-07-01,Cox's Bazar,2017,31.14,30.24,31.251554447161368,30.981839840905103,30.76753,30.21025554065407,31.235418446031293,31.314278843747786,31.078219543270546,29.735873315944634,32.767235578378106
2020-08-01,Cox's Bazar,2017,30.75,30.99,31.612479157735297,31.289261063143083,31.205387,30.555614235596384,31.60675124454389,31.66570059954066,31.42722611762947,30.096393464642155,33.12856485082844
2020-09-01,Cox's Bazar,2017,32.47,31.36,32.27722240182003,31.887032182824193,31.779121,31.173008299680177,32.29614829958267,32.330443843625396,32.111316999120255,30.76078520221935,33.79365960142072
2020-10-01,Cox's Bazar,2017,32.8,31.63,32.682940354995715,32.49193659976738,32.31237,31.814635608280696,32.72938912389493,32.73198122387408,32.481687792124035,31.16619779315201,34.19968291683942
2020-11-01,Cox's Bazar,2017,31.24,31.07,31.401136377365972,31.272933456602104,31.369377,30.429855221716355,31.468438993134885,31.446252265484716,31.217872202106967,29.884128597631054,32.91814415710089
2020-12-01,Cox's Bazar,2017,28.03,28.89,28.82129114173703,28.587538935591056,28.562756,27.927235437621253,28.89152728056864,28.86739800922923,28.634157785740374,27.304055050233135,30.338527233240928
2021-01-01,Cox's Bazar,2020,28.35,26.47,27.596934013775645,27.394839305525615,27.229347,27.14629874991944,27.482060112594116,27.6212221838153,27.731219245363363,26.264005031154145,28.929862996397144
2021-02-01,Cox's Bazar,2020,29.36,28.37,29.859529385394875,29.80211548548793,29.475698,30.03045623764451,29.978035183910542,29.867065222054247,29.677245134714415,28.463768110442842,31.25529066034691
2021-03-01,Cox's Bazar,2020,32.91,32.74,32.079026875745285,32.638487674333106,32.181465,32.29400772084801,32.16343969095564,32.130468649517525,32.13497595402718,30.671349543128407,33.48670420836216
2021-04-01,Cox's Bazar,2020,33.67,33.09,33.32685412940016,33.60630228542741,33.23716,33.21947273837306,33.374497522167445,33.35412824068597,33.23711266961886,31.90838207289138,34.745326185908944
2021-05-01,Cox's Bazar,2020,33.92,33.22,33.47544328652096,33.503101741963455,32.97086,32.9392479545391,33.405461186376414,33.47941771724966,33.32954508233703,32.047184775191795,34.90370179785012
2021-06-01,Cox's Bazar,2020,30.86,31.51,31.9055304669617,32.034314922284096,31.679071,31.426316591822467,31.935853964908226,31.895376780333955,31.874934865323247,30.46839363444874,33.342667299474655
2021-07-01,Cox's Bazar,2020,30.91,31.14,31.113866817891445,31.21411877506693,31.012838,31.11517603909228,31.1044776510881,31.129095102414336,31.013966362201984,29.668670836512426,32.559062799270464
2021-08-01,Cox's Bazar,2020,30.95,30.75,31.4521179042896,31.339394996154134,30.81461,31.400523586654284,31.58919228150315,31.466639653979776,31.528449936115997,29.99960269564425,32.90463311293495
2021-09-01,Cox's Bazar,2020,32.2,32.47,32.10606680935494,32.09415682225849,31.701424,31.8801298398577,32.15038500222389,32.110041240083646,31.835686445923173,30.64690152479266,33.565232093917224
2021-10-01,Cox's Bazar,2020,32.93,32.8,32.587088580453425,32.704239227716776,32.11819,32.16332215993756,32.672333284933565,32.59106301118213,32.34933309221166,31.12187904007117,34.05229812083568
2021-11-01,Cox's Bazar,2020,32.15,31.24,31.221113089730952,31.284535558225667,31.165148,30.815928044333596,31.244868306034032,31.225087520459656,31.03124937777418,29.750408333837175,32.69181784562473
2021-12-01,Cox's Bazar,2020,28.59,28.03,28.66491985659411,28.446675525347846,28.64785,28.090939755284765,28.684315240201173,28.668894287322814,28.47452870876826,27.189238591852845,30.140601121335376
2022-01-01,Cox's Bazar,2020,27.31,26.47,27.78227036680896,27.222557247684573,27.195862,27.07678872659568,27.816791918368207,27.796771264186688,27.68971280660762,26.305999548332004,29.258541185285914
2022-02-01,Cox's Bazar,2020,28.61,28.37,29.914414967785763,29.751071623443394,29.481676,29.583345453849294,29.9403010924135,29.94168907907157,29.780849937804774,28.43539948188843,31.393430453683095
2022-03-01,Cox's Bazar,2020,32.74,32.74,32.280201405888945,32.66968855939487,31.847855,31.873776326476,32.30426318088709,32.30747551717475,32.11677849407411,30.79802408810817,33.76237872366972
2022-04-01,Cox's Bazar,2020,33.43,33.09,33.45973939105759,33.5865669320256,33.01326,32.96355064307487,33.469322548328826,33.487013502343395,33.39057453631338,31.974681698869492,34.94479708324569
2022-05-01,Cox's Bazar,2020,32.85,33.22,33.60221999721115,33.61428391416137,32.92123,33.16825202253595,33.62185241695998,33.606194427939855,33.541369498567555,32.11453818249612,35.08990181192618
2022-06-01,Cox's Bazar,2020,31.26,31.51,32.01784928185202,32.14972991382851,31.641832,31.612711678714504,32.02362799167696,32.021823712580726,31.924469167162904,30.527776763560897,33.507921800143144
2022-07-01,Cox's Bazar,2020,32.23,31.14,31.25151640848937,31.29094294363254,30.949507,30.936243736922385,31.28158460484256,31.255490839218073,31.156270102444054,29.75926591081583,32.743766906162904
2022-08-01,Cox's Bazar,2020,32.35,30.75,31.534259706277364,31.310312238792083,30.854227,31.162019987273958,31.559420382171446,31.538234137006068,31.378893326161332,30.04002518829,33.028494224264726
2022-09-01,Cox's Bazar,2020,31.99,32.47,32.259327778658204,32.120392769086656,31.612255,31.68527604054652,32.306342527940636,32.26330220938691,32.094102080956425,30.763286178091416,33.755369379224994
2022-10-01,Cox's Bazar,2020,33.03,32.8,32.72588083196959,32.68519570996658,32.17386,32.07567199375389,32.78142989141726,32.729855262698294,32.497733803131545,31.2281936430989,34.223568020840275
2022-11-01,Cox's Bazar,2020,32.34,31.24,31.342575677986623,31.398711811726965,31.171236,30.818026746558697,31.39461644771887,31.346550108715327,31.110968447563604,29.843390381135478,32.84176097483777
2022-12-01,Cox's Bazar,2020,29.99,28.03,28.736814572636845,28.62865960622108,28.581194,28.131521615199027,28.779134023249195,28.74078900336555,28.50877644793577,27.236288184229238,30.237340961044453
2023-01-01,Cox's Bazar,2020,28.25,26.47,27.882506024825716,27.26817987703175,27.178102,26.88359095433671,27.908304116035985,27.88648045555442,27.737096439223535,26.37933433132975,29.38567771832168
2023-02-01,Cox's Bazar,2020,30.43,28.37,30.020650683385234,29.700014423393892,29.223675,29.31534429991795,30.040511065241642,30.04792479467104,29.893540827693997,28.51592305658804,31.52537831018243
2023-03-01,Cox's Bazar,2020,33.05,32.74,32.37307711457429,32.65284337503373,31.638369,31.82374129566969,32.394595320576634,32.4003512258601,32.25652810782296,30.867142361717406,33.87901186743118
2023-04-01,Cox's Bazar,2020,34.83,33.09,33.554511136577716,33.600091726430456,33.01881,32.92484794555804,33.57974607324666,33.58178524786352,33.44976879520027,32.047476441782706,35.061545831372726
2023-05-01,Cox's Bazar,2020,33.41,33.22,33.69463509859076,33.65762050723447,32.92123,33.173269084622966,33.71224965352872,33.69860952931946,33.62215244797322,32.18659839505016,35.202671802131356
2023-06-01,Cox's Bazar,2020,32.38,31.51,32.10861948074845,32.21161190722738,31.63977,31.55981194276884,32.12356173797989,32.112593911477155,32.02134271562564,30.599670292181266,33.61756866931564
2023-07-01,Cox's Bazar,2020,32.34,31.14,31.337955778404968,31.30158793819147,30.701107,30.789222615892406,31.353201368189023,31.341930209133672,31.239865572681744,29.828175985110512,32.847735571699424
2023-08-01,Cox's Bazar,2020,31.0,30.75,31.622177503255017,31.31015580844144,30.853218,31.094961308614884,31.6502691443504,31.62615193398372,31.486659162986985,30.111642040141017,33.13271296636902
2023-09-01,Cox's Bazar,2020,32.51,32.47,32.339908517041316,32.09731485376171,31.606077,31.604715158067425,32.38443743442394,32.34388294777002,32.16236763458237,30.828686010256646,33.851131023825985
2023-10-01,Cox's Bazar,2020,32.56,32.8,32.80525868800087,32.70302125860618,32.154507,32.02075387459534,32.860785885517366,32.80923311872957,32.57973600981878,31.293412036145707,34.317105339856035
2023-11-01,Cox's Bazar,2020,31.33,31.24,31.421050640115723,31.481651570851565,31.209436,30.775494089646752,31.476221822686483,31.425025070844427,31.194739579231644,29.90863754541596,32.93346373481549
2023-12-01,Cox's Bazar,2020,28.84,28.03,28.81675244150603,28.712228711601618,28.526543,28.114798952819708,28.85753858617088,28.820726872234733,28.595990380618936,27.3038505712957,30.329654311716357
2012-01-01,Faridpur,2011,23.93,23.05,24.199503360136315,23.952502177315388,24.312473,23.88424323490895,24.262508124655007,24.126040613098905,23.913671217137328,22.401745404497504,25.997261315775127
2012-02-01,Faridpur,2011,28.92,28.51,28.23032812442945,27.620455450290777,28.109915,26.79022718919564,28.1333500885126,28.397706415917146,27.695682274865142,26.368764208108164,30.09189204075074
2012-03-01,Faridpur,2011,33.79,32.52,32.9489851680878,32.50173698091049,31.876307,32.56280011594444,32.92164998517294,32.65042377387317,33.08691991495585,31.08289508838795,34.815075247787654
2012-04-01,Faridpur,2011,34.17,33.7,34.74109392637107,34.62661692135881,34.02812,34.90316392123168,34.694081715136555,34.691783037276004,34.85279530452009,32.8746772068195,36.607510645922645
2012-05-01,Faridpur,2011,35.02,33.69,34.113332701934254,33.45318501759361,33.34039,34.49775425899905,34.01775957350318,34.124798246746636,33.60564964216333,32.24689238127566,35.97977302259285
2012-06-01,Faridpur,2011,33.72,32.91,32.91104739277949,32.317233889919386,32.181664,33.160308859085795,33.084146920750705,32.836294018918174,33.12517636341693,31.04460536669484,34.777489418864135
2012-07-01,Faridpur,2011,32.45,32.5,31.99079715760089,31.844094170939776,31.411816,31.51628631388542,31.993047023711657,31.82800638230182,32.0073862396991,30.124355008307383,33.8572393068944
2012-08-01,Faridpur,2011,32.32,31.25,32.18595061083079,31.71233872448032,31.494652,32.211276627405475,32.180831430525565,32.17676977072597,32.474076186272505,30.319508453005874,34.0523927686557
2012-09-01,Faridpur,2011,32.77,32.47,32.29812078449045,32.02981091299136,31.924866,32.73063159017736,32.35734149763554,32.301575044087215,32.1579399419847,30.431678631194174,34.16456293778673
2012-10-01,Faridpur,2011,32.2,33.44,32.02768713595215,31.845524104966213,31.554327,32.12376787101371,32.07414187342595,32.00923206271473,31.822942322903888,30.16124505418523,33.89412921771907
2012-11-01,Faridpur,2011,28.55,30.04,29.695969357465476,29.239671779154854,29.479992,29.91154634210138,29.53870156285219,29.616135611509055,29.54246720622393,27.829528266216375,31.562410448714576
2012-12-01,Faridpur,2011,24.01,24.28,26.094890247454227,25.287243414354705,25.492111,25.64981492726865,26.135287164826305,26.043314225395502,25.921958806311697,24.228462863832256,27.9613176310762
2013-01-01,Faridpur,2011,23.94,23.05,24.70490080411766,23.941149714731683,24.343456,23.962114496908534,24.71216359870763,24.667415681436996,24.488103012054655,22.836852146179066,26.572949462056254
2013-02-01,Faridpur,2011,28.6,28.51,28.38371549271331,27.40583806305731,27.571917,27.339491410403323,28.415024748134485,28.352985006797173,28.048773917900597,26.515536067684753,30.25189491774187
2013-03-01,Faridpur,2011,33.82,32.52,33.007747279124025,32.558327161000314,32.301563,32.592934136917485,33.05106957051582,32.97197136806107,32.737748224474785,31.139558405089677,34.87593615315838
2013-04-01,Faridpur,2011,35.02,33.7,34.77441943792519,34.52493731600883,34.3144,34.72014667414753,34.787039785223804,34.72412831691918,34.550235554707555,32.906229881098156,36.64260899475222
2013-05-01,Faridpur,2011,32.19,33.69,34.13982049793512,33.7759003434946,33.35438,34.422684423372765,34.20330441259059,34.06124233127147,34.03190717152088,32.27163089176893,36.00801010410131
2013-06-01,Faridpur,2011,33.74,32.91,32.935697114708375,32.384477101519195,32.4509,32.64404161736657,32.9761874659736,32.90877467641468,32.79553386400794,31.06750750497883,34.80388672443792
2013-07-01,Faridpur,2011,32.6,32.5,32.0149527793778,31.691286171771605,31.223022,31.703083523269765,32.03905677424952,31.988030341084105,31.8794086751755,30.146763169417603,33.883142389338
2013-08-01,Faridpur,2011,32.04,31.25,32.209973411540304,31.772233114469213,31.621134,31.79090581009789,32.2418987080852,32.18305097324661,31.979392162807482,30.341783801934884,34.07816302114573
2013-09-01,Faridpur,2011,32.82,32.47,32.32210788102972,31.939412437710242,31.634914,32.0958848234094,32.37186234532519,32.29518544273603,32.09851103089427,30.45391827659025,34.190297485469195
2013-10-01,Faridpur,2011,31.28,33.44,32.0516646347085,31.789539412617255,31.409153,31.818165339993737,32.09009652294474,32.024742196414806,31.752388233993326,30.183475101777837,33.919854167639166
2013-11-01,Faridpur,2011,29.91,30.04,29.719944276202842,29.27865906297845,29.084322,29.673582046591385,29.777185412704576,29.693021837909146,29.38150241641316,27.851755732866845,31.58813281953884
2013-12-01,Faridpur,2011,26.3,24.28,26.118864472646216,25.437426124014266,25.083342,25.772071520431034,26.164694352917458,26.09194203435252,25.799078064072603,24.25068962411576,27.98703932117667
2014-01-01,Faridpur,2011,23.16,23.05,24.7288748428749,23.990591016367226,24.415693,24.27263969046678,24.774402196883667,24.650296676211255,24.44031465660706,22.85908024602714,26.598669439722663
2014-02-01,Faridpur,2011,27.1,28.51,28.40768948135427,27.372864585415098,27.891281,27.553930730065872,28.45929461674206,28.35739836034826,28.107763475600784,26.537764240289054,30.27761472241949
2014-03-01,Faridpur,2011,32.76,32.52,33.031721254293025,32.51310856493169,32.633232,32.48521925442075,33.083163905112805,32.99594534323007,32.792545431081045,31.16178657309991,34.90165593548614
2014-04-01,Faridpur,2011,37.06,33.7,34.79839340947274,34.60000438531555,34.711624,34.545176212115024,34.85732572016238,34.748102288466725,34.584472973598686,32.928458046128455,36.66832877281702
2014-05-01,Faridpur,2011,35.52,33.69,34.16379446850917,33.8836928800306,33.61442,33.989781606466565,34.21352229061636,34.08521630184552,33.97942945047544,32.29385905587209,36.03372988114624
2014-06-01,Faridpur,2011,33.17,32.91,32.95967108502074,32.40966449155762,32.32988,32.42602836170989,32.99809416103426,32.91318801163717,32.80100337524925,31.08973566882365,34.829606501217825
2014-07-01,Faridpur,2011,32.54,32.5,32.03892674961981,31.683580795031183,31.404192,31.50362846807705,32.074556882526686,31.992443676236242,31.848669982364417,30.16899133319229,33.908862166047335
2014-08-01,Faridpur,2011,32.4,31.25,32.23394738176341,31.766019520575526,31.716354,31.663095886681624,32.27612674018307,32.20702494346971,31.981808455146208,30.36401196569033,34.103882797836484
2014-09-01,Faridpur,2011,32.88,32.47,32.346081851247746,31.943157307578765,31.686026,31.88694813213385,32.39634187633142,32.31915941295405,32.0929532954983,30.476146440335796,34.216017262159696
2014-10-01,Faridpur,2011,32.49,33.44,32.07563860492515,31.79421590764504,31.359394,31.552420678661118,32.13512571408993,32.04871616663146,31.789438269670306,30.20570326545525,33.94557394439506
2014-11-01,Faridpur,2011,30.43,30.04,29.743918246419128,29.33978964594565,29.058054,29.45507969076922,29.80339795341115,29.716995808125432,29.429443758388583,27.873983895619986,31.61385259721827
2014-12-01,Faridpur,2011,24.72,24.28,26.142838442862406,25.509885230507322,24.854172,25.700727809271548,26.197374177088687,26.11591600456871,25.839783054497616,24.272917774082973,28.012759111641838
2015-01-01,Faridpur,2014,24.59,23.16,24.199548277483824,24.477512439041924,24.503143,23.556145892204377,24.211174664744195,24.213964790517036,24.430117981697006,22.401286186200053,25.997810368767595
2015-02-01,Faridpur,2014,28.5,27.1,28.32869009032561,28.01737699828333,28.310192,27.46782467227387,28.357030348958595,28.311295644489064,28.5122386035443,26.467336354045333,30.190043826605883
2015-03-01,Faridpur,2014,32.75,32.76,33.08912556912516,33.007253577850506,31.732,33.646585349318684,33.27740422711339,32.93587702061747,33.27927349693535,31.223348225723417,34.9549029125269
2015-04-01,Faridpur,2014,33.21,37.06,34.9291698123138,34.36095089231509,33.651142,35.81885525111132,35.08343432731559,34.878386368117816,35.17138711802719,33.063076991291474,36.79526263333613
2015-05-01,Faridpur,2014,34.6,35.52,34.2388225991798,33.97585745763365,33.97712,34.810626337394076,34.14789765090518,34.22773737856721,33.932385026763356,32.372707252727494,36.1049379456321
2015-06-01,Faridpur,2014,33.08,33.17,33.10675736132108,32.86143807682791,32.748817,33.45341443944248,33.25306112449522,33.095672140708494,33.09780847675014,31.240640406395105,34.97287431624706
2015-07-01,Faridpur,2014,32.08,32.54,32.16723927540938,32.18195554411235,31.91306,32.24944261032579,32.314052195505035,32.16661816893379,32.19882766598743,30.30112220563632,34.03335634518243
2015-08-01,Faridpur,2014,32.69,32.4,32.27940545067323,32.140006558714155,32.26565,32.37612439163476,32.30787452128669,32.296089815200695,32.30646294020987,30.413288372838704,34.14552252850776
2015-09-01,Faridpur,2014,33.46,32.88,32.468250967790944,32.35767050306529,31.997229,32.952029843685956,32.49628042646078,32.4980912806891,32.1780244286794,30.602133891333956,34.33436804424793
2015-10-01,Faridpur,2014,32.93,32.49,32.10118461609619,32.02478776746268,31.539663,32.80846439544344,32.19616052694482,32.06930330232518,32.06517989471327,30.235067567090375,33.967301665102006
2015-11-01,Faridpur,2014,30.62,30.43,29.77705118688268,29.543446745321866,30.105654,30.15175004416614,29.642827726128765,29.787936651841527,29.39032391067795,27.910934522890102,31.64316785087526
2015-12-01,Faridpur,2014,25.94,24.72,25.986613281045273,25.42896496246245,25.62104,25.364821536853817,26.0031809352869,25.98599217456968,25.841582459417168,24.12050200888788,27.852724553202666
2016-01-01,Faridpur,2014,25.16,23.16,24.55586723378666,24.079387146524518,23.972027,23.60902707977393,24.561907789381745,24.55524612731107,24.50875970717637,22.687094996933947,26.424639470639374
2016-02-01,Faridpur,2014,30.06,27.1,28.4417585314622,27.778629042619404,27.70445,27.618923474791725,28.4927563861046,28.441137424986607,28.124537430868852,26.572791061645347,30.31072600127905
2016-03-01,Faridpur,2014,34.07,32.76,33.137192162485334,32.685662419449436,32.28977,33.29164538848377,33.230903628298385,33.12455415705732,33.01395394315877,31.268210752349532,35.00617357262114
2016-04-01,Faridpur,2014,36.11,37.06,34.959866492967066,34.67586103883179,34.658424,35.49219548221846,35.006647898712494,34.94722848753905,34.894297941338635,33.09088408739184,36.82884889854229
2016-05-01,Faridpur,2014,34.1,35.52,34.26487765997506,34.121144842101835,34.44204,34.84631986572272,34.34274599874729,34.26425655349947,34.144039737333344,32.39589518331805,36.13386013663207
2016-06-01,Faridpur,2014,34.08,33.17,33.13157207996439,32.723941492248926,32.583294,33.39294966057477,33.209450751117224,33.1309509734888,32.92748223681783,31.262589598232324,35.00055456169646
2016-07-01,Faridpur,2014,32.28,32.54,32.1917225475532,32.064751253482804,31.646698,32.23240859217329,32.23562187824664,32.191101441077606,32.00267440411745,30.322740065468675,34.06070502963772
2016-08-01,Faridpur,2014,33.13,32.4,32.30380015307695,32.04867441576401,31.905577,32.32779860359762,32.336256880320306,32.30317904660136,32.047205275717936,30.43481767110652,34.17278263504738
2016-09-01,Faridpur,2014,33.31,32.88,32.49262200242665,32.18752375499527,31.817154,32.73740452739277,32.53309691785447,32.49200089595106,32.22424332600444,30.62363952241456,34.361604482438736
2016-10-01,Faridpur,2014,33.42,32.49,32.12554932618762,31.89039564970819,31.415613,32.64947239903599,32.14211696500534,32.124928219712025,31.802006114384284,30.256566873626237,33.99453177874899
2016-11-01,Faridpur,2014,30.16,30.43,29.80141420691781,29.478048631637552,29.483315,30.092753380686467,29.827809540664976,29.800793100442217,29.561770927141307,27.932432138782364,31.670396275053253
2016-12-01,Faridpur,2014,27.35,24.72,26.01097584946047,25.543388299371983,25.343826,25.582002124376924,26.02541069546151,26.010354742984877,25.76049326680639,24.141999164893978,27.87995253402696
2017-01-01,Faridpur,2014,26.24,23.16,24.58022968151915,24.027136420981236,24.226843,23.694578786759312,24.604305475909257,24.579608575043558,24.379667408440774,22.708596118279882,26.451863244758417
2017-02-01,Faridpur,2014,29.85,27.1,28.466120946945633,27.601789725431207,27.972998,27.57953504589141,28.518420826908454,28.46549984047004,28.222444784261047,26.594292450048126,30.33794944384314
2017-03-01,Faridpur,2014,31.38,32.76,33.16155456935112,32.6333707516609,32.294632,33.0313946658066,33.2278144851683,33.160933462875526,32.962747224817434,31.28971215350377,35.033396985198465
2017-04-01,Faridpur,2014,33.88,37.06,34.98422889753002,34.63880201379175,34.650806,35.39854014104951,35.06217820287681,34.98360779105443,34.87101937654844,33.11238548776915,36.856072307290894
2017-05-01,Faridpur,2014,34.87,35.52,34.289240063922655,34.10537832708761,34.12596,34.75988093863778,34.361215583628635,34.28861895744706,34.13392239614624,32.41739658318896,36.16108354465635
2017-06-01,Faridpur,2014,33.46,33.17,33.15593448374755,32.64645387686364,32.63466,33.33485080863533,33.21131532659788,33.15531337727196,32.88536887006687,31.284090997946574,35.027777969548524
2017-07-01,Faridpur,2014,32.07,32.54,32.21608495129241,32.00160603281549,31.501251,32.20851117459091,32.25974167803981,32.21546384481682,31.895741621371943,30.34424146513952,34.0879284374453
2017-08-01,Faridpur,2014,32.88,32.4,32.32816255680442,31.998875209657843,31.77103,32.20281348324425,32.3665749330163,32.32754145032883,32.00704921305978,30.45631907076545,34.2000060428434
2017-09-01,Faridpur,2014,33.4,32.88,32.51698440615098,32.124456181420385,31.571276,32.59183875320079,32.550850140160975,32.51636329967539,32.270676909865145,30.64514092206736,34.38882789023461
2017-10-01,Faridpur,2014,31.65,32.49,32.14991172991111,31.854115677888714,31.320147,32.53392572869443,32.18218032860381,32.14929062343552,31.88290854254152,30.27806827323624,34.02175518658598
2017-11-01,Faridpur,2014,29.96,30.43,29.82577661064108,29.489970529318988,29.260147,30.079484873520627,29.84972323116151,29.825155504165487,29.602107746878396,27.95393353780457,31.697619683477587
2017-12-01,Faridpur,2014,26.61,24.72,26.03533825318368,25.57599365396666,25.029167,25.6935869655582,26.054489338109512,26.03471714670809,25.80256959611996,24.163500555687627,27.907175950679736
2018-01-01,Faridpur,2017,23.41,26.24,24.94340445589026,25.493526099931703,25.143883,24.993046611019032,25.05651023316771,24.9975816954275,24.84895302524628,23.16057746275236,26.72623144902816
2018-02-01,Faridpur,2017,29.54,29.85,28.736348403412194,28.801731021831852,28.830484,28.364903804744685,28.703438471427845,28.484424514490456,28.621241521482037,26.888737826240853,30.583958980583535
2018-03-01,Faridpur,2017,33.75,31.38,33.189443697417964,32.77424284020623,32.862076,32.386416218719,33.065612511358864,33.141436626399745,33.086827744310874,31.33712902734372,35.04175836749221
2018-04-01,Faridpur,2017,33.12,33.88,34.97965992485653,34.926619148206015,34.42826,34.40764429956248,35.11931557678459,34.94508376961122,34.7821310240234,33.12699761599824,36.83232223371481
2018-05-01,Faridpur,2017,32.63,34.87,34.398633955153926,34.45063428597252,34.001453,34.41768648967712,34.563935554725084,34.425354367229446,34.39756384824963,32.545945922837404,36.25132198747045
2018-06-01,Faridpur,2017,33.87,33.46,33.2847860006539,33.464445140147866,33.223618,33.106936803825,33.27420818630164,33.34584760646502,33.07505995995299,31.432096064758753,35.13747593654905
2018-07-01,Faridpur,2017,32.67,32.07,32.27893508789739,32.30266212718416,32.328667,32.24898510910048,32.31695896406375,32.20346574304303,32.11030870307347,30.426245011144637,34.13162516465014
2018-08-01,Faridpur,2017,33.14,32.88,32.49354524873256,32.52017731289651,32.291958,32.18012657108876,32.64218100643071,32.56633195243835,32.38828440309766,30.640855161710288,34.34623533575483
2018-09-01,Faridpur,2017,33.72,33.4,32.720706132181874,32.565987948842086,32.258472,32.10524882329972,32.724374978562196,32.63163466466307,32.34427644894961,30.868016046484126,34.57339621787962
2018-10-01,Faridpur,2017,31.88,31.65,32.305307724229166,32.12586808320895,31.69392,31.878126528913494,32.34299932315822,32.331302926591704,32.07698571280568,30.45261766679747,34.15799778166087
2018-11-01,Faridpur,2017,30.28,29.96,29.966218550079265,29.85360454228528,29.602568,29.560918988911478,30.048097875217934,29.98520403014938,29.59555203391774,28.113528875377504,31.818908224781026
2018-12-01,Faridpur,2017,25.88,26.61,26.223041535966882,26.310824256902862,26.13097,25.91482616675236,26.30532430312743,26.206110708095917,25.96149687309706,24.370357033207945,28.07572603872582
2019-01-01,Faridpur,2017,26.64,26.24,24.858324923957333,24.87730051244444,24.197695,24.363390111911166,24.93530879329732,24.85998955875133,24.562279463204625,23.003417253639377,26.71323259427529
2019-02-01,Faridpur,2017,28.18,29.85,28.733390065085388,28.268841998987234,28.733168,27.926476336849007,28.771792041175623,28.668175118219352,28.466386422450256,26.878312830862164,30.58846729930861
2019-03-01,Faridpur,2017,31.94,31.38,33.20882507783991,32.89426369488806,33.191654,32.46524588554663,33.27750687656797,33.235493235268414,32.87819775174037,31.35373529612294,35.06391485955688
2019-04-01,Faridpur,2017,34.25,33.88,35.00511845798241,34.906033837823756,35.107906,34.66913662551746,35.0956778594104,35.04122619555341,34.75846799411847,33.15002774772613,36.8602091682387
2019-05-01,Faridpur,2017,35.0,34.87,34.425745677623965,34.40680333328518,33.831688,34.266576019347696,34.481495901963555,34.44403003570817,34.16635302713148,32.57065489865376,36.28083645659417
2019-06-01,Faridpur,2017,34.14,33.46,33.31234744606835,33.3267045484969,32.999813,32.95687219436253,33.3462988288781,33.31401208086235,33.04814217385742,31.457256662014,35.1674382301227
2019-07-01,Faridpur,2017,33.55,32.07,32.30661887303502,32.213226087493915,32.096832,31.85768336969632,32.357746198789414,32.32193602994592,32.02577416647029,30.451528088615834,34.16170965745421
2019-08-01,Faridpur,2017,33.48,32.88,32.521262314377786,32.31337345537152,32.05896,31.94725917072045,32.580251361607424,32.554210432080986,32.21454240902209,30.666171530085656,34.37635309866992
2019-09-01,Faridpur,2017,33.05,33.4,32.74843225124129,32.48944677141714,32.06118,32.162918873603914,32.81417714336134,32.772581274237716,32.42346974197299,30.893341469040358,34.60352303344222
2019-10-01,Faridpur,2017,32.05,31.65,32.33303630612087,32.15051629566531,31.814945,31.881464581309668,32.40229232735795,32.36598442382407,31.998635015343254,30.47794555220627,34.18812706003547
2019-11-01,Faridpur,2017,30.53,29.96,29.993947801943943,29.776004912121444,29.272358,29.527236319057323,30.062410301403816,30.021986203100607,29.621604932369184,28.13885743026819,31.849038173619697
2019-12-01,Faridpur,2017,24.94,26.61,26.250770970086677,26.100637427137357,25.750656,25.627320949294344,26.31922068689063,26.26905532817088,25.89448429312327,24.395685763660964,28.10585617651239
2020-01-01,Faridpur,2017,23.89,26.24,24.886054407656633,24.547049644434527,24.142742,24.101850980291278,24.9501965407919,24.904338765740835,24.565918977185873,23.028748921084023,26.743359894229243
2020-02-01,Faridpur,2017,27.13,29.85,28.761119562271976,28.015945400327517,28.512075,27.88030309771693,28.831313679784373,28.785526852194213,28.468634276052377,26.90364473170419,30.61859439283976
2020-03-01,Faridpur,2017,32.47,31.38,33.23655457869549,32.8337747771592,33.248432,32.62330933733219,33.31415010053196,33.27396823540707,32.94081490721389,31.379067216905412,35.09404194048557
2020-04-01,Faridpur,2017,34.14,33.88,35.03284795983608,34.86826351359768,34.90578,34.65524374220356,35.10218657572353,35.068000749041396,34.7293945744437,33.1753596707108,36.89033624896137
2020-05-01,Faridpur,2017,32.99,34.87,34.45347517974915,34.30871946325833,33.854004,34.13498643306497,34.505479416311445,34.47175953783335,34.15915649231712,32.59598682199905,36.31096353749925
2020-06-01,Faridpur,2017,33.11,33.46,33.340076948267395,33.20737497064641,32.903,32.70471312030695,33.382152530196926,33.3583613063516,33.037225028393266,31.482588585439746,35.19756531109504
2020-07-01,Faridpur,2017,32.95,32.07,32.33434837525416,32.127159504767086,31.785328,31.636767184816584,32.380413037051184,32.37900649970103,32.03261225763748,30.476860012062147,34.19183673844617
2020-08-01,Faridpur,2017,32.67,32.88,32.54899181660239,32.24006449154094,31.827148,31.91172376496587,32.60702329380494,32.58193993430559,32.222137101754974,30.69150345353727,34.406480179667504
2020-09-01,Faridpur,2017,33.31,33.4,32.776161753467385,32.424639135543565,31.881723,32.19750154941602,32.84479703270168,32.809109871170584,32.44341040471352,30.918673392490764,34.633650114444
2020-10-01,Faridpur,2017,33.15,31.65,32.36076580834736,32.11393366536126,31.588718,31.90877725072126,32.43298424424015,32.39371392605056,32.02590292028696,30.50327747562056,34.21825414107416
2020-11-01,Faridpur,2017,30.53,29.96,30.02167730417055,29.69984242835621,29.187914,29.436923599674625,30.09086670839437,30.066335428617418,29.66851554851276,28.16418935318922,31.87916525515188
2020-12-01,Faridpur,2017,25.25,26.61,26.27850047231331,25.957139606931158,25.683239,25.47489973780175,26.342875640793924,26.296784830397513,25.929203297185268,24.42101767991488,28.135983264711744
2021-01-01,Faridpur,2020,25.04,23.89,24.58177005042372,23.92697242066008,24.403824,23.704062124527077,24.46780718980756,24.328985202210525,24.332321830294312,22.795767868471078,26.367772232376364
2021-02-01,Faridpur,2020,29.41,27.13,28.63965304392991,27.295566112811827,28.845394,27.275562168850314,28.604918202106408,28.711354078833438,28.356727701890254,26.789182655018777,30.490123432841045
2021-03-01,Faridpur,2020,34.51,32.47,33.130322717762525,32.600542518162264,33.277386,32.477876369930684,33.07946875313003,33.090737004465396,32.99188059392207,31.275202396068895,34.98544303945616
2021-04-01,Faridpur,2020,35.93,34.14,34.84270605444698,34.46339964341172,34.468613,34.789868818168074,34.65653923806173,34.585139662025256,34.63825762087525,32.98724442959033,36.69816767930362
2021-05-01,Faridpur,2020,34.63,32.99,34.33242631620725,34.21299807797753,33.878845,34.498889467276186,34.230660903886374,34.10390535659154,34.082588123256244,32.47693960857178,36.18791302384271
2021-06-01,Faridpur,2020,32.69,33.11,33.43858946243212,33.26193033767177,33.011314,33.43458140103139,33.58878632713055,33.504401916059706,33.493707032008665,31.583100911264847,35.294078013599396
2021-07-01,Faridpur,2020,32.83,32.95,32.48433920541474,32.67051332022043,32.701145,32.45117333164211,32.60564029812863,32.66857783296773,32.49551737343964,30.628850518755264,34.33982789207422
2021-08-01,Faridpur,2020,32.76,32.67,32.66816448553722,32.56504858005768,32.65788,32.379899097990574,32.742495211298625,32.65660618192773,32.77070039009837,30.81267578898005,34.523653182094385
2021-09-01,Faridpur,2020,33.09,33.31,32.91548274242351,32.98780584250404,32.6983,32.77947900570221,33.10365234772855,32.972913687760325,32.725732094452944,31.05999404596578,34.77097143888123
2021-10-01,Faridpur,2020,33.23,33.15,32.388689711103204,32.57194815704974,32.229095,32.41859071017897,32.53080692682404,32.38469962158239,32.04798937198611,30.53320102590348,34.24417839630293
2021-11-01,Faridpur,2020,29.28,30.53,30.120171085178367,30.291069523758154,30.443787,29.83027528840092,30.10626219932066,29.885920643984786,29.79653107962647,28.26468255388024,31.97565961647649
2021-12-01,Faridpur,2020,25.67,25.25,26.12359303752244,25.818043474287922,25.543036,25.25235961855686,26.12393191355831,26.151488447136288,25.781210713369486,24.268106600226126,27.979079474818754
2022-01-01,Faridpur,2020,24.33,23.89,24.838121949105485,23.975173262178515,24.21683,23.668489914384903,24.845814506826596,24.78810191002391,24.50107520725234,22.979610573505,26.69663332470597
2022-02-01,Faridpur,2020,26.69,27.13,28.728667174553436,27.416309957198905,28.573606,27.772988871141354,28.734989244234722,28.753302679484648,28.416360868974586,26.869931582845787,30.587402766261086
2022-03-01,Faridpur,2020,33.82,32.47,33.173970577642486,32.654441440038994,32.93446,32.623897240504505,33.15312455521159,33.091804628595874,32.835467059000585,31.315218507464138,35.03272264782083
2022-04-01,Faridpur,2020,34.49,34.14,34.87405484672815,34.633094723629746,34.318764,34.74578153829712,34.84696714254779,34.83390358220965,34.627359840625374,33.01530156541341,36.73280812804289
2022-05-01,Faridpur,2020,33.42,32.99,34.360440757629945,34.30607279417361,34.11233,34.311701531115176,34.38207301409572,34.459905971345975,34.209531865091236,32.50168738729862,36.21919412796127
2022-06-01,Faridpur,2020,33.42,33.11,33.46569994137489,33.232882215321396,33.067856,33.198204070919246,33.52538042285081,33.472582496226366,33.2915059196118,31.606946564501307,35.32445331824848
2022-07-01,Faridpur,2020,33.81,32.95,32.511204614717336,32.557026349343175,32.422485,32.14448667989728,32.586825494138445,32.62248396076617,32.337810020691954,30.652451237367366,34.369957992067306
2022-08-01,Faridpur,2020,33.52,32.67,32.69496345499317,32.51819880131921,32.394367,32.260169748137436,32.80407323542615,32.6600191553847,32.4601832764485,30.836210077668856,34.55371683231749
2022-09-01,Faridpur,2020,33.13,33.31,32.94226369963927,32.82866453651616,32.399357,32.55266167925657,33.071611770332034,33.0203771288876,32.71746143264398,31.083510323142292,34.80101707613625
2022-10-01,Faridpur,2020,32.21,33.15,32.41546578509281,32.43039938337241,31.952597,32.17790478302785,32.5262330034061,32.483502050764066,32.12496546563947,30.55671241988758,34.274219150298045
2022-11-01,Faridpur,2020,30.53,30.53,30.146945835296133,30.231304460035975,30.251804,29.502958439464578,30.23207752092803,30.20162632429979,29.819342522324522,28.288192623726122,32.00569904686614
2022-12-01,Faridpur,2020,27.02,25.25,26.150367428730622,25.856609098160895,25.43028,25.076947172664806,26.207590555271157,26.147850642162755,25.775976064730653,24.291616307484837,28.009118549976407
2023-01-01,Faridpur,2020,24.64,23.89,24.86489624301113,24.01785583057277,23.93728,23.72316932536918,24.89976932331991,24.831719250922575,24.512640508026582,23.00312550294781,26.726666983074452
2023-02-01,Faridpur,2020,29.56,27.13,28.755441442079782,27.48023881055246,28.49923,27.801320968102342,28.772751010057718,28.830578237719774,28.42152939145876,26.893446879505568,30.617436004653996
2023-03-01,Faridpur,2020,32.53,32.47,33.20074483801724,32.6775792138982,33.15732,32.55687473605778,33.20703257651439,33.20463144735547,32.920409289419744,31.338733825895446,35.06275585013904
2023-04-01,Faridpur,2020,36.71,34.14,34.90082910516407,34.63538418344318,35.048466,34.60801981668248,34.90908763994864,34.91724968933608,34.62560464807527,33.03881688403166,36.76284132629648
2023-05-01,Faridpur,2020,34.61,32.99,34.387215015540235,34.29409631829874,33.893463,34.128781447051225,34.40859972199795,34.34718066553246,34.139033814502845,32.52520270554747,36.249227325533
2023-06-01,Faridpur,2020,33.87,33.11,33.492474199142684,33.19164410749227,33.065857,32.97923781982696,33.53727177324178,33.49361447790675,33.241128002140776,31.630461882619148,35.354486515666224
2023-07-01,Faridpur,2020,34.42,32.95,32.537978872446494,32.49065836080899,32.506714,31.913506624051355,32.6152254384314,32.64552190878816,32.30803017275792,30.675966555447406,34.39999118944558
2023-08-01,Faridpur,2020,33.2,32.67,32.72173771271186,32.46770103074377,32.32679,32.12310514364871,32.8305047655821,32.752940639943645,32.4757101452964,30.85972539573838,34.58375002968533
2023-09-01,Faridpur,2020,33.57,33.31,32.96903795735511,32.75318680920371,32.383587,32.395310357596976,33.093231807383674,33.022552586957545,32.72763212185798,31.107025641207528,34.8310502735027
2023-10-01,Faridpur,2020,33.05,33.15,32.44224004280789,32.37908634035085,31.925478,31.97251467759794,32.56087384035138,32.476905087205004,32.14256949608166,30.580227737932283,34.304252347683494
2023-11-01,Faridpur,2020,31.09,30.53,30.173720093011,30.169357707511764,29.904358,29.29422373000336,30.269538509054307,30.28499943905983,29.861845509826743,28.31170794150172,32.035732244520275
2023-12-01,Faridpur,2020,26.69,25.25,26.17714168644543,25.820472478958113,25.470219,24.97881037600771,26.243150022258117,26.22596852994557,25.829999142393437,24.31513162160184,28.039151751289022
2012-01-01,Jessore,2011,24.75,24.82,25.591459835741382,25.241112720022905,25.563377,25.474876780974846,25.750842783255376,25.539744014713627,25.369191515497207,23.736863670834975,27.44605600064779
2012-02-01,Jessore,2011,29.48,29.56,29.514028370916773,28.353045942047068,29.114117,28.34716902246397,29.493210552719404,29.504963423661817,29.170758320309645,27.587031327386057,31.441025414447488
2012-03-01,Jessore,2011,34.6,33.48,33.984623870637435,32.73520648851925,33.012463,33.07663247824554,33.89914641399189,33.93290804960968,33.83130357102203,32.05197980904982,35.91726793222505
2012-04-01,Jessore,2011,35.33,35.05,36.32544469456972,36.098336600487634,35.50817,35.95188901561904,36.31262551356551,36.343073008543264,36.36617795215351,34.39235180362648,38.258537585512954
2012-05-01,Jessore,2011,37.64,35.44,36.05605131944969,35.647637689457554,34.976486,35.67162012680483,36.00518032286279,36.00433549842194,35.900712339162915,34.12292270333902,37.989179935560365
2012-06-01,Jessore,2011,36.1,34.23,34.47043417304402,33.67908063900875,33.37408,34.12162848208712,34.454044676773854,34.456163874861055,34.66761137888239,32.537302713014206,36.40356563307383
2012-07-01,Jessore,2011,33.07,33.19,33.1886525607713,32.886839430283985,32.808807,32.209167605805355,33.238196867141994,33.17438226258834,32.84065761088843,31.255520874360098,35.12178424718251
2012-08-01,Jessore,2011,33.17,31.97,33.28553184546424,32.387813957398905,32.416508,32.73849084767364,33.254123465329556,33.27126154728128,33.41751345882245,31.35240014118636,35.218663549742125
2012-09-01,Jessore,2011,33.5,32.71,33.44216083911722,32.93315370391685,32.884644,33.40385952564304,33.53223853754543,33.42789054093426,33.425847871164656,31.50902913536046,35.375292542873986
2012-10-01,Jessore,2011,33.07,34.05,33.104683572836365,32.895666996747025,32.846756,32.66386060251583,33.170052047762105,33.0904132746534,32.69811857428862,31.17155189353404,35.037815252138685
2012-11-01,Jessore,2011,29.41,30.72,30.89574743641857,30.51678068972615,30.288246,30.58800864175657,30.858512319635036,30.881477138235606,30.621406573398037,28.962616065734856,32.828878807102285
2012-12-01,Jessore,2011,25.36,26.09,27.324804902067868,26.810198886991763,26.534454,26.707707678113557,27.343082076793678,27.310534603884904,27.114516524828964,25.39167740832049,29.257932395815246
2013-01-01,Jessore,2011,24.77,24.82,25.964768821057103,25.024583802530856,25.420456,25.48509848373565,25.912194721029906,25.913053000029347,25.64130132240545,24.027270091436343,27.902267550677863
2013-02-01,Jessore,2011,29.15,29.56,29.64426982493976,27.951352407117845,28.26146,28.747160409151434,29.55120154607221,29.592554003912003,29.46625729599458,27.706419695630842,31.582119954248675
2013-03-01,Jessore,2011,34.46,33.48,34.04628481995938,33.08081626106632,32.693,33.40969978419338,33.940290637495934,33.994568998931626,33.78180848650386,32.10840671975875,35.98416292016002
2013-04-01,Jessore,2011,35.93,35.05,36.36775593642545,35.89007691171251,35.52477,35.78883726046603,36.269227720160316,36.3160401153977,36.14653555819189,34.4298756095829,38.305636263268006
2013-05-01,Jessore,2011,33.87,35.44,36.09290312089069,35.670809481878536,35.638454,35.58243352920229,36.01379018979181,36.04118729986293,35.984517118733045,34.1550226167936,38.03078362498778
2013-06-01,Jessore,2011,34.01,34.23,34.50574561581582,33.82275356829598,33.833687,33.59396304570251,34.473927039081936,34.491475317632855,34.338361364339484,32.56786509760913,36.44362613402251
2013-07-01,Jessore,2011,33.17,33.19,33.22352939767701,32.71592424737006,32.72282,32.48731301899936,33.2329940660257,33.20925909949405,33.11648227627179,31.285648878359392,35.16140991699463
2013-08-01,Jessore,2011,32.91,31.97,33.320286060111506,32.52203600958042,32.561268,32.662565839666996,33.36850064210106,33.30601576192854,33.1313064284216,31.38240554085978,35.258166579363234
2013-09-01,Jessore,2011,33.33,32.71,33.47688045639837,32.78254900936627,32.86549,33.05205909942925,33.55362468579882,33.462610158215405,33.247067979293845,31.538999939090548,35.414760973706194
2013-10-01,Jessore,2011,31.86,34.05,33.13939342861289,32.71682785464155,32.559204,32.522997207391775,33.20762918292684,33.12512313042993,32.85120062175585,31.201512935812943,35.07727392141284
2013-11-01,Jessore,2011,30.74,30.72,30.930454538026698,30.56383217632874,30.28558,30.407728764578426,30.979063501268726,30.916184239843734,30.578571704193603,28.99257435309811,32.86833472295529
2013-12-01,Jessore,2011,27.17,26.09,27.359511226598705,26.868539258658554,26.410482,26.713410039647314,27.3594611526468,27.34524092841574,27.000463140976137,25.42163490910664,29.29738754409077
2014-01-01,Jessore,2011,24.04,24.82,25.999474926338774,25.100932424178367,25.133707,25.70582872105622,25.946693643209766,25.947759105311018,25.710001398344893,24.057238090306896,27.94171176237065
2014-02-01,Jessore,2011,28.04,29.56,29.67897586836118,27.943516314035165,27.672533,28.87752023133316,29.58610150014601,29.627260047333426,29.412517008402936,27.736388492080653,31.62156324464171
2014-03-01,Jessore,2011,33.38,33.48,34.08099084592719,33.03332118813888,32.641506,33.356054301889415,33.96980230265663,34.029275024899434,33.84788887209919,32.13837556715172,36.02360612470266
2014-04-01,Jessore,2011,38.03,35.05,36.402461957468795,35.88065307320397,35.322327,35.71213058152245,36.2964727811751,36.35074613644104,36.21063937336438,34.4598444574961,38.34507945744149
2014-05-01,Jessore,2011,37.52,35.44,36.127609140544614,35.690284195340055,35.551193,35.27360982716882,36.048416597036,36.07589331951686,35.97442916788897,34.18499146375081,38.070226817338416
2014-06-01,Jessore,2011,34.21,34.23,34.54045163507772,33.841365765903376,34.220802,33.505015916523796,34.50366774834415,34.52618133689476,34.40423163544989,32.59783394420882,36.48306932594662
2014-07-01,Jessore,2011,32.94,33.19,33.25823541682831,32.66289434889558,32.616455,32.40395367049695,33.26916025980727,33.24396511864535,33.11893860878469,31.315617724851197,35.200853108805426
2014-08-01,Jessore,2011,33.47,31.97,33.3549920792316,32.51273285115633,32.49404,32.56898679329303,33.40721537820469,33.340721781048636,33.154719706937136,31.412374387320217,35.29760977114298
2014-09-01,Jessore,2011,33.54,32.71,33.51158647550966,32.75223468736845,32.815132,32.921462164944074,33.58581526328775,33.497316177326695,33.25945951174334,31.56896878553744,35.454204165481876
2014-10-01,Jessore,2011,32.78,34.05,33.174099447721694,32.68339080853935,32.498016,32.345370408910725,33.247689141265724,33.15982914953873,32.866679482850884,31.231481782197587,35.116717113245805
2014-11-01,Jessore,2011,31.03,30.72,30.9651605571348,30.560804751977702,30.528666,30.236472713034654,31.01267158031904,30.950890258951837,30.60679173007304,29.02254319873129,32.90777791553831
2014-12-01,Jessore,2011,25.86,26.09,27.39421724570661,26.867801453174195,26.18067,26.702481709514824,27.394796065105638,27.379946947523646,27.045188171343675,25.45160374530866,29.33683074610456
2015-01-01,Jessore,2014,25.5,24.04,25.28430049591424,24.907982704052944,25.201067,24.781094089353093,25.280297927441683,25.31485873558285,25.575182018402842,23.428880448702877,27.139720543125605
2015-02-01,Jessore,2014,29.26,28.04,29.400875129033565,28.709562386839863,29.322588,28.784110441751622,29.37741072377473,29.39216095790708,29.363525818766355,27.469083110014537,31.332667148052593
2015-03-01,Jessore,2014,33.03,33.38,34.05173045960331,33.953677060690644,33.722763,34.587013188993524,34.161036248758826,34.04301628847683,33.94678217249891,32.11365875316491,35.98980216604171
2015-04-01,Jessore,2014,34.22,38.03,36.4101534132937,35.604343150802976,36.58245,37.16408230399169,36.40683452870354,36.39984909269009,36.31442982666432,34.47155501703527,38.34875180955213
2015-05-01,Jessore,2014,36.36,37.52,36.18462162064835,35.46995050498074,36.02089,36.381382378241305,36.161637987064005,36.21517986031696,36.214475561527976,34.24597897869315,38.12326426260355
2015-06-01,Jessore,2014,34.31,34.21,34.594450799083994,33.96845097186017,34.24506,34.625517263308815,34.59279439598612,34.6250090387526,34.59236966084859,32.655804439674206,36.53309715849378
2015-07-01,Jessore,2014,32.36,32.94,33.221274185587774,32.97538344805228,33.0772,33.064334017178744,33.29670252090947,33.25183242525638,33.34884391907655,31.28262751384629,35.159920857329254
2015-08-01,Jessore,2014,33.17,33.47,33.32472508656017,32.81503800050342,32.998108,33.11000383005263,33.37937141440429,33.35528332622878,33.30302119666578,31.386078388655765,35.263371784464574
2015-09-01,Jessore,2014,34.04,33.54,33.49905927787374,33.04950552498799,32.982574,33.89244068205672,33.5097284695217,33.52961751754235,33.34295824546605,31.56041257871174,35.43770597703574
2015-10-01,Jessore,2014,33.58,32.78,33.040755949374,32.87791531413365,32.54996,33.49852722235704,33.12781003288795,33.07131418904261,32.94269833301296,31.102109261301315,34.97940263744669
2015-11-01,Jessore,2014,31.33,31.03,30.85229322210802,30.50462666726123,30.612722,30.84112897779582,30.79899014509964,30.882851461776628,30.575974123441835,28.913646668209918,32.79093977600613
2015-12-01,Jessore,2014,26.65,25.86,27.111022135465408,26.626119300918106,26.811852,26.396049432174145,27.067250598101175,27.141580375134016,26.794302560243896,25.172377178700984,29.049667092229832
2016-01-01,Jessore,2014,25.61,24.04,25.668992101618233,24.946495963555986,25.619473,25.02179749420189,25.60438191896529,25.69955034128684,25.370915394623903,23.725005988961577,27.61297821427489
2016-02-01,Jessore,2014,30.5,28.04,29.5344511569567,28.42602515325919,29.14656,28.88259768293649,29.458925422305395,29.525736985830214,29.19524354212703,27.59001537010857,31.478886943804827
2016-03-01,Jessore,2014,34.46,33.38,34.11251783326814,33.46510907739775,34.15502,34.27128078482181,34.0307135908103,34.10380366214166,33.82171471757413,32.168044269756884,36.0569913967794
2016-04-01,Jessore,2014,37.42,38.03,36.449842182739886,36.068791740449946,36.856052,36.74011360382661,36.38269100059573,36.4411280116134,36.2919598889225,34.50536544528587,38.3943189201939
2016-05-01,Jessore,2014,35.67,37.52,36.21819472406786,35.67177039124595,36.018604,36.4355069437135,36.181737721800886,36.248752963736464,36.13947059590721,34.27371771994105,38.16267172819467
2016-06-01,Jessore,2014,34.32,34.21,34.62625120841615,33.93195190912985,34.20245,34.746433818223046,34.62642914201683,34.65680944808476,34.619127269676476,32.68177418188419,36.57072823494811
2016-07-01,Jessore,2014,32.82,32.94,33.25256075974423,32.83534534836237,32.911785,33.074945030839466,33.29294596734288,33.283118999412835,33.23060416828253,31.308083731336414,35.197037788152045
2016-08-01,Jessore,2014,32.92,33.47,33.3558627198533,32.72618899156375,32.889313,33.24788324113935,33.41555508054412,33.38642095952191,33.282511381614036,31.411385691366668,35.30033974833993
2016-09-01,Jessore,2014,33.21,33.54,33.53015373899451,32.95984945351549,32.85759,33.80120523498882,33.60469288752221,33.560711978663115,33.41918381168424,31.58567671143903,35.47463076654998
2016-10-01,Jessore,2014,33.85,32.78,33.071837896558534,32.74258178362391,32.5048,33.372072587806564,33.13041326870052,33.10239613622714,32.82292639272632,31.127360880242705,35.016314912874364
2016-11-01,Jessore,2014,29.85,31.03,30.883371541988403,30.52210216178336,30.314026,30.890569968258333,30.905150791799844,30.91392978165701,30.583041956013354,28.93889465946027,32.82784842451653
2016-12-01,Jessore,2014,27.22,25.86,27.14209940393118,26.73575517698922,27.01567,26.612102107876925,27.116771272186906,27.172657643599788,26.81516218060329,25.197624113749168,29.086574694113192
2017-01-01,Jessore,2014,26.38,24.04,25.700069065319738,24.92930680836807,25.633663,25.065055410860545,25.63164081104476,25.730627304988346,25.38857629337846,23.750268634965398,27.64986949567408
2017-02-01,Jessore,2014,30.07,28.04,29.565528032318877,28.223496392154573,29.139606,28.807923874559286,29.474625092663544,29.556813861192392,29.227581644661843,27.615279272136842,31.515776792500912
2017-03-01,Jessore,2014,32.55,33.38,34.14359468302418,33.466520285646936,34.339737,34.03653893386738,34.054465157037555,34.1348805118977,33.881801949764736,32.19330825908948,36.09388110695889
2017-04-01,Jessore,2014,35.69,38.03,36.480919025073696,36.008596643232735,36.93087,36.65369468196182,36.41213241124291,36.47220485394721,36.275377263752574,34.53062943668262,38.431208613464776
2017-05-01,Jessore,2014,36.11,37.52,36.24927156425026,35.640213681416014,35.872498,36.45297156259558,36.210837341261644,36.279829803918865,36.175191456600324,34.29898170998343,38.199561418517085
2017-06-01,Jessore,2014,34.63,34.21,34.657328047974936,33.89623437892458,34.014706,34.7728107324473,34.65650056156656,34.68788628764354,34.62674406922077,32.707038171369916,36.607617924579955
2017-07-01,Jessore,2014,32.41,32.94,33.28363759912225,32.757286695562755,32.733864,33.13050530445374,33.32097387139316,33.31419583879086,33.25088024623526,31.333347720646987,35.23392747759752
2017-08-01,Jessore,2014,33.54,33.47,33.38693955917893,32.69666641303879,32.77611,33.18010640353513,33.45259094394975,33.417497798847535,33.29974407060351,31.43664968062508,35.33722943773277
2017-09-01,Jessore,2014,34.62,33.54,33.56123057830495,32.891009799236855,32.8242,33.67394996869549,33.6363530561237,33.59178881797356,33.43145136041605,31.61094070067949,35.511520455930416
2017-10-01,Jessore,2014,32.42,32.78,33.10291473586457,32.715430528213886,32.4211,33.34263021650968,33.16418321782459,33.13347297553318,32.88298366542873,31.152624869445255,35.05320460228389
2017-11-01,Jessore,2014,30.43,31.03,30.91444838129317,30.548569076084917,30.2926,30.940307741867947,30.93954625580428,30.945006620961777,30.622008244954102,28.964158648262796,32.86473811432354
2017-12-01,Jessore,2014,27.06,25.86,27.173176243235574,26.75854448162631,26.98032,26.726060116177877,27.148360504540715,27.20373448290418,26.852489161548228,25.222888097805313,29.123464388665834
2018-01-01,Jessore,2017,24.35,26.38,25.77462450964848,25.64564980584999,25.871126,25.408220242711558,25.823441133960497,25.89587601824204,25.51819998287955,23.946235052726813,27.603013966570145
2018-02-01,Jessore,2017,30.31,30.07,29.668829014437218,29.154724591199933,29.35022,29.141028116370173,29.622988983030552,29.652611426921506,29.69517358045441,27.768086264265975,31.56957176460846
2018-03-01,Jessore,2017,34.58,32.55,33.99789070026255,33.84127135377355,33.410522,33.967522509720915,33.93822361656088,34.00466006030566,33.93734800115853,32.091427927882094,35.90435347264301
2018-04-01,Jessore,2017,34.87,35.69,36.36220346476948,36.18317267113046,35.727554,36.061633824442566,36.29777906895905,36.30378161456501,36.023326842289805,34.4552797664296,38.26912716310936
2018-05-01,Jessore,2017,34.15,36.11,36.21582744861623,35.91318125311806,35.494526,36.30262767876854,36.20986099494505,36.191599266926254,36.31957137326509,34.30886655289262,38.122788344339845
2018-06-01,Jessore,2017,35.12,34.63,34.61936880144881,34.328986956355486,33.789005,34.1525026528559,34.57540755111079,34.5308557698469,34.42745063695109,32.71240490348304,36.526332699414574
2018-07-01,Jessore,2017,33.53,32.41,33.14577085657832,32.97560471729227,32.59355,32.92603087855644,33.09855580012928,33.155037807699706,33.14406566434812,31.238806716300292,35.05273499685634
2018-08-01,Jessore,2017,33.88,33.54,33.369015672707604,33.313331759267314,32.90018,33.22621156516495,33.47620085986234,33.381777381056594,33.296136868311564,31.462051512926855,35.27597983248835
2018-09-01,Jessore,2017,34.63,34.62,33.6631479684373,33.404395211904806,32.868645,33.27099032822567,33.733869053338374,33.69009764977895,33.347306642631686,31.756183807761044,35.57011212911356
2018-10-01,Jessore,2017,32.99,32.42,33.15700117097582,32.839610072951736,32.4434,32.935060617804915,33.196888230230705,33.16876419046308,32.929611193642266,31.25003701863495,35.06396532331669
2018-11-01,Jessore,2017,30.99,30.43,30.853712352667376,30.567915375962144,30.347155,30.607316795223902,30.897797439959415,30.865475372154638,30.54604396605499,28.946748305168207,32.760676400166545
2018-12-01,Jessore,2017,26.05,27.06,27.169594196826534,26.81319538604071,26.866499,26.722957521738127,27.187343878220847,27.19598798476191,26.848797762570907,25.26263144841783,29.076556945235236
2019-01-01,Jessore,2017,26.85,26.38,25.827063795548288,25.28113733551205,25.601221,25.161190622258406,25.79482761779767,25.853457583483664,25.520776187757104,23.915418210191334,27.73870938090524
2019-02-01,Jessore,2017,28.88,30.07,29.705030674537312,28.87740590742769,28.93066,28.832499866808156,29.636455753465146,29.75588817005385,29.40108027130155,27.79300634079557,31.617055008279053
2019-03-01,Jessore,2017,32.19,32.55,34.029479274849315,33.73889591443658,33.44159,33.36844765534403,33.94839661147425,34.05718011068823,33.723538935423335,32.11742437485099,35.94153417484764
2019-04-01,Jessore,2017,34.87,35.69,36.39248146857356,36.13646135429086,35.73433,36.04472172866709,36.312625026077185,36.42870819936727,36.19388943529408,34.48042410153373,38.304538835613386
2019-05-01,Jessore,2017,36.65,36.11,36.24573312119613,36.03751674268236,35.478825,36.042331875631604,36.182032226151236,36.27212690913151,36.078176146071954,34.333675555036685,38.15779068735558
2019-06-01,Jessore,2017,36.03,34.63,34.6491686952777,34.23280312090097,33.68283,34.139150290056136,34.61323219541873,34.66093171476496,34.501865925901804,32.73711111304728,36.561226277508126
2019-07-01,Jessore,2017,34.51,32.41,33.17554069882024,32.954200851056534,32.58231,32.775707469826834,33.184835811345096,33.20193448675562,33.033919242592,31.263483115297106,35.08759828234338
2019-08-01,Jessore,2017,33.68,33.54,33.398776977338045,33.06845796031603,32.846336,32.93301288978326,33.4573763299196,33.42517076527342,33.20355411187888,31.486719393765195,35.31083456091089
2019-09-01,Jessore,2017,33.15,34.62,33.692906847544926,33.23304269768028,32.741093,33.2419964603157,33.772256709958775,33.7193006354803,33.48215038476401,31.780849264644853,35.604964430444994
2019-10-01,Jessore,2017,32.27,32.42,33.18675936099599,32.86108692572915,32.37828,33.018467743896366,33.26474006704442,33.21315314893137,32.897538075601986,31.27470178653549,35.0988169354565
2019-11-01,Jessore,2017,30.41,30.43,30.883470346918823,30.58592117248593,30.34307,30.622575947316815,30.9371949137495,30.9098641348542,30.54873895890558,28.971412877030943,32.795527816806704
2019-12-01,Jessore,2017,25.47,27.06,27.199352135460373,26.75613754143319,26.840061,26.74294900236798,27.20949100404089,27.22574592339575,26.845527499737262,25.287295961203206,29.11140830971754
2020-01-01,Jessore,2017,24.86,26.38,25.856821718381248,25.175101582974825,25.693943,25.073576504172873,25.821868772735115,25.883215506316624,25.557840708969334,23.94009518384895,27.773548252913546
2020-02-01,Jessore,2017,27.46,30.07,29.734788592881266,28.699596125626606,28.85891,28.539795794837637,29.668510232811975,29.785646088397804,29.428292595445697,27.817684316411903,31.65189286935063
2020-03-01,Jessore,2017,32.56,32.55,34.05923719191795,33.65063642015508,33.32158,33.30551586873124,33.97798583581018,34.11009468743449,33.79116152303728,32.14210243039839,35.976371953437514
2020-04-01,Jessore,2017,34.95,35.69,36.42223938527987,36.09803051777572,35.578968,35.98759291225161,36.340496797613206,36.47309688079641,36.19119298038272,34.505102163272966,38.33937660728678
2020-05-01,Jessore,2017,34.52,36.11,36.27549103779951,35.99888995618895,35.443336,35.985300715051196,36.209135468686,36.30188482573489,36.09804704148908,34.35835361720199,38.19262845839703
2020-06-01,Jessore,2017,34.48,34.63,34.67892661185184,34.1537451823026,33.733196,34.00957623477635,34.64536085038721,34.70532039978722,34.522129352232305,32.761789175226035,36.59606404847765
2020-07-01,Jessore,2017,34.52,32.41,33.20529861538608,32.88055767348672,32.6454,32.671241208780316,33.2173445720268,33.23169240332145,33.05037243812674,31.288161177470993,35.12243605330116
2020-08-01,Jessore,2017,33.45,33.54,33.428534893901514,32.9644509281057,32.837723,32.86669566514561,33.48377668065777,33.45492868183689,33.21780646852348,31.51139745593685,35.345672331866176
2020-09-01,Jessore,2017,34.09,34.62,33.722664764107726,33.15130670865434,32.660603,33.18939607208566,33.802950360139306,33.7490585520431,33.50665165773048,31.805527326814058,35.639802201401395
2020-10-01,Jessore,2017,33.52,32.42,33.2165172775586,32.841805258519095,32.4434,33.01160601453659,33.296661768731305,33.24291106549398,32.934265954506444,31.29937984868214,35.13365470643506
2020-11-01,Jessore,2017,30.62,30.43,30.91322826348138,30.586429012967255,30.313175,30.659113491034773,30.966799216645356,30.939622051416755,30.58965511334264,28.99609093890045,32.83036558806231
2020-12-01,Jessore,2017,26.53,27.06,27.229110052022914,26.74182089213515,26.761986,26.745567520912008,27.238587613360643,27.25550383995829,26.88031446832707,25.311974019639656,29.146246084406172
2021-01-01,Jessore,2020,26.02,24.86,25.597876277661246,25.085556166540165,25.628695,25.04833077224583,25.604921998510786,25.407345321869773,25.54612869165286,23.761363684513515,27.434388870808977
2021-02-01,Jessore,2020,29.89,27.46,29.49419188899063,27.902530808199295,28.258219,28.106255616990396,29.511306255319262,29.26239082616829,29.159030487003875,27.579883962313993,31.40849981566727
2021-03-01,Jessore,2020,35.25,32.56,33.813486368844664,32.576438319494024,32.70947,33.21659318851301,33.67215479580814,33.64261418719069,33.77739852826365,31.892595994985673,35.73437674270366
2021-04-01,Jessore,2020,36.98,34.95,36.073827247336574,35.65506391624067,35.323463,36.19102218272865,35.949803226159126,35.85641748757667,35.86678411031556,34.152368447712064,37.995286046961084
2021-05-01,Jessore,2020,35.62,34.52,36.02572785821171,36.165663844132744,35.789986,36.363946094069334,35.97172431213215,36.052234831642224,35.966251855587515,34.10421988868643,37.94723582773699
2021-06-01,Jessore,2020,33.51,34.48,34.80147657716891,34.80114053109397,34.668083,34.764560831187836,34.83985125494868,34.85339899907133,34.977263202351196,32.87996435373017,36.72298880060765
2021-07-01,Jessore,2020,33.73,34.52,33.42235338910481,33.7860731317821,33.376297,33.480115501426106,33.50356152948209,33.538341047605485,33.37983082180383,31.500840797638233,35.343865980571394
2021-08-01,Jessore,2020,33.77,33.45,33.48046627840317,33.269012106597316,33.073368,33.38393985054255,33.536844864507344,33.57621061256445,33.445520552301694,31.55895365512407,35.40197890168227
2021-09-01,Jessore,2020,33.33,34.09,33.77857364103684,33.55624228385354,33.265087,33.717105918758605,33.90106454535807,33.926930793975686,33.656551302349214,31.857061015325613,35.70008626674807
2021-10-01,Jessore,2020,33.71,33.52,33.15190450216406,33.021360616315796,32.755466,33.1559936470839,33.22784041192122,33.15963012280636,32.84696912977574,31.230391879942914,35.0734171243852
2021-11-01,Jessore,2020,29.82,30.62,30.849419632720785,30.798463131617094,30.632664,30.72532942777994,30.86452092854632,30.766251066493826,30.573000571871592,28.92790705357431,32.77093221186726
2021-12-01,Jessore,2020,26.09,26.53,26.94175438501983,26.769346156992363,26.570194,26.599279197097218,26.933756648524668,26.945433807448662,26.634219733613318,25.02024230399306,28.8632664660466
2022-01-01,Jessore,2020,24.61,24.86,25.737732924906506,24.88276693856234,25.433064,24.93505803851702,25.680494513520486,25.727386555088653,25.409938272511493,23.8105839526462,27.66488189716681
2022-02-01,Jessore,2020,27.59,27.46,29.554073714138823,27.99417661991931,28.512701,28.67671653004955,29.445620406316923,29.55847067148413,29.210164639787013,27.626437343757114,31.481710084520532
2022-03-01,Jessore,2020,34.05,32.56,33.849844746457734,32.96044842174692,33.416363,33.55139348753317,33.73246730515776,33.80179802717487,33.588232550345026,31.92216621423468,35.77752327868079
2022-04-01,Jessore,2020,35.78,34.95,36.10326654004983,35.758388247815695,35.92728,36.16333544467883,36.001052054220374,36.263872820019046,35.8834840852938,34.175584360205114,38.030948719894546
2022-05-01,Jessore,2020,34.97,34.52,36.053132001282066,36.12323671788211,36.134933,36.154339149669426,35.98491758065014,36.0536373760266,35.96181706370573,34.12544950586082,37.98081449670331
2022-06-01,Jessore,2020,34.77,34.48,34.82828211014429,34.62009202157557,34.389923,34.50890388668862,34.81571600513946,34.89492836569706,34.759376641126536,32.900599587420906,36.75596463286768
2022-07-01,Jessore,2020,34.54,34.52,33.44898284950143,33.38253078378401,32.997498,33.11434150503815,33.49326076932969,33.52202947416192,33.379082984095504,31.521300324418362,35.37666537458449
2022-08-01,Jessore,2020,33.85,33.45,33.50704394957462,33.13887569516056,33.005547,33.21309464324834,33.596353919040475,33.58119261941353,33.39204383316887,31.57936142431502,35.43472647483423
2022-09-01,Jessore,2020,33.76,34.09,33.805136079150074,33.34037132423413,33.05729,33.556729558348735,33.91148536196074,33.89660722966754,33.67926564363992,31.877453554194325,35.73281860410582
2022-10-01,Jessore,2020,32.83,33.52,33.17846245969157,32.9168462105756,32.51285,33.07930478742874,33.264727048493114,33.23852548281174,32.97789742942017,31.250779938450776,35.10614498093237
2022-11-01,Jessore,2020,30.92,30.62,30.875976272348236,30.79184531480565,30.61285,30.540342989012775,30.920651054195243,30.916361283931803,30.60935693999444,28.948293794064657,32.80365875063182
2022-12-01,Jessore,2020,27.86,26.53,26.968310637005867,26.68218351239206,26.59909,26.532401143324027,26.956676566584733,26.896576700338425,26.662787798269676,25.04062865524944,28.895992618762296
2023-01-01,Jessore,2020,25.22,24.86,25.764289062873377,24.929196946392906,25.537645,24.92950671700689,25.69937405063592,25.849767584756865,25.446252104830688,23.830988233267806,27.69758989247895
2023-02-01,Jessore,2020,30.34,27.46,29.580629818568593,28.134579763284254,28.718212,28.730968577130742,29.48108516466085,29.659540445039635,29.22071319005024,27.6468431460459,31.514416491091286
2023-03-01,Jessore,2020,33.15,32.56,33.87640084102304,33.114183246631654,33.42365,33.490230919597096,33.762539353779125,33.91996847241671,33.57563897243796,31.942572141153523,35.810229540892564
2023-04-01,Jessore,2020,37.48,34.95,36.12982263171365,35.80137517923615,36.264374,36.08117320702379,36.02454966699094,36.247353938755296,35.89741431285226,34.19599029585796,38.06365496756934
2023-05-01,Jessore,2020,35.81,34.52,36.079688092092454,36.04213756212764,36.098583,35.972097275137884,36.009096556421255,36.21908335886377,35.94202001932247,34.14585544166688,38.013520742518025
2023-06-01,Jessore,2020,35.75,34.48,34.85483820070366,34.44655479478583,34.139797,34.278942077365,34.83989262376778,35.00460272361378,34.76719895096602,32.92100552306304,36.788670878344284
2023-07-01,Jessore,2020,34.66,34.52,33.475538939986954,33.175123958860425,32.833603,32.95893844986778,33.52070349049266,33.50275832862092,33.38610838815426,31.541706259994182,35.40937161997973
2023-08-01,Jessore,2020,33.55,33.45,33.533600040038436,33.04584213130482,32.915905,33.11889119569233,33.6234020138678,33.67160444732508,33.426834718551284,31.599767359869688,35.467432720207185
2023-09-01,Jessore,2020,33.87,34.09,33.8316921696075,33.255189596096415,32.87647,33.46723314853106,33.93688036335914,33.988930533827165,33.70772852986553,31.897859489741638,35.76552484947336
2023-10-01,Jessore,2020,33.17,33.52,33.205018550147116,32.860986536357665,32.360382,33.00582432599638,33.29361722212939,33.30608317999989,32.995830809529174,31.271185873984393,35.13885122630984
2023-11-01,Jessore,2020,31.03,30.62,30.90253236280323,30.693508661736576,30.58103,30.451605246253003,30.947235670611683,30.973986373707064,30.641941089087766,28.968699729461104,32.83636499614535
2023-12-01,Jessore,2020,26.84,26.53,26.9948667274607,26.58730486942965,26.65641,26.480106019751304,26.982641113630848,26.96818898113497,26.68748669247562,25.061034589066622,28.928698865854777
2012-01-01,Khulna,2011,24.32,24.19,24.946745698774986,25.167451211135965,25.257938,24.58978665180463,24.933675562990054,24.717891191567116,24.76441144512972,23.31908581582361,26.574405581726364
2012-02-01,Khulna,2011,29.07,28.99,28.900477897711223,28.42068629921771,28.508247,27.643114442227283,28.87955756468439,28.699404534287876,28.305421773388368,27.221668684218937,30.57928711120351
2012-03-01,Khulna,2011,33.93,32.99,32.9879570094595,32.95546284738253,32.179813,33.0035572717005,33.146850073529656,33.06111960985756,33.11320530710751,31.2988032443341,34.677110774584904
2012-04-01,Khulna,2011,35.3,34.42,34.90632656827296,35.093053992360645,34.998604,35.47857241959425,34.97963370355592,35.19476003065432,34.88374174512298,33.21150707168982,36.601146064856096
2012-05-01,Khulna,2011,36.71,34.75,34.954292602551575,34.64001594244059,34.184784,35.142601844354886,34.86439643080529,34.59334335447609,34.56787895719304,33.255076881350476,36.653508323752675
2012-06-01,Khulna,2011,35.3,33.48,33.390273582326316,32.88807391883271,33.153164,33.57422390019668,33.463472022402755,33.25713307796612,33.705442863418135,31.687366895122754,35.09318026952988
2012-07-01,Khulna,2011,32.64,32.64,32.19959958630959,32.26497858554604,31.59997,31.655856657362154,32.37109533713185,32.16461094084541,32.10568187774478,30.49354448639706,33.905654686222114
2012-08-01,Khulna,2011,32.82,31.4,32.31163139496248,31.78882801363636,31.991451,32.21777725673826,32.35093573943255,32.26349899772804,32.508706411390946,30.602881871633283,34.02038091829168
2012-09-01,Khulna,2011,32.79,31.99,32.52646139907117,32.36031678233832,32.298977,33.12927999598718,32.55773513405652,32.562027665697286,32.6258560387684,30.81540410464052,34.23751869350181
2012-10-01,Khulna,2011,32.33,33.36,32.286829374610875,32.15783415391377,32.062355,32.54105531992322,32.28230477493695,32.44602140027234,32.19019570434393,30.573794874105783,33.99986387511596
2012-11-01,Khulna,2011,29.38,30.3,30.05890708090494,29.778076911678937,30.056799,30.447744163836372,30.00218219210854,29.930984456555347,29.967226206084625,28.344178358772286,31.773635803037596
2012-12-01,Khulna,2011,25.06,25.11,26.53020597016831,26.20929431386968,26.656345,26.116022645738237,26.54515071070843,26.48426471045633,26.323601736882782,24.814026229655536,28.246385710681086
2013-01-01,Khulna,2011,24.82,24.19,25.271872627163113,25.17711032897304,25.740154,24.68832753354616,25.265553613802478,25.169106321954906,24.881372517089375,23.54396676665549,26.999778487670735
2013-02-01,Khulna,2011,29.09,28.99,29.026868640737288,28.371708446705327,28.701324,28.099550891325265,29.037351588701195,28.746315448837034,28.684265490133033,27.296361310185105,30.75737597128947
2013-03-01,Khulna,2011,33.82,32.99,33.07477854174027,33.09306961039049,32.817356,33.125298850672365,33.114763066688425,32.95104056578526,32.83551905712427,31.34278833770123,34.806768745779316
2013-04-01,Khulna,2011,35.39,34.42,34.98210250379828,35.03051158803534,34.708237,35.13421904313278,35.03973715529964,34.87445968928126,34.616232228934535,33.248948724076094,36.71525628352047
2013-05-01,Khulna,2011,33.28,34.75,35.02437458214381,34.724375135977574,34.589478,35.17211492880209,35.100531157513814,34.98710661408522,34.93896321504668,33.29024040805667,36.758508756230945
2013-06-01,Khulna,2011,33.88,33.48,33.45588552363598,33.100750181037355,33.12187,33.10542288607991,33.54646555091579,33.443339758258396,33.364273481366965,31.720913559756028,35.19085748751593
2013-07-01,Khulna,2011,32.79,32.64,32.26121369161739,32.120138884275434,31.88664,31.871130552223434,32.34575786408409,32.33822970249786,32.276459848762215,30.525523822377913,33.99690356085687
2013-08-01,Khulna,2011,32.63,31.4,32.369567835260455,32.043877942288844,32.274868,32.2942994059157,32.44938261488231,32.33373411886794,32.28622005239025,30.633262447834618,34.10587322268629
2013-09-01,Khulna,2011,33.19,31.99,32.58099595980196,32.36746339172018,32.274033,32.74770632387145,32.644605873664176,32.434366372986126,32.38496354407171,30.8441627777176,34.31782914188632
2013-10-01,Khulna,2011,31.61,33.36,32.33821381623194,32.15431083896336,32.115555,32.45544380159362,32.37316836111655,32.321568213350034,32.078774753344156,30.600928066053413,34.07549956641047
2013-11-01,Khulna,2011,30.43,30.3,30.107373938721167,29.86160134284081,30.27167,30.29483489540726,30.120330336256643,30.094741172913956,29.792037135912036,28.369700234971223,31.845047642471112
2013-12-01,Khulna,2011,27.0,25.11,26.57597050905647,26.32056103836983,26.66566,26.24644538595279,26.573900681044808,26.643989437226676,26.272373548268924,24.837965260005642,28.3139757581073
2014-01-01,Khulna,2011,23.92,24.19,25.31513421071613,25.216246521827454,25.754974,24.850157675662672,25.31525067632877,25.112614838610533,25.029736707166794,23.56911974241314,27.061148679019123
2014-02-01,Khulna,2011,27.77,28.99,29.06781192119657,28.45021183288424,28.75081,28.23793993739782,29.084793632932616,28.793879196005452,28.7411622828424,27.320643771113886,30.81498007127925
2014-03-01,Khulna,2011,32.9,32.99,33.11357454828575,33.0689616021851,32.578304,32.899076031688814,33.151280565505765,32.894690482538486,32.79845735879506,31.365887163484338,34.86126193308716
2014-04-01,Khulna,2011,37.68,34.42,35.01890964809634,35.043564079601836,34.69973,35.07423445721265,35.076019209992076,34.90222351256587,34.80613560435218,33.2708393982481,36.76697989794458
2014-05-01,Khulna,2011,36.77,34.75,35.05933958927753,34.802502558353574,34.61077,34.89812265568271,35.13277213732145,35.12707266847255,34.95345109984095,33.31095076731276,36.807728411242294
2014-06-01,Khulna,2011,33.77,33.48,33.489144294280415,33.16241459196909,33.144566,33.083547580042286,33.57379300168805,33.425997263509636,33.411611522604765,31.740483849783505,35.23780473877733
2014-07-01,Khulna,2011,32.85,32.64,32.292892100595616,32.144263385357256,31.917358,31.87619807600946,32.3821165303593,32.31107649796524,32.213101645561316,30.54399897552502,34.04178522566621
2014-08-01,Khulna,2011,32.95,31.4,32.399782471185006,32.0979723616477,32.220406,32.21034604151472,32.48279601110312,32.42118404788283,32.220499048998505,30.650689855376335,34.14887508699368
2014-09-01,Khulna,2011,33.28,31.99,32.60985481015001,32.40953602395823,32.242165,32.65658698557573,32.67422911598601,32.6548915395752,32.37687622294854,30.860591146625485,34.359118473674535
2014-10-01,Khulna,2011,33.13,33.36,32.365816901880116,32.19269163485993,32.164677,32.36042520451729,32.4039448074608,32.405571113782734,32.0772869395161,30.616406607559977,34.11522719620025
2014-11-01,Khulna,2011,31.01,30.3,30.133813901668532,29.92431988196918,30.220974,30.20534550240505,30.146701183946625,30.01303902161692,29.799065557606575,28.38427803875913,31.883349764577932
2014-12-01,Khulna,2011,25.56,25.11,26.601333156789224,26.374373696320028,26.66566,26.318051178439607,26.600168350964186,26.426553786362092,26.28073432539425,24.851690821383627,28.35097549219482
2015-01-01,Khulna,2014,25.25,23.92,24.9638980733936,25.632570986367423,25.186977,24.505232058604857,25.101598777970718,25.06604683722903,25.28556863585597,23.320464463005987,26.607331683781215
2015-02-01,Khulna,2014,29.3,27.77,29.06869939049722,28.623042200141875,28.991184,28.24222863706897,29.1091535062725,29.10723707159997,29.087508330186427,27.367565392599175,30.769833388395263
2015-03-01,Khulna,2014,32.74,32.9,33.350676760027795,33.36796156556426,33.340942,34.14344175240858,33.50435161615936,33.35448535154262,33.54549676406008,31.639900134061577,35.061453385994014
2015-04-01,Khulna,2014,34.18,37.68,35.49323852623496,34.75258947720645,35.092934,36.3163409161331,35.51903595214671,35.50995499717686,35.661858062289596,33.77818351561803,37.20829353685189
2015-05-01,Khulna,2014,36.05,36.77,35.37036885911951,34.733254245670565,34.873024,35.75442623479238,35.27766388187465,35.36036170212904,35.31240477733055,33.65226023949552,37.0884774787435
2015-06-01,Khulna,2014,33.51,33.77,33.85581389525108,33.31582989752511,33.20173,34.271609593087874,33.979327367330875,33.80517381885223,33.98319186429017,32.135199091280704,35.57642869922146
2015-07-01,Khulna,2014,31.53,32.85,32.55506337775325,32.53587796713105,32.154938,32.75364121558806,32.71767889672487,32.56618230572378,32.84486812067587,30.832320916511296,34.2778058389952
2015-08-01,Khulna,2014,32.74,32.95,32.638467143674106,32.21772693895531,32.356323,32.80974244415092,32.68888451863265,32.579023751814574,32.72080904343342,30.913904116122055,34.36303017122616
2015-09-01,Khulna,2014,33.34,33.28,32.86189207699576,32.53687270926871,32.6058,33.50441159001181,32.852645386195825,32.83404656578281,32.74916324179513,31.135768298062548,34.588015855928965
2015-10-01,Khulna,2014,33.08,33.13,32.483399377214695,32.343018327906485,32.364197,33.387827728880424,32.43005335697021,32.41129109357574,32.32174694225756,30.755936879630653,34.21086187479874
2015-11-01,Khulna,2014,30.84,31.01,30.281777421619438,30.16450980663946,30.229565,30.659780410647066,30.178085334781155,30.265508825566314,29.971904181958987,28.55316643481571,32.01038840842317
2015-12-01,Khulna,2014,26.26,25.56,26.46458898785512,26.364687112677508,26.52566,26.19863674224777,26.520470237860703,26.4360204331855,26.1857359919453,24.734992781601083,28.194185194109156
2016-01-01,Khulna,2014,25.83,23.92,25.12689574233115,25.099980692950645,25.22998,24.568537089100552,25.036740779316787,25.10335463828266,24.898740834847462,23.38361782006438,26.87017366459792
2016-02-01,Khulna,2014,30.27,27.77,29.07994753232806,28.477071160051047,28.83066,28.450943471152456,29.036717421087168,29.064074549066117,28.72718753413795,27.334140607274275,30.825754457381844
2016-03-01,Khulna,2014,33.83,32.9,33.33282743812542,33.144251383047646,32.987297,33.81526816669589,33.31992435757639,33.32758006312888,33.14030345116967,31.585828231991133,35.07982664425971
2016-04-01,Khulna,2014,36.31,37.68,35.47165325542743,35.234173870918625,34.772144,35.952186185949195,35.51198351950351,35.455780272165484,35.33317873128334,33.723785126913306,37.21952138394155
2016-05-01,Khulna,2014,35.13,36.77,35.350159235102076,34.9435418320439,35.02416,35.78057335559899,35.4191358149569,35.34491186010553,35.3425293020331,33.601573667104994,37.09874480309916
2016-06-01,Khulna,2014,33.82,33.77,33.83788643680855,33.34849064484147,33.229675,34.229774416835106,33.8765174701343,33.82201345354661,33.895013656026244,32.08869052324902,35.587082350368085
2016-07-01,Khulna,2014,32.33,32.85,32.53946038780324,32.35770932008656,32.059784,32.74325071123789,32.564319683989,32.523587404541296,32.55507442654495,30.789741664172073,34.28917911143441
2016-08-01,Khulna,2014,33.04,32.95,32.62506168355447,32.25673949425267,32.253727,32.81382425050979,32.66895500900678,32.60918870029253,32.54431574869006,30.874894424482953,34.37522894262599
2016-09-01,Khulna,2014,34.02,33.28,32.85053192445648,32.57889045675865,32.62884,33.26780627333969,32.88470434549269,32.83465894119454,32.6704697954926,31.099979707135002,34.60108414177797
2016-10-01,Khulna,2014,33.36,33.13,32.4739362780406,32.32338299889923,32.239635,33.192768136386974,32.474768846385814,32.458063294778654,32.165330409110325,30.723053636912358,34.22481891916884
2016-11-01,Khulna,2014,29.9,31.01,30.274072504197605,30.1291640673173,30.095417,30.607913483793677,30.23840028078801,30.250531400149114,29.89370567571577,28.522906259471515,32.02523874892369
2016-12-01,Khulna,2014,27.07,25.56,26.458513262783747,26.45676113397835,26.589233,26.39457879980926,26.37460467818239,26.434972158735256,26.10782465711361,24.70710379812493,28.209922727442564
2017-01-01,Khulna,2014,26.22,23.92,25.122329624464616,25.105370948155564,25.032059,24.63725220367245,25.060379849688456,25.098788520416125,24.817139445473714,23.360542545632736,26.884116703296495
2017-02-01,Khulna,2014,29.64,27.77,29.07678020194406,28.413483311776883,28.74642,28.441740030167573,29.041865911148477,29.060907218682118,28.80136159661422,27.313646828305306,30.839913575582816
2017-03-01,Khulna,2014,31.66,32.9,33.330956208174925,33.16415911900896,32.71996,33.55583162071201,33.334229236758596,33.31508322491298,33.120299710401156,31.56733864167163,35.094573774678224
2017-04-01,Khulna,2014,34.7,37.68,35.47098297673512,35.18397996209862,34.776638,35.85630593311336,35.499723944230546,35.45510999347318,35.33962261825466,33.70704533513665,37.2349206183336
2017-05-01,Khulna,2014,35.9,36.77,35.350601743461766,34.93447218691854,34.89435,35.70156980915979,35.390686827231065,35.33472876019982,35.34532055337204,33.58640630800763,37.1147971789159
2017-06-01,Khulna,2014,33.98,33.77,33.83936004029955,33.35679722564698,33.128994,34.19535709256511,33.88712078036245,33.82348705703761,33.87759900351468,32.07494651594118,35.60377356465793
2017-07-01,Khulna,2014,31.97,32.85,32.54188939166716,32.317159861104145,32.028088,32.74579155973556,32.59240323929059,32.52601640840522,32.515736324910876,30.777289267435478,34.306489515898846
2017-08-01,Khulna,2014,33.0,32.95,32.62837594993571,32.26050903750547,32.246338,32.68441827969056,32.67162513705842,32.612502966673766,32.5200781278045,30.863615758889978,34.39313614098144
2017-09-01,Khulna,2014,33.5,33.28,32.85466646445973,32.555950466256206,32.431038,33.078960448961034,32.88117645851464,32.83879348119779,32.63470026872432,31.089768888620767,34.6195640402987
2017-10-01,Khulna,2014,31.66,33.13,32.47883087373554,32.31826547420535,32.248127,33.077282949725195,32.47356521899727,32.4629578904736,32.17383988406783,30.71381537033457,34.243846377136514
2017-11-01,Khulna,2014,30.1,31.01,30.27967135837284,30.14082992316759,30.104889,30.585186149174564,30.235283225413482,30.25613025432435,29.905442806319947,28.514554650622085,32.044788066123594
2017-12-01,Khulna,2014,26.46,25.56,26.464764674412987,26.471046318815535,26.654617,26.493148754782645,26.39730526469813,26.441223570364496,26.108459623806883,24.699561321832327,28.229968026993646
2018-01-01,Khulna,2017,23.97,26.22,25.32152464422659,25.521913495600977,25.739037,25.43535079739999,25.347474154331763,25.267554948062457,25.168198862191478,23.698175508850404,26.944873779602773
2018-02-01,Khulna,2017,29.00071,29.64,29.24939008000381,29.00927575287816,29.283962,29.311940075759434,29.271945154086563,29.183988436489177,29.205793099604364,27.569848417978267,30.928931742029352
2018-03-01,Khulna,2017,33.73,31.66,33.17250998985555,32.791833247940716,33.484608,32.951928124154264,33.1281605760599,33.107108346340915,32.99612755475154,31.483849358991105,34.86117062071999
2018-04-01,Khulna,2017,34.63,34.7,35.35462607946503,35.122763953847645,34.463314,34.8953773015779,35.421187067831845,35.33233950790274,35.18870038729791,33.66200166939402,37.04725048953603
2018-05-01,Khulna,2017,33.89,35.9,35.42562273764972,35.10793045238947,33.419304,35.22598296257227,35.5712290182589,35.391396349910536,35.44315410021552,33.730183590299255,37.12106188500018
2018-06-01,Khulna,2017,34.33,33.98,33.81528475104375,33.59918103941923,33.466614,33.49253480220753,33.870130814460985,33.78105836330457,33.593413613771915,32.117532878335204,35.51303662375229
2018-07-01,Khulna,2017,32.85,31.97,32.39313447716127,32.203422669220444,32.124973,32.26019067033683,32.459202457808885,32.35890808942209,32.37072094120792,30.69341379617595,34.09285515814659
2018-08-01,Khulna,2017,33.34,33.0,32.70804974250052,32.57157313935767,32.26152,32.53794752214129,32.78220431762858,32.67382335476134,32.56367021656766,31.006639164769485,34.40946032023155
2018-09-01,Khulna,2017,34.22,33.5,33.05336723967468,32.70036990084875,32.430496,32.62955618817955,33.07454267241012,33.0191408519355,32.712620877272414,31.350503304915684,34.75623117443367
2018-10-01,Khulna,2017,32.71,31.66,32.53392325007171,32.392820962865734,32.029907,32.341850122786475,32.61393026038692,32.49969686233253,32.272599630293875,30.829808719187316,34.2380377809561
2018-11-01,Khulna,2017,30.72,30.1,30.287258655610696,30.039111818287935,30.248161,29.90922336955056,30.324668386681537,30.253032267871514,29.900096662877942,28.582067802498162,31.99244950872323
2018-12-01,Khulna,2017,26.01,26.46,26.537268705231835,26.381528215358813,26.178335,26.27668666551758,26.556323209241675,26.503042317492653,26.199949732157343,24.831151588248716,28.243385822214954
2019-01-01,Khulna,2017,26.86,26.22,25.35595296773899,25.126617303200913,25.185448,25.061185404724018,25.381749559799548,25.321726579999808,25.099631317810832,23.63782359030563,27.07408234517235
2019-02-01,Khulna,2017,28.64,29.64,29.27445508132246,28.628353082256876,28.443726,28.86754381976228,29.304483331406477,29.209053437807828,28.998908918171452,27.554052860744203,30.99485730190072
2019-03-01,Khulna,2017,31.78,31.66,33.19523021422238,33.07307069117491,32.709793,32.96844987967579,33.24228166459986,33.129828570707744,32.91517116727898,31.473739733276744,34.91672069516801
2019-04-01,Khulna,2017,34.64,34.7,35.37649471321759,35.23080840104003,34.780712,34.99407542600922,35.42959293906114,35.311093069702956,35.19259889057605,33.65420546514034,37.098783961294835
2019-05-01,Khulna,2017,36.17,35.9,35.44697753538436,35.23398498925789,33.793304,35.01243595276302,35.49578287032087,35.41275114764518,35.265463715569545,33.72402604208216,37.16992902868657
2019-06-01,Khulna,2017,35.17,33.98,33.83622039788663,33.52479923411034,33.117657,33.423530388368874,33.90085153637399,33.801994010147446,33.71673524554513,32.11270359928846,35.5597371964848
2019-07-01,Khulna,2017,33.66,31.97,32.4136931781426,32.28126839102661,31.971401,32.103072379064734,32.49958157453039,32.37946679040342,32.2610712560833,30.689690586303417,34.13769576998178
2019-08-01,Khulna,2017,33.06,33.0,32.728261133016396,32.431059827634115,32.168583,32.29249879787153,32.8251474234324,32.694034745277214,32.498214337067246,31.003840434239947,34.452681831792844
2019-09-01,Khulna,2017,32.9,33.5,33.073256832905074,32.69647819689897,32.179573,32.667533119184974,33.17223412584372,33.03903044516589,32.76861714293442,31.348476150449425,34.79803751536072
2019-10-01,Khulna,2017,32.05,31.66,32.55351430816927,32.481100097175265,32.150143,32.38433933888526,32.62954553510297,32.51928792043009,32.201577089730506,30.82842365714778,34.27860495919076
2019-11-01,Khulna,2017,29.74,30.1,30.306572680353728,30.091298660514234,30.199526,29.974412225906896,30.35629036144498,30.272346292614547,29.920663943686396,28.581215137459353,32.031930223248104
2019-12-01,Khulna,2017,24.6,26.46,26.55632563329418,26.392918496808893,26.207163,26.26356984041148,26.588976796605742,26.522099245554998,26.194489844856005,24.830738472066084,28.281912794522274
2020-01-01,Khulna,2017,24.03,26.22,25.37477129761891,25.066235984561917,25.670399,24.97557535348451,25.402214678358558,25.34054490987973,25.09078687741049,23.640153386956985,27.109389208280835
2020-02-01,Khulna,2017,26.95,29.64,29.29305197980598,28.538178303742885,28.369495,28.71584373613661,29.32560992960082,29.227650336291347,29.03992136898288,27.55724486762885,31.02885909198311
2020-03-01,Khulna,2017,32.29,31.66,33.21362161282097,33.110252879736336,32.454674,33.01493773694783,33.25235347341892,33.14821996930634,32.98423630911094,31.477381395477828,34.94986183016412
2020-04-01,Khulna,2017,34.43,34.7,35.39469539717361,35.22677338962121,34.676155,34.93827645887626,35.43789136382853,35.32929375365897,35.177868347256144,33.65816695635468,37.131223837992536
2020-05-01,Khulna,2017,34.15,35.9,35.46500122616956,35.230723654255705,34.447613,34.95532520605789,35.51611372650078,35.43077483843038,35.30838742410965,33.728239702202664,37.20176275013646
2020-06-01,Khulna,2017,33.56,33.98,33.85407982974366,33.52528096665784,32.77545,33.32596845168427,33.91958464618928,33.81985344200448,33.71834327086813,32.11712045685327,35.59103920263405
2020-07-01,Khulna,2017,33.27,31.97,32.431400169115,32.28667187972949,31.919313,31.972267386037498,32.51614934496508,32.39717378137582,32.26573895931564,30.694270969634637,34.168529368595365
2020-08-01,Khulna,2017,32.74,33.0,32.7458266508672,32.409976690026866,32.19673,32.23300987467618,32.845521227303664,32.71160026312802,32.507332965601314,31.008551309407377,34.48310199232703
2020-09-01,Khulna,2017,33.45,33.5,33.09069105629257,32.698155828421065,32.36812,32.6082518522611,33.188667932116275,33.05646466855339,32.780385106042914,31.35328988361269,34.82809222897245
2020-10-01,Khulna,2017,32.96,31.66,32.57082668342121,32.49876463721291,32.091858,32.36664585685855,32.649200986714206,32.53660029568203,32.21640227424195,30.833317157838064,34.30833620900435
2020-11-01,Khulna,2017,30.57,30.1,30.323771974156813,30.130389875873064,30.199816,29.99621094969535,30.375278313345532,30.28954558641763,29.95016234408595,28.586169166050436,32.061374782263194
2020-12-01,Khulna,2017,25.98,26.46,26.573419981592625,26.411732100268168,26.297247,26.25265628651176,26.60555256446876,26.539193593853444,26.213318478047043,24.835737057888824,28.311102905296426
2021-01-01,Khulna,2020,25.91,24.03,25.118718481604475,24.654058480330182,25.066723,24.800400399177786,25.01790992552607,25.086159325186628,24.890007906493093,23.489299770627536,26.748137192581414
2021-02-01,Khulna,2020,29.51,26.95,28.899088745509157,27.3447707343447,28.054512,27.290701525065675,28.88892002793883,28.882435198445688,28.600584977789563,27.2066136127242,30.591563878294114
2021-03-01,Khulna,2020,34.58,32.29,32.95995061022895,32.35082006759827,32.281635,32.21203853173419,32.940028232316266,33.00295344290989,32.86563322898259,31.257467409790696,34.6624338106672
2021-04-01,Khulna,2020,36.47,34.43,35.11359938962639,34.87781306239568,34.112907,34.82407087967588,35.11864866071025,35.10108823964626,34.93278194311509,33.40718392150856,36.82001485774421
2021-05-01,Khulna,2020,35.48,34.15,35.223012473633474,35.22260277607974,34.844982,35.29936861611383,35.23873250461955,35.21050132365335,35.112808771409874,33.51399344650901,36.93203150075794
2021-06-01,Khulna,2020,32.61,33.56,33.92952495052257,33.645980032059256,33.499107,34.01607296806143,34.00330513804284,33.83833619191089,34.072825552334855,32.21844328927596,35.64060661176918
2021-07-01,Khulna,2020,32.65,33.27,32.60113993983091,32.79148909308421,32.298023,32.54781825085612,32.70641938132603,32.594579807923445,32.61738422380674,30.888342104205844,34.31393777545597
2021-08-01,Khulna,2020,32.73,32.74,32.77777753974072,32.665182544346266,32.305977,32.42469594053965,32.93642862157242,32.75774873438052,32.82442438104163,31.063533781536652,34.49202129794478
2021-09-01,Khulna,2020,32.29,33.45,33.163249761988006,32.95138302091712,32.266388,32.97355425734262,33.29216056716994,33.15668963008054,33.06816798589275,31.447783851040562,34.87871567293545
2021-10-01,Khulna,2020,33.06,32.96,32.53462435706012,32.70562347186118,32.33925,32.71460639189967,32.62730304278442,32.51392257987015,32.21905777450366,30.818124524374742,34.2511241897455
2021-11-01,Khulna,2020,29.98,30.57,30.289805426118775,30.55696997700233,30.693558,30.61557125329549,30.304804736146984,30.281443229732915,29.939785774108042,28.57243066765318,32.00718018458437
2021-12-01,Khulna,2020,25.86,25.98,26.254242613955533,26.285825253545426,26.261583,26.58045376755225,26.273344818373943,26.232411744116938,25.912647836481053,24.53612745372119,27.972357774189877
2022-01-01,Khulna,2020,24.29,24.03,25.225749578186427,24.790429727902417,25.433964,24.845335215101365,25.23178976307639,25.218060352699016,24.9041493758344,23.495507896825465,26.95599125954739
2022-02-01,Khulna,2020,27.29,26.95,28.965378033919283,27.716582823853262,28.60157,27.815663349946167,28.971849865132146,28.931207585139223,28.685299814939736,27.23294480523814,30.697811262600425
2022-03-01,Khulna,2020,33.62,32.29,33.01446747498352,32.58584615003456,32.472023,32.5099597511237,33.029220012387,33.030444395707434,32.765136028931444,31.281090749091433,34.747844200875605
2022-04-01,Khulna,2020,35.19,34.43,35.163130072394566,34.957879243775096,34.567654,35.03174986550207,35.19904576167048,35.128959623614506,34.95352387044169,33.429105474945246,36.897154669843886
2022-05-01,Khulna,2020,34.88,34.15,35.269284102577075,35.181018264638745,34.890167,35.356289418988425,35.33303274233947,35.235113653797015,35.21773173929702,33.53474055957202,37.00382764558213
2022-06-01,Khulna,2020,34.06,33.56,33.9730998009245,33.61044899192562,33.50782,33.7698671930771,34.065307520690624,33.93892935214444,33.92100713089223,32.23812301473151,35.708076587117496
2022-07-01,Khulna,2020,33.78,33.27,32.64230193119278,32.632424227399724,32.07038,32.3634653372923,32.759024274429365,32.60813148241272,32.57980603783829,30.906959641030387,34.377644221355176
2022-08-01,Khulna,2020,33.42,32.74,32.8167348528351,32.57309817597011,32.169605,32.35606264717602,32.94540039478569,32.78256440405504,32.68203655658771,31.081083395895405,34.55238630977479
2022-09-01,Khulna,2020,33.33,33.45,33.20018189608356,32.862663074636984,32.269592,32.83268353479145,33.322739595486354,33.166011447303504,32.96466686179555,31.46426875133633,34.9360950408308
2022-10-01,Khulna,2020,32.58,32.96,32.56969374276239,32.657334091840816,32.241814,32.619728024768,32.65892154702133,32.53552329398233,32.26787396723509,30.833559059304406,34.30582842622037
2022-11-01,Khulna,2020,30.66,30.57,30.32316090725843,30.5131178176357,30.741175,30.499102974314557,30.374141705705373,30.301330037419834,29.96043856074854,28.58683867283441,32.05948314168245
2022-12-01,Khulna,2020,27.48,25.98,26.286021013799143,26.31321426087502,26.295149,26.498137543086685,26.302843153109738,26.264190143960548,25.921914378426198,24.549540077692495,28.02250194990579
2023-01-01,Khulna,2020,25.35,24.03,25.25607676831476,24.866033312077587,25.519432,24.896713353758965,25.260112082261237,25.24838754282735,24.93811098407531,23.510323836459452,27.001829700170067
2023-02-01,Khulna,2020,29.45857,26.95,28.9943698331542,27.944258195020716,28.709194,28.191398095576776,29.003333559493356,28.96019938437414,28.707423317674916,27.247433524970603,30.741306141337795
2023-03-01,Khulna,2020,32.54,32.29,33.042230457330426,32.732932694168646,32.30683,32.71928113746849,33.065229677790114,33.05820737805434,32.776347238388695,31.29491948997847,34.78954142468238
2023-04-01,Khulna,2020,36.74,34.43,35.18976230613053,35.000560567771096,34.73845,35.054495774851894,35.22919264924616,35.15559185735047,34.98247871597321,33.44222586927529,36.937298742985774
2023-05-01,Khulna,2020,35.69,34.15,35.29487582935998,35.153658173412275,34.709866,35.20269085134573,35.355548799222596,35.26070538057992,35.16988243795314,33.547165646756895,37.04258601196307
2023-06-01,Khulna,2020,34.71,33.56,33.99773406047841,33.57297945989827,33.521812,33.64667030250997,34.08556948053172,33.96356361169835,33.926751318757944,32.24988025440525,35.74558786655157
2023-07-01,Khulna,2020,33.89,33.27,32.666055136087635,32.56617115803216,32.07038,32.27357535757457,32.78133998807208,32.631884687307576,32.555854285823834,30.918080449862046,34.414029822313225
2023-08-01,Khulna,2020,32.71,32.74,32.83967731738335,32.539863884319935,32.17668,32.34845050970829,32.97021118749786,32.80550686860329,32.66624129041482,31.09160043474404,34.58775420002266
2023-09-01,Khulna,2020,33.2,33.45,33.22237832302446,32.84346067785604,32.332146,32.80712425889123,33.344696622575846,33.1882078742444,32.97960364046667,31.47421494391994,34.970541702128976
2023-10-01,Khulna,2020,33.13,32.96,32.59120367110485,32.62368564374134,32.21031,32.5750024369685,32.68240201341235,32.55703322232479,32.28936705954119,30.842967065160146,34.339440277049555
2023-11-01,Khulna,2020,30.62,30.57,30.344039124382842,30.444961312090964,30.698486,30.37390538603956,30.393777342208516,30.322208254544247,29.985183017738418,28.595740531046047,32.09233771771964
2023-12-01,Khulna,2020,26.56,25.98,26.30631793467048,26.288161048906737,26.357868,26.385147533978298,26.323988025868598,26.284487064831886,25.955739500561325,24.557966948535636,28.054668920805327
2012-01-01,Rajshahi,2011,23.42,22.64,23.505389818621733,23.925097208292563,24.118933,23.880806103218752,23.56112793286502,23.511565511280605,23.30857635921737,21.485552398019173,25.525227239224293
2012-02-01,Rajshahi,2011,28.4,28.26,28.24824978910549,28.257306934492362,27.067528,27.747588029750226,28.25673056867508,28.241441443433747,27.881442518154063,26.155829490157135,30.340670088053844
2012-03-01,Rajshahi,2011,33.94,33.66,33.439985541001015,33.67053744186134,33.310097,33.67864538539585,33.54510359411554,33.39753469948476,33.64800426744512,31.34756524205266,35.53240583994937
2012-04-01,Rajshahi,2011,35.47,34.78,36.13164185931472,36.02149298777833,35.98024,36.20205779978606,36.17078882370061,36.08919101779846,36.06709930960692,34.039221560366364,38.224062158263074
2012-05-01,Rajshahi,2011,38.34,34.55,35.27497072601704,34.64773896415513,35.36436,35.438541342859125,35.344565912410914,35.28114641867591,35.353853144896604,33.18255042706868,37.36739102496539
2012-06-01,Rajshahi,2011,36.22,34.14,34.288107467888125,33.71585694055705,34.332626,34.46007740734052,34.43834292809026,34.28129912221638,34.50395968307875,32.19568716893977,36.38052776683648
2012-07-01,Rajshahi,2011,33.37,33.55,32.956841971536555,32.99126773406182,32.454876,32.47459174047932,33.11249490261708,32.942264755999126,32.731220756591306,30.8644216725882,35.04926227048491
2012-08-01,Rajshahi,2011,34.23,32.2,33.09824110732822,32.728448569975825,32.53384,33.10613694809279,33.313859858705236,33.10441679998709,33.366782734181136,31.005820808379866,35.190661406276575
2012-09-01,Rajshahi,2011,33.53,32.82,32.916138376653905,32.601633565017764,32.562515,33.416425864615555,32.997986091803455,32.906124820546026,32.677234408430785,30.82371807770555,35.00855867560226
2012-10-01,Rajshahi,2011,32.37,32.87,31.931317881634577,31.70246627810232,31.875454,31.81252199885575,31.91390413004472,31.921304325526698,31.41080849601587,29.838897582686222,34.02373818058293
2012-11-01,Rajshahi,2011,28.16,29.14,29.536298471519338,28.95778727959228,29.1782,29.49046935011733,29.55974394664639,29.52628491541146,29.177253315922258,27.443878172570983,31.628718770467692
2012-12-01,Rajshahi,2011,23.06,24.2,25.666464031705615,24.912623075626538,25.3387,25.003519379094115,25.653847578321756,25.62401319018936,25.367175727004227,23.57404431844211,27.758883744969122
2013-01-01,Rajshahi,2011,23.39,22.64,23.867859202945304,23.918274070636194,23.794106,23.938387215711366,23.82026618881891,23.825408361429048,23.613430394139833,21.765824383232072,25.969894022658536
2013-02-01,Rajshahi,2011,27.89,28.26,28.263951661151598,28.16526066707818,27.335995,28.10272013364445,28.23478790224371,28.22150081963534,28.12970320515811,26.161214530498746,30.36668879180445
2013-03-01,Rajshahi,2011,33.95,33.66,33.45568741304712,33.72533454826043,32.81293,33.731831774954884,33.45572833990418,33.41323657153087,33.202805303448045,31.35295028239427,35.55842454369998
2013-04-01,Rajshahi,2011,36.42,34.78,36.14734373136083,36.14678452809217,36.319183,36.18998727160178,36.21127706603517,36.10489288984457,36.1228261981175,34.04460660070797,38.25008086201368
2013-05-01,Rajshahi,2011,33.87,34.55,35.290672598063146,34.92830598321245,35.50446,35.45477064041861,35.37836891022023,35.24822175654689,35.23797242820161,33.18793546741029,37.393409728716
2013-06-01,Rajshahi,2011,35.15,34.14,34.30380933993423,33.7272687585067,34.42945,34.08808754026535,34.402568440496076,34.26135849841798,34.18628993596522,32.20107220928138,36.40654647058709
2013-07-01,Rajshahi,2011,34.31,33.55,32.97254384358266,32.7562760334108,32.342777,32.73797523373058,33.08285081704339,32.962530287474785,32.90741328698679,30.86980671292981,35.07528097423552
2013-08-01,Rajshahi,2011,33.44,32.2,33.11394297937433,32.79256022056236,32.581745,32.883123523794296,33.220696652035755,33.10392942326645,32.85606964705498,31.011205848721477,35.216680110027184
2013-09-01,Rajshahi,2011,34.39,32.82,32.93184024870001,32.62319802144983,32.51674,32.833208107525884,33.02954613163741,32.921826692592134,32.69300482244469,30.82910311804716,35.03457737935287
2013-10-01,Rajshahi,2011,31.38,32.87,31.947019753680685,31.768719371939426,31.713108,31.73985906476619,31.995688384873752,31.937006197572806,31.54855787191699,29.844282623027834,34.04975688433354
2013-11-01,Rajshahi,2011,29.57,29.14,29.552000343565446,29.019734635994155,29.328901,29.296714736064075,29.54082435773464,29.541986787457567,29.129245914471863,27.449263212912594,31.654737474218297
2013-12-01,Rajshahi,2011,25.54,24.2,25.682165903751724,25.043705191434896,25.628128,25.19826298487498,25.63196148453983,25.639715062235467,25.29688263722445,23.579429355910122,27.784902451593325
2014-01-01,Rajshahi,2011,22.96,22.64,23.883561074991412,23.947139208835097,23.8492,24.187099213792944,23.828418392176403,23.841110233475156,23.607619551328067,21.7712563818986,25.995865768084226
2014-02-01,Rajshahi,2011,25.99,28.26,28.279653533197706,28.102684578968326,27.371689,28.31597740912048,28.2560145917978,28.23720269168145,28.051455395493665,26.166649942618346,30.392657123777067
2014-03-01,Rajshahi,2011,32.53,33.66,33.47138928509323,33.63384566308616,32.7496,33.729006572730235,33.49106469507391,33.428938443576975,33.30540208664056,31.35838569451387,35.58439287567259
2014-04-01,Rajshahi,2011,37.96,34.78,36.163045603406935,36.14793491176471,36.330223,36.20562656720631,36.2163946450252,36.12059476189068,36.033987036845566,34.050042012827575,38.276049193986296
2014-05-01,Rajshahi,2011,37.11,34.55,35.306374470109255,34.95010775390819,35.469948,35.27268933796665,35.386234947022984,35.263923628593,35.24676820594291,33.193370879529894,37.419378060688615
2014-06-01,Rajshahi,2011,34.89,34.14,34.31951121198034,33.74280792702042,34.40981,33.997288425586746,34.41914176675015,34.277060370464085,34.224680059607536,32.20650762140098,36.4325148025597
2014-07-01,Rajshahi,2011,33.97,33.55,32.98824571562877,32.69336946568832,32.36662,32.64134402303747,33.10366926950183,32.97823215952089,32.870095479611464,30.87524212504941,35.10124930620813
2014-08-01,Rajshahi,2011,33.82,32.2,33.12964485142044,32.79186401958335,32.581745,32.7634980703256,33.245562359752306,33.11963129531256,32.93610525254354,31.016641260841077,35.2426484419998
2014-09-01,Rajshahi,2011,34.08,32.82,32.94754212074612,32.614100433113144,32.51674,32.68795498401735,33.03959214947037,32.93752856463824,32.64994964133193,30.83453853016676,35.06054571132548
2014-10-01,Rajshahi,2011,32.51,32.87,31.962721625726793,31.779803678116924,31.708164,31.58316446362102,32.00834806600956,31.952708069618915,31.58213236082208,29.849718035147433,34.075725216306154
2014-11-01,Rajshahi,2011,30.15,29.14,29.567702215611554,29.063359534251976,29.328901,29.157619755423138,29.55737405184526,29.557688659503675,29.1370475882219,27.454698625032194,31.680705806190915
2014-12-01,Rajshahi,2011,24.57,24.2,25.69786777579783,25.088767975046203,25.578575,25.234414053339354,25.648521848156534,25.655416934281575,25.310458504281126,23.584864765198017,27.810870786397647
2015-01-01,Rajshahi,2014,23.72,22.96,23.430440789534984,23.459770600375034,24.133244,22.979850234937526,23.43344561851084,23.51458661116594,23.591379410257048,21.398561612726454,25.462319966343514
2015-02-01,Rajshahi,2014,28.51,25.99,28.042949590784378,27.007151271908825,27.117598,25.618880001789048,28.07435962378887,28.05381217780418,28.280180699380015,25.93407703980207,30.151822141766687
2015-03-01,Rajshahi,2014,33.04,32.53,33.50300843345798,33.1752821737433,32.02014,33.23272713195424,33.695287409102384,33.161933966752656,33.62261906331469,31.39413588247567,35.61188098444029
2015-04-01,Rajshahi,2014,33.89,37.96,36.37335364211535,36.13441056798276,35.421207,37.60132818906877,36.38503246120774,35.83043197978472,36.321173831163605,34.264481091133035,38.48222619309766
2015-05-01,Rajshahi,2014,36.0,37.11,35.68521677821403,35.40464106266856,36.18835,36.55971858581934,35.639411652752415,35.63993547975545,35.63780285804215,33.576344227231715,37.79408932919634
2015-06-01,Rajshahi,2014,34.55,34.89,34.70167922457339,34.557952808358834,34.71736,35.15636482625647,34.808123842135615,34.54937330862166,35.04700810057273,32.592806673591085,36.810551775555695
2015-07-01,Rajshahi,2014,33.48,33.97,33.32918989757465,33.48596821617676,33.438263,33.536471307273565,33.52551344878116,33.49073021212982,33.282313951673814,31.220317346592342,35.43806244855696
2015-08-01,Rajshahi,2014,33.83,33.82,33.3873127822631,33.41730611716578,33.3005,33.11236763729727,33.42940044576423,33.36364518411988,33.33296661646629,31.278440231280793,35.49618533324541
2015-09-01,Rajshahi,2014,34.34,34.08,33.329818940949174,33.264394801206194,33.08872,33.484123428378226,33.502962861465534,33.53695968468163,32.976822889986416,31.220946389966866,35.43869149193148
2015-10-01,Rajshahi,2014,32.93,32.51,32.04922994251618,32.0034177741491,31.86577,32.494389849310096,32.00952176633288,32.15434534128079,31.654824109561762,29.94035739153387,34.15810249349849
2015-11-01,Rajshahi,2014,30.54,30.15,29.54348256417777,29.60142419253602,29.75499,30.001248016235326,29.535086387628315,29.604800347026842,29.041631776647243,27.43461001319546,31.652355115160077
2015-12-01,Rajshahi,2014,25.33,24.57,25.329579031235273,25.19794006284201,25.079847,25.6313924318357,25.296902745688644,25.197062244779165,25.055201594896268,23.22070659836147,27.438451464109075
2016-01-01,Rajshahi,2014,24.13,22.96,23.69678368172837,23.39581673292504,23.36305,23.298496815272365,23.618864305268623,23.587184165932662,23.364690975547976,21.57554165909727,25.81802570435947
2016-02-01,Rajshahi,2014,29.44,25.99,28.06116689499612,27.256042834010113,26.771463,26.059600636367488,28.034260300578683,28.106338487380697,27.864433181514443,25.93897255863396,30.18336123135828
2016-03-01,Rajshahi,2014,34.07,32.53,33.521225737669724,33.271885735151656,32.4471,33.01056549287969,33.49984001307166,33.676039995887535,33.372450799678354,31.399031401307564,35.64342007403188
2016-04-01,Rajshahi,2014,37.72,37.96,36.39157094632709,36.352000045507594,36.28558,37.208571682889115,36.43506113936659,36.585881209126356,36.34613229228644,34.26937660996494,38.51376528268925
2016-05-01,Rajshahi,2014,34.72,37.11,35.70343408242577,35.514148099437804,36.63223,36.39003635492307,35.814315812858005,35.80177606151217,35.74090419802746,33.581239746063616,37.82562841878793
2016-06-01,Rajshahi,2014,35.35,34.89,34.719896528785135,34.318932085845894,34.06869,34.76798301049911,34.811176688853635,34.83223958677521,34.66665799115493,32.59770219242298,36.84209086514729
2016-07-01,Rajshahi,2014,33.39,33.97,33.347407201786396,33.13687986034431,32.886368,33.35030338022804,33.48154316135384,33.718576560278294,33.27913261882521,31.225212865424236,35.46960153814855
2016-08-01,Rajshahi,2014,34.18,33.82,33.40553008647485,33.276290849470726,32.851242,32.953204766613,33.51979613671949,33.631027734594774,33.219160478724596,31.283335750112688,35.527724422837004
2016-09-01,Rajshahi,2014,34.04,34.08,33.34803624516092,33.05025807216325,32.71635,33.026349024172326,33.44505629718747,33.31652159681283,33.039594423556345,31.22584190879876,35.470230581523076
2016-10-01,Rajshahi,2014,33.04,32.51,32.06744724672792,31.983764793302456,31.984802,32.220949314217286,32.12277242477496,32.06581108106805,31.64401741953839,29.945252910365763,34.18964158309008
2016-11-01,Rajshahi,2014,29.98,30.15,29.56169986838951,29.465470858227906,29.610703,29.84874152972586,29.536360606332284,29.614777782210254,29.06147126110769,27.43950553202735,31.68389420475167
2016-12-01,Rajshahi,2014,26.15,24.57,25.347796335447015,25.221652260276226,25.444105,25.829236256910924,25.282108761663558,25.27756264768857,24.936123999524263,23.225602116451952,27.469990554442077
2017-01-01,Rajshahi,2014,25.22,22.96,23.71500098594011,23.515587957905296,24.078949,23.52565741177809,23.6353129255537,23.600867650290144,23.420641879817598,21.580514377039258,25.849487594840966
2017-02-01,Rajshahi,2014,28.73,25.99,28.079384199207862,27.392117876527422,27.595778,26.376985648251452,28.030510904499078,28.114292356049855,27.88073177188945,25.943951183098807,30.214817215316916
2017-03-01,Rajshahi,2014,31.31,32.53,33.53944304188147,33.33028355850613,32.00247,32.900350375190605,33.54994323143993,33.531402680775074,33.38811903115519,31.404010025772415,35.674876057990524
2017-04-01,Rajshahi,2014,35.23,37.96,36.40978825053884,36.309961824379975,36.07118,36.99105813521868,36.458895940428604,36.60648125371648,36.33174834888232,34.274355234429784,38.54522126664789
2017-05-01,Rajshahi,2014,35.3,37.11,35.72165138663752,35.38501797301554,35.82248,36.03606659429579,35.804791942892344,35.97914929332239,35.70240653168162,33.586218370528464,37.85708440274657
2017-06-01,Rajshahi,2014,35.25,34.89,34.73811383299688,34.21603445268496,33.82029,34.56252863812497,34.846637039634714,34.856305522249734,34.69077540401417,32.602680816887826,36.873546849105935
2017-07-01,Rajshahi,2014,32.65,33.97,33.36562450599814,32.986583801149465,32.503567,33.28080809931746,33.487546245681564,33.695152748347766,33.269813499525746,31.230191489889087,35.501057522107196
2017-08-01,Rajshahi,2014,34.14,33.82,33.42374739068659,33.19761331459264,32.773174,32.868581266676735,33.54991747651848,33.684214890181146,33.246686453240216,31.28831437457754,35.55918040679565
2017-09-01,Rajshahi,2014,33.93,34.08,33.366253549372665,32.974007563255185,32.627167,32.807782453475234,33.46319321584083,33.33077321401786,33.05471430436355,31.23082053326361,35.50168656548172
2017-10-01,Rajshahi,2014,31.81,32.51,32.08566455093967,31.938637447592864,31.947294,31.996231999928682,32.132081767050515,32.11373967414545,31.66088363774799,29.950231534830614,34.22109756704872
2017-11-01,Rajshahi,2014,29.36,30.15,29.579917172601252,29.394829598138905,29.442913,29.703553011014836,29.560888331860788,29.655238310506373,29.097677723212637,27.444484156492198,31.715350188710307
2017-12-01,Rajshahi,2014,26.18,24.57,25.366013639658757,25.196758064544824,25.613705,25.852760419307717,25.295921982248654,25.265341692656346,24.95515950799296,23.230580740189176,27.501446539128338
2018-01-01,Rajshahi,2017,22.55,25.22,24.207927710589757,24.190639100431856,24.629004,23.92207976695697,24.148781866934254,24.145860511091342,23.893427591220146,22.19614684292481,26.219708578254703
2018-02-01,Rajshahi,2017,28.9,28.73,28.367698839392837,27.45224812939594,28.139137,27.79610856175213,28.412844236561355,28.331135867622073,28.444918825927587,26.28228736067935,30.453110318106322
2018-03-01,Rajshahi,2017,34.12,31.31,33.35311216236984,32.58227306545262,33.321056,32.79406337694329,33.31260197994991,33.176278637069814,32.968311946717265,31.267700683656354,35.43852364108332
2018-04-01,Rajshahi,2017,34.06,35.23,36.231305301015325,36.33860910408256,35.93344,35.72417344642864,36.38449133670051,36.29544317704911,36.132713313607525,34.145893822301844,38.31671677972881
2018-05-01,Rajshahi,2017,33.45,35.3,35.63633894729914,35.76385978951984,34.83746,35.69687279592507,35.74049973269143,35.5686256866485,35.65525892284129,33.550927468585655,37.72175042601262
2018-06-01,Rajshahi,2017,35.67,35.25,34.861450288025885,34.43581612435884,34.374413,34.458408263235924,34.941820653362655,35.054988283245116,34.61638684832367,32.7760388093124,36.94686176673937
2018-07-01,Rajshahi,2017,33.93,32.65,33.32903204953604,33.16430962885762,32.956932,32.83560259664706,33.468797053048895,33.37199379971557,33.38784771781742,31.243620570822554,35.41444352824952
2018-08-01,Rajshahi,2017,34.65,34.14,33.64140659764447,33.32157420304151,32.9023,33.07301528805783,33.77440560236937,33.74988668605723,33.41533748087451,31.555995118930984,35.72681807635795
2018-09-01,Rajshahi,2017,34.32,33.93,33.601023529872386,33.01408026093508,32.753532,32.67463194236079,33.68735749724899,33.657813669398514,33.263881122604644,31.5156120511589,35.68643500858587
2018-10-01,Rajshahi,2017,32.11,31.81,32.26009319839141,32.00830520019984,31.795069,31.91054422478416,32.41095743190968,32.31206692499182,32.20124611360178,30.174681719677924,34.34550467710489
2018-11-01,Rajshahi,2017,30.01,29.36,29.723826823214967,29.570725195902934,29.379057,29.554138714417082,29.721322430895594,29.615073216537912,29.318266215877546,27.63841534450148,31.809238301928453
2018-12-01,Rajshahi,2017,25.26,26.18,25.59143755198329,25.445808030279036,25.693708,25.573902958441572,25.545387895138123,25.614674573623233,25.348993843022033,23.506026166203505,27.676848937763076
2019-01-01,Rajshahi,2017,25.46,25.22,24.046066495847565,23.765752209643715,23.904654,23.7125785140345,23.988656946710268,23.95295112885223,23.724382895988374,21.949671727150655,26.142461264544476
2019-02-01,Rajshahi,2017,27.62,28.73,28.38812727075803,27.42843127676669,27.408297,27.551612491768402,28.349262365380884,28.463502216756222,28.11451928104959,26.290916023148625,30.485338518367435
2019-03-01,Rajshahi,2017,32.08,31.31,33.37354059373504,33.270806853944,32.889053,33.06548293137826,33.39133397310769,33.30885663484698,33.11976878354003,31.27632934612563,35.470751841344445
2019-04-01,Rajshahi,2017,34.53,35.23,36.25173373238052,36.46691276595263,36.16124,36.26899188953225,36.27419796489699,36.434186455764426,36.099451187846476,34.154522484771114,38.34894497998993
2019-05-01,Rajshahi,2017,36.14,35.3,35.656767378664334,35.56211371105396,35.44403,35.440958759948835,35.721340808500386,35.683158108136375,35.51038999177524,33.559556131054926,37.75397862627374
2019-06-01,Rajshahi,2017,35.81,35.25,34.88187871939108,34.26624588409483,34.719833,34.35907629490019,34.99830993669773,34.98454284733698,34.81602558309262,32.784667471781674,36.97908996700049
2019-07-01,Rajshahi,2017,34.5,32.65,33.349460480901236,33.034957994873515,32.782753,32.67887399559981,33.47988691417243,33.39892595836782,33.19147799035097,31.25224923329183,35.446671728510644
2019-08-01,Rajshahi,2017,34.52,34.14,33.661835029009666,33.13721833380493,32.783287,32.83106301620351,33.822428616807954,33.72526174712547,33.495921444442274,31.56462378140026,35.759046276619074
2019-09-01,Rajshahi,2017,33.45,33.93,33.62145196123758,32.93261120066239,32.62279,32.820737195525666,33.74850096604943,33.60077318212727,33.34740101028915,31.524240713628178,35.71866320884699
2019-10-01,Rajshahi,2017,31.39,31.81,32.280521629756606,31.935895043510325,31.962343,31.9549614505003,32.3583859886928,32.3504870817124,31.946950605896912,30.1833103821472,34.377732877366014
2019-11-01,Rajshahi,2017,29.99,29.36,29.74425525458016,29.425662476803257,29.378695,29.598557666766084,29.76274062064081,29.651139887584826,29.296599656032303,27.647044006970756,31.841466502189565
2019-12-01,Rajshahi,2017,24.42,26.18,25.611865983348483,25.14836791350634,25.272589,25.430399047648898,25.573403480278056,25.517514006238574,25.223604873421813,23.514654828149894,27.709077138547073
2020-01-01,Rajshahi,2017,23.33,25.22,24.06649492721276,23.752506485867546,23.935139,23.744458410401577,24.016464797540472,23.92799107770638,23.751330965202335,21.958361865053444,26.174627989372073
2020-02-01,Rajshahi,2017,26.72,28.73,28.408555702123223,27.7148342331072,27.365944,27.60895767866173,28.37211938407224,28.545748547467767,28.17362125242745,26.299610705531602,30.517500698714844
2020-03-01,Rajshahi,2017,31.61,31.31,33.39396902510023,33.55642902632914,32.892178,33.256158456316335,33.38889095649866,33.4168121215055,33.16269239576606,31.285024028508612,35.50291402169186
2020-04-01,Rajshahi,2017,34.53,35.23,36.27216216374572,36.48169213934232,36.36685,36.22569950705192,36.311735516867444,36.4727958088034,36.0989714162153,34.163217167154095,38.38110716033734
2020-05-01,Rajshahi,2017,33.8,35.3,35.67719581002953,35.38417344468906,35.228657,35.3220459084411,35.74893128903011,35.73535760516884,35.5823115450953,33.568250813437906,37.786140806621155
2020-06-01,Rajshahi,2017,34.73,35.25,34.90230715075628,34.17470467953017,34.48738,34.27533725366557,35.01180595747855,34.99002513835327,34.81529183168143,32.793362154164654,37.0112521473479
2020-07-01,Rajshahi,2017,33.87,32.65,33.36988891226643,32.94987031260109,32.31099,32.59753652099772,33.508051834934754,33.45760689986342,33.259432062636215,31.26094391567481,35.47883390885806
2020-08-01,Rajshahi,2017,34.48,34.14,33.68226346037486,33.08275217506154,32.70634,32.83402208994941,33.83066833103692,33.74569017849067,33.492108433037416,31.57331846378324,35.79120845696649
2020-09-01,Rajshahi,2017,34.09,33.93,33.64188039260278,32.88283699011109,32.64237,32.89254204519346,33.774063651286696,33.63096825735936,33.36952790299407,31.53293539601116,35.750825389194404
2020-10-01,Rajshahi,2017,33.63,31.81,32.3009500611218,31.863429001779974,31.994,31.961187924684403,32.38074069419851,32.26699525449596,31.9683400365982,30.192005064530182,34.40989505771343
2020-11-01,Rajshahi,2017,30.23,29.36,29.764683685945354,29.25112963565048,29.385593,29.570382981590058,29.77994609517364,29.639797255145393,29.34420458366701,27.655738689353733,31.873628682536975
2020-12-01,Rajshahi,2017,25.17,26.18,25.632294414713677,25.003382317428848,25.43536,25.360262998971532,25.596686988617247,25.521270563974674,25.23046575992858,23.523349510018715,27.74123931940864
2021-01-01,Rajshahi,2020,23.77,23.33,23.893798397692315,23.45630453502964,23.922983,23.278143503099713,23.84386888687994,23.997644508095853,23.621384996943284,21.882922947751634,25.904673847632996
2021-02-01,Rajshahi,2020,29.09,26.72,28.18725355074997,26.707263386719696,27.634102,26.68603237415773,28.171010603765048,28.14656546817417,28.106777964030023,26.100532633726456,30.27397446777348
2021-03-01,Rajshahi,2020,34.56,31.61,33.112904372843815,32.286574569019905,32.691875,32.49344712439734,33.13383162458106,33.10302988554807,32.79091856904534,31.026183455820302,35.19962528986733
2021-04-01,Rajshahi,2020,37.5,34.53,35.695460514467065,35.53498578727733,35.698013,36.05468195850019,35.6960236691074,35.65477243189127,35.5788819315718,33.60873959744355,37.78218143149058
2021-05-01,Rajshahi,2020,34.65,33.8,35.31915829707346,35.127995357695575,35.16921,35.61617883983033,35.34356148636233,35.31177564109153,34.97669642491553,33.232437380049944,37.40587921409697
2021-06-01,Rajshahi,2020,34.13,34.73,35.07660748655073,34.845929926387925,34.854416,35.18201147758528,35.25993692420009,35.057097606678525,35.27626868624579,32.989886569527215,37.16332840357424
2021-07-01,Rajshahi,2020,34.16,33.87,33.61529652169122,33.725579877021296,33.804295,33.798675137468315,33.69607181710271,33.6270151264049,33.764148681857534,31.528575604667708,35.70201743871473
2021-08-01,Rajshahi,2020,34.17,34.48,33.975615691381904,33.872100871842086,33.785908,34.29455090403323,34.2040232187663,33.9561058115097,34.1716627469341,31.88889477435839,36.06233660840542
2021-09-01,Rajshahi,2020,34.15,34.09,33.77122674887104,33.714494108504745,33.41919,33.978287048553604,33.89100236633596,33.80556498472614,33.768418848157665,31.684505831847524,35.85794766589455
2021-10-01,Rajshahi,2020,33.2,33.63,32.36131995281202,32.41141978755458,32.750996,32.29799288102371,32.38317716089717,32.411763676609816,31.98667516315499,30.274599035788505,34.44804086983553
2021-11-01,Rajshahi,2020,29.43,30.23,29.872110956212893,30.10396925126879,30.202805,29.91176764389973,29.886438143777355,29.88382956092657,29.541512254293906,27.78539003918938,31.958831873236406
2021-12-01,Rajshahi,2020,26.34,25.17,25.412877452483208,25.424774717405214,25.488276,25.302253933150936,25.353976576875628,25.424596057196887,25.023284142606727,23.326156555596334,27.499598349370082
2022-01-01,Rajshahi,2020,23.41,23.33,23.977184456828574,23.29366240513999,23.833534,23.425332280026094,23.902192834162857,23.988903061542253,23.570025268478425,21.877469990246222,26.076898923410926
2022-02-01,Rajshahi,2020,26.01,26.72,28.205654355748702,26.949668867061526,28.172974,27.431591313746125,28.13158878776641,28.286880838736106,27.91738488413461,26.104944536688837,30.306364174808568
2022-03-01,Rajshahi,2020,34.83,31.61,33.13130517784255,32.72008240919508,33.100063,33.050134393644996,33.066760229499224,33.14302378255623,32.81801330901266,31.030595358782683,35.232014996902414
2022-04-01,Rajshahi,2020,36.77,34.53,35.7138613194658,35.839966694692265,35.568596,36.01797879552566,35.73727886648404,35.67317323689,35.52988938121255,33.613151500405934,37.814571138525665
2022-05-01,Rajshahi,2020,34.76,33.8,35.33755910207219,35.410223278700094,35.704277,35.66865986145117,35.39590093482206,35.29687101949639,35.337548572538985,33.236849283012326,37.43826892113206
2022-06-01,Rajshahi,2020,34.96,34.73,35.09500829154946,34.64802740723255,34.829124,34.95778433976548,35.21333344400165,35.176234774536866,35.132936569415754,32.9942984724896,37.19571811060933
2022-07-01,Rajshahi,2020,36.41,33.87,33.633697326689955,33.50744593512277,33.570164,33.56690362139794,33.79628532051468,33.71492380967736,33.665348562965846,31.53298750763009,35.73440714574982
2022-08-01,Rajshahi,2020,34.71,34.48,33.99401649638064,33.48966434300585,33.25496,34.01407886604981,34.153080343030624,34.07524297936804,33.964071778518125,31.893306677320773,36.094726315440504
2022-09-01,Rajshahi,2020,34.07,34.09,33.78962755386977,33.45822474314144,32.97972,33.66819305956686,33.93712061472643,33.78363510498105,33.736297242093336,31.688917734809905,35.890337372929636
2022-10-01,Rajshahi,2020,33.06,33.63,32.37972075781075,32.24410753582494,31.887589,32.24669536579788,32.45953515011186,32.460947240798156,32.192840032479204,30.279010938750886,34.48043057687062
2022-11-01,Rajshahi,2020,30.33,30.23,29.890511761211627,29.89259049890119,29.576538,29.625427382290876,29.893078168289943,29.902230365925305,29.53692847925828,27.78980194215176,31.991221580271493
2022-12-01,Rajshahi,2020,26.78,25.17,25.431278257481942,25.31841166746794,25.474966,25.15327810849055,25.374073308087553,25.44299686219562,25.046405865116466,23.330568458424626,27.53198805653926
2023-01-01,Rajshahi,2020,24.24,23.33,23.99558526182731,23.400837223717573,23.577805,23.42965535147414,23.902581692357494,23.95489717925151,23.619460374315878,21.881967888808653,26.109202634845964
2023-02-01,Rajshahi,2020,29.49,26.72,28.224055160747437,27.210145010138586,27.717237,27.58571674698871,28.147754754395613,28.18336707817164,27.91901200209679,26.109448979387512,30.33866134210736
2023-03-01,Rajshahi,2020,32.76,31.61,33.14970598284128,32.99142657295803,32.653496,33.12767547681668,33.10987208290363,33.109017900265485,32.894369845482125,31.03509980148136,35.26431216420121
2023-04-01,Rajshahi,2020,37.48,34.53,35.73226212446453,35.945299959707846,36.062843,36.098262221824896,35.73700351994776,35.74398072917821,35.5330877530725,33.61765594310461,37.84686830582446
2023-05-01,Rajshahi,2020,36.27,33.8,35.355959907070925,35.35070168088419,35.74667,35.62804846972487,35.41946919208628,35.31527182449513,35.27713390282622,33.241353725711,37.47056608843085
2023-06-01,Rajshahi,2020,37.26,34.73,35.113409096548196,34.494432364497705,34.78246,34.88873296541162,35.227657552271545,35.1946355795356,35.09735762501887,32.99880291518827,37.22801527790812
2023-07-01,Rajshahi,2020,35.75,33.87,33.65209813168869,33.324786542623364,33.43412,33.39894753738415,33.810172409557225,33.73332461467609,33.65341303983554,31.537491950328764,35.76670431304861
2023-08-01,Rajshahi,2020,34.04,34.48,34.01241730137937,33.33374070621671,32.905796,33.78951196024485,34.181974267531544,34.02413590609305,33.99330945110671,31.897811120019448,36.1270234827393
2023-09-01,Rajshahi,2020,34.33,34.09,33.808028358868505,33.311775702240375,32.681114,33.587366543309585,33.948518165928995,33.81974696358218,33.71165387518361,31.69342217750858,35.92263454022843
2023-10-01,Rajshahi,2020,32.38,33.63,32.398121562809486,32.12835198896774,31.860325,32.1469575137896,32.47873657751204,32.409840167523164,32.19287876334219,30.28351538144956,34.51272774416941
2023-11-01,Rajshahi,2020,30.42,30.23,29.90891256621036,29.70443048555852,29.52207,29.528996647356372,29.911301864779848,29.990139049197765,29.574067191803444,27.794306384850437,32.023518747570286
2023-12-01,Rajshahi,2020,26.25,25.17,25.449679062480676,25.195674971072883,25.459932,25.08150862697517,25.38958051942648,25.461397667194355,25.072739420916523,23.33507290099185,27.564285223969502
2012-01-01,Rangamati,2011,26.43,25.79,26.431583474932896,25.734918207401282,25.94218,26.021824380205423,26.283090887154103,26.348832126318204,26.11303265879465,24.69004548459064,28.173121465275152
2012-02-01,Rangamati,2011,30.49,30.03,29.472981816194093,29.27112098944327,29.811893,28.713154461137094,29.33970620828105,29.34675345387224,29.12372593996862,27.638258729069562,31.307704903318623
2012-03-01,Rangamati,2011,33.16,32.94,33.005796912705286,32.711320051331995,32.750454,32.54234004921698,32.994085261838926,32.92304556409059,32.79450876642431,31.131436795029206,34.88015703038137
2012-04-01,Rangamati,2011,32.86,33.74,34.10906958757821,34.09862626074823,34.028187,34.10059532200591,34.149848172825244,34.02631823896352,33.906503539983156,32.217487413130065,36.00065176202636
2012-05-01,Rangamati,2011,33.95,33.43,33.65976801601387,33.47169561856304,33.462902,33.82351524039421,33.695249036142705,33.57701666739918,33.45170791580263,31.760637985497716,35.558898046530025
2012-06-01,Rangamati,2011,32.17,32.16,32.293081787139904,32.0325699775742,31.902561,32.25685095278942,32.46485783249377,32.224841852397454,32.21556785010528,30.390631748993496,34.19553182528632
2012-07-01,Rangamati,2011,31.03,32.16,31.701273968028605,31.67163217509372,31.527721,31.66858936094321,31.89498748866423,31.633034033286155,31.397595173686074,29.797361707564388,33.60518622849282
2012-08-01,Rangamati,2011,32.63,31.66,32.185186362711626,32.005797863539904,32.11266,32.09092232051906,32.33056239119822,32.116946427969175,31.994173955460607,30.280630702492566,34.089742022930686
2012-09-01,Rangamati,2011,33.12,32.37,32.55475787045303,32.37625775666063,32.230904,32.21093393074489,32.657753241113134,32.46855422081295,32.179666377296876,30.649921412330794,34.45959432857527
2012-10-01,Rangamati,2011,31.89,32.24,32.33975649783347,32.11496799013612,31.801308,31.657222444900196,32.35825807387396,32.25355284819339,31.842408528438206,30.43480291522816,34.24471008043878
2012-11-01,Rangamati,2011,28.99,29.79,30.089710131948586,29.873312187635857,29.540882,29.704206095174197,30.04261164514508,30.003506482308502,29.574149845734308,28.18472015478222,31.99470010911495
2012-12-01,Rangamati,2011,26.21,26.7,27.24635743860598,26.81182555296158,26.418228,26.603692962630817,27.152532269233884,27.160153788965896,26.812412714560146,25.34138602731609,29.15132884989587
2013-01-01,Rangamati,2011,25.8,25.79,26.67231299854265,25.701298497891052,26.0603,25.91213274775091,26.55540072372957,26.58956164992796,26.277915578659048,24.766870632217874,28.57775536486743
2013-02-01,Rangamati,2011,30.85,30.03,29.645543494567036,28.949427837474616,29.298668,28.78563071404911,29.54455136507006,29.562792145952344,29.376592837685905,27.73998473651178,31.551102252622293
2013-03-01,Rangamati,2011,34.81,32.94,33.133081794191014,32.64954295886642,32.47986,32.35393182827947,33.08605692393284,33.05033044557632,32.83165033470829,31.22747171338367,35.03869187499836
2013-04-01,Rangamati,2011,35.35,33.74,34.2062818104777,33.83157577562676,33.889805,33.89623182905535,34.23472613120104,34.123530461863005,33.98202043334337,32.30064913841921,36.111914482536186
2013-05-01,Rangamati,2011,31.49,33.43,33.73700610521531,33.502092014074336,33.222965,33.61916518861569,33.853581617787874,33.654254756600615,33.572865078979476,31.831363579523558,35.64264863090706
2013-06-01,Rangamati,2011,33.34,32.16,32.357053140517394,32.068902574338544,31.960537,32.20230617707348,32.53554657898203,32.28881320577494,32.19497190623384,30.451406522973226,34.262699758061565
2013-07-01,Rangamati,2011,32.63,32.16,31.75643361111702,31.58352112966695,31.534302,31.653281951996988,31.954900913926174,31.68819367637457,31.59751678220222,29.85078576673029,33.66208145550375
2013-08-01,Rangamati,2011,31.75,31.66,32.23449330478534,32.07105398992991,32.123795,31.928118408718532,32.40423185933781,32.16625337004289,31.984241311403984,30.32884623004435,34.14014037952633
2013-09-01,Rangamati,2011,32.62,32.37,32.600177473060995,32.33817771898974,32.13094,32.06001764705284,32.70485749089118,32.51397382342091,32.275963432073304,30.694533709312616,34.505821236809375
2013-10-01,Rangamati,2011,31.36,32.24,32.38259414587311,32.12437682962549,31.707325,31.55858853680442,32.411960777522616,32.29639049623302,31.97428779071247,30.476958578436907,34.288229713309306
2013-11-01,Rangamati,2011,29.95,29.79,30.13083285659353,29.936393108318825,29.390762,29.52757766660791,30.091652826508188,30.044629206953445,29.655479610601482,28.225216173323687,32.03644953986337
2013-12-01,Rangamati,2011,26.76,26.7,27.286341118325137,26.875371517345343,26.367865,26.466773042160007,27.195958140141197,27.200137468685053,26.818048381525934,25.380767376372056,29.191914860278217
2014-01-01,Rangamati,2011,26.98,25.79,26.711540129399644,25.67745880148424,26.034925,25.791880036137414,26.59842941791905,26.62878878078495,26.341191265541134,24.80567384542796,28.617406413371327
2014-02-01,Rangamati,2011,28.94,30.03,29.684268128843,28.803108335571093,28.779915,28.64128002665257,29.585113350943125,29.60151678022831,29.362603714925953,27.778326378296136,31.590209879389867
2014-03-01,Rangamati,2011,33.75,32.94,33.1714726723455,32.56560690410078,32.593727,32.23068244722902,33.12292573968347,33.08872132373081,32.89878277547718,31.26549765211281,35.0774476925782
2014-04-01,Rangamati,2011,37.32,33.74,34.24445100921619,33.82227979157741,33.831818,33.75856291316976,34.27396486183131,34.1616996606015,34.0003592890674,32.33846136168793,36.15044065674445
2014-05-01,Rangamati,2011,34.52,33.43,33.77502806541549,33.5508799826263,33.511272,33.554680674894534,33.88886130879768,33.6922767168008,33.60951109875391,31.86903207753093,35.68102405330005
2014-06-01,Rangamati,2011,32.46,32.16,32.394977305498,32.09285452911238,31.991695,32.14631872944771,32.57273936941141,32.32673737075555,32.250805651982276,30.488978775607865,34.300975835388144
2014-07-01,Rangamati,2011,33.22,32.16,31.794292820922973,31.566819687807087,31.59953,31.565913046482866,31.992739629310122,31.726052886180522,31.63187675926778,29.888293747806316,33.70029189403963
2014-08-01,Rangamati,2011,31.89,31.66,32.27230937163673,32.06876472960526,32.07998,31.822801699207854,32.441655116486956,32.20406943689428,32.04194236284774,30.366311369505613,34.17830737376785
2014-09-01,Rangamati,2011,32.27,32.37,32.637964884542924,32.33152878710011,32.15129,31.950953368967767,32.74300087025901,32.55176123490284,32.30217055541031,30.73197032579549,34.54395944329036
2014-10-01,Rangamati,2011,32.51,32.24,32.42036252457883,32.142024568104105,31.71095,31.522202626087886,32.449947640098536,32.334158874938744,32.00359422200667,30.51437621930936,34.32634882984829
2014-11-01,Rangamati,2011,30.49,29.79,30.16858859380912,30.000623265872353,29.398405,29.454661763749126,30.129515223781656,30.082384944169036,29.684441483055934,28.262621195115702,32.07455599250253
2014-12-01,Rangamati,2011,27.49,26.7,27.32408845911601,26.926222230609433,26.392326,26.392298948260812,27.23394678807431,27.237884809475926,26.86290287310724,25.418164005257058,29.23001291297496
2015-01-01,Rangamati,2014,26.16,26.98,26.8047141255011,27.067977107035002,26.85061,27.640327149705833,26.675373463310994,26.74197023819584,26.874219157350726,25.037637927879977,28.571790323122222
2015-02-01,Rangamati,2014,29.3,28.94,29.894745961102565,29.526974923321173,29.109455,29.843054769768177,29.73677886317884,29.804451369020065,29.955964024822514,28.041509865561732,31.747982056643398
2015-03-01,Rangamati,2014,33.7,33.75,33.386422909304194,32.65129179552674,32.952557,33.638521266482,33.28746675822335,33.335119705155186,33.42234009523943,31.49948175453137,35.27336406407702
2015-04-01,Rangamati,2014,32.24,37.32,34.48579473836465,33.491322722748166,34.235218,34.94532186639395,34.40507831379898,34.42305085105939,34.38468008341599,32.58540150276923,36.38618797396008
2015-05-01,Rangamati,2014,33.59,34.52,33.775939655184885,33.60434045814993,33.602104,34.01887772401748,33.82195140714985,33.713195767879625,33.70022660397426,31.870136803978617,35.68174250639115
2015-06-01,Rangamati,2014,32.23,32.46,32.529554802817074,32.40462606884246,32.159443,33.11879570650163,32.6070762297846,32.466810915511815,32.559257138646,30.62157009114358,34.43753951449057
2015-07-01,Rangamati,2014,30.53,33.22,31.9677399363584,31.854980161885468,31.786913,32.25651526382484,32.05231753365853,31.90499604905314,31.73502025967954,30.058874273272046,33.87660559944475
2015-08-01,Rangamati,2014,31.46,31.89,32.3401571897395,32.05452857122385,32.135777,32.44020523374115,32.494043490403406,32.27741330243424,32.19757803155758,30.430935924331607,34.249378455147394
2015-09-01,Rangamati,2014,32.41,32.27,32.70854810576576,32.37374745558852,32.112476,32.5236542342585,32.758573195670586,32.6458042184605,32.50879186262457,30.79918392039502,34.6179122911365
2015-10-01,Rangamati,2014,31.58,32.51,32.39388709403761,32.18355859971664,31.726397,31.930432514412573,32.38206946086162,32.33114320673235,31.976847849660334,30.484467070974993,34.303307117100225
2015-11-01,Rangamati,2014,29.61,30.49,30.179300803323766,30.10988752839222,29.732752,30.111269284018924,30.12431534542554,30.116556916018506,29.72170804967633,28.269862963796673,32.08873864285086
2015-12-01,Rangamati,2014,25.37,27.49,27.32306222804228,27.093034992368263,26.815115,27.329054875118434,27.22207170635011,27.26031834073702,26.945208661809218,25.413628940260793,29.232495515823764
2016-01-01,Rangamati,2014,25.35,26.98,26.741951217339665,26.15056643728648,26.31204,26.904925495734474,26.62758181737154,26.679207330034405,26.34540361679379,24.830864083866874,28.653038350812455
2016-02-01,Rangamati,2014,29.77,28.94,29.86886738136549,29.347408494076454,29.17266,29.812318520209764,29.77026957537767,29.80612349406023,29.583842780400428,27.957584076928512,31.780150685802468
2016-03-01,Rangamati,2014,32.85,33.75,33.383992552624804,32.94680497099722,33.05898,33.2874667016316,33.32319970743175,33.321248665319544,33.116524693980395,31.472629975963915,35.29535512928569
2016-04-01,Rangamati,2014,33.71,37.32,34.498270960930434,34.271462427838266,34.42659,34.60490325098862,34.50101001011944,34.435527073625174,34.2710876606268,32.58687635616598,36.40966556569489
2016-05-01,Rangamati,2014,33.57,34.52,33.79789233591324,33.66992101466515,33.378365,34.05519383115985,33.8668212370529,33.73514844860798,33.675172289146026,31.886484808009843,35.70929986381663
2016-06-01,Rangamati,2014,32.66,32.46,32.557531887792024,32.2224092099184,32.169914,32.87568926059791,32.67922833169593,32.494788000486764,32.427294582198165,30.646119188259092,34.468944587324955
2016-07-01,Rangamati,2014,31.5,33.22,31.999546874840203,31.74793269865451,31.722933,32.21366192717598,32.1404670745003,31.936802987534943,31.870099856357108,30.08813221180279,33.91096153787762
2016-08-01,Rangamati,2014,32.13,31.89,32.37439885492349,32.150465993703975,32.187637,32.29619645741212,32.49176199041641,32.31165496761823,32.1707178147937,30.462983711539444,34.28581399830754
2016-09-01,Rangamati,2014,32.74,32.27,32.74433758318427,32.42941371788743,32.191364,32.344706866542055,32.80947624460378,32.68159369587901,32.46173749801091,30.832923020621536,34.655752145747
2016-10-01,Rangamati,2014,32.37,32.51,32.43066055159286,32.18060981774863,31.714146,31.89927556305048,32.43069954033053,32.3679166642876,32.06096537628402,30.51924814127981,34.342072961905906
2016-11-01,Rangamati,2014,29.07,30.49,30.216699799873926,30.013757846858617,29.45195,29.80260259689348,30.158714545587774,30.153955912568666,29.75508125960617,28.305293004026744,32.12810659572111
2016-12-01,Rangamati,2014,28.21,27.49,27.360858894239968,26.93402113753317,26.638853,27.020005111235665,27.262078793233545,27.298115006934708,26.916261999963844,25.44946610751729,29.272251680962647
2017-01-01,Rangamati,2014,27.83,26.98,26.78000069135566,25.93051419477214,26.06806,26.51150877178268,26.665918897856393,26.7172568040504,26.413650176813498,24.867110491474396,28.692890891236924
2017-02-01,Rangamati,2014,30.6,28.94,29.90707757117509,29.239970223435108,28.519032,29.58679690799945,29.806723550015278,29.84433368386983,29.60604308107391,27.994023111053522,31.82013203129666
2017-03-01,Rangamati,2014,30.64,33.75,33.422304913191965,32.898167031692964,32.617176,33.11690144195386,33.36225611553505,33.359561025886705,33.153354445842815,31.509184075659203,35.33542575072473
2017-04-01,Rangamati,2014,31.92,37.32,34.53664827381788,34.004109273811835,34.039467,34.47237817597033,34.53601710498084,34.47390438651262,34.31881576538948,32.6235006192554,36.44979592838036
2017-05-01,Rangamati,2014,34.0,34.52,33.83631094049717,33.56581499486299,33.59218,33.94449452210225,33.90187802118575,33.77356705319191,33.69517300498103,31.923152468755323,35.74946941223902
2017-06-01,Rangamati,2014,31.66,32.46,32.595976742465105,32.199661796882665,32.05814,32.70481063121025,32.71516902161716,32.533232855159845,32.464350056277866,30.68281395015037,34.50913953477984
2017-07-01,Rangamati,2014,31.4,33.22,32.03800841730379,31.684986562421,31.706802,32.007968445487016,32.17790870799974,31.975264529998533,31.90360127423471,30.12484400531703,33.951172829290556
2017-08-01,Rangamati,2014,32.68,31.89,32.41287100620256,32.173568960998935,32.109283,32.123421403765455,32.531383480981205,32.3501271188973,32.21935301220451,30.499706252540374,34.326035759864745
2017-09-01,Rangamati,2014,32.48,32.27,32.78281647873339,32.39691463895013,32.09515,32.305949929334794,32.847620270275776,32.72007259142813,32.494796870969196,30.869652361226958,34.69598059623982
2017-10-01,Rangamati,2014,31.59,32.51,32.469143734630876,32.153251482518705,31.690989,31.875766541272245,32.46908499642338,32.406399847325616,32.08270400123164,30.555981789983708,34.38230567927804
2017-11-01,Rangamati,2014,30.31,30.49,30.255185708568074,29.948141745458585,29.291243,29.610301332652696,30.196965968084054,30.192441821262815,29.802659028515716,28.34202938237718,32.168342034758965
2017-12-01,Rangamati,2014,27.58,27.49,27.39934653569694,26.85649479678152,26.4357,26.756090065470985,27.300485825106932,27.33660264839168,26.951362015067915,25.4862042095072,29.312488861886678
2018-01-01,Rangamati,2017,24.97,27.83,26.84400721622938,26.94133942229963,27.464664,27.010184980233074,26.762292555168006,26.406331710352838,26.62646972874115,25.081972024503944,28.606042407954813
2018-02-01,Rangamati,2017,29.58,30.6,29.845984014481594,29.93436149507491,30.63686,30.239280522796584,29.655545372065365,29.780235643297722,29.68356035621746,27.999583974521865,31.692384054441323
2018-03-01,Rangamati,2017,33.11,30.64,33.27720149541272,32.61558059413554,32.914375,32.87877033231427,33.21413439090469,33.08128502154721,33.49112698164599,31.39800199842198,35.15640099240346
2018-04-01,Rangamati,2017,33.7,31.92,34.291972550377096,34.16825651585178,34.180367,33.791393497421254,34.27495446690812,34.033255877718176,34.17905291797457,32.39976712171099,36.184177979043206
2018-05-01,Rangamati,2017,32.17,34.0,33.840003137523205,33.295035847468405,33.050045,33.05955395392523,33.893039398350076,33.701462571555645,33.697301242925604,31.942602191839867,35.73740408320654
2018-06-01,Rangamati,2017,31.79,31.66,32.477038313488414,32.210748970543236,32.202,32.147160660367156,32.6188978498019,32.42974322740262,32.54591865576755,30.577555986051472,34.37652064092536
2018-07-01,Rangamati,2017,31.91,31.4,31.85715094790007,31.86978595415078,31.760471,31.736922954802715,31.99653852814515,31.874038988949312,31.75110700084122,29.95683409978989,33.75746779601025
2018-08-01,Rangamati,2017,32.96,32.68,32.32136079103796,32.13842073675735,32.131023,31.976001609797528,32.43906137610024,32.35973203734605,32.04519374388041,30.42070984909334,34.22201173298258
2018-09-01,Rangamati,2017,33.2,32.48,32.71260436842304,32.48210718977657,32.17426,32.29567369075794,32.770432318105556,32.72453949445944,32.54172746009049,30.811821288295874,34.6133874485502
2018-10-01,Rangamati,2017,30.23,31.59,32.43660050869012,32.15319741451215,31.618364,31.8436853563206,32.42875996667285,32.44029358267808,32.19038320260742,30.535769253422114,34.33743176395812
2018-11-01,Rangamati,2017,29.43,30.31,30.19284919874068,30.085505780176483,29.767914,29.492667000868604,30.16691766147573,30.20416937620636,29.70841697157488,28.292010721400445,32.09368767608092
2018-12-01,Rangamati,2017,26.45,27.58,27.351012048607632,27.10327694632819,26.783905,26.888593717253585,27.275037185837352,27.316850376611516,27.00647072338719,25.45020085491081,29.251823242304454
2019-01-01,Rangamati,2017,27.25,27.83,26.80860596841367,26.222009097104987,26.352776,26.119979498076287,26.70615607029367,26.75555055907162,26.418871791161084,24.90770108240013,28.709510854427208
2019-02-01,Rangamati,2017,29.09,30.6,29.83633015638188,29.516979359750927,30.25061,29.12029979045524,29.751641655350156,29.82280354907707,29.466175707667094,27.93537205473913,31.73728825802463
2019-03-01,Rangamati,2017,32.0,30.64,33.283860284846085,33.13320120632834,33.106247,32.661647695295585,33.24321627343879,33.25373925083484,33.04885540429142,31.382880830782913,35.18483973890926
2019-04-01,Rangamati,2017,34.72,31.92,34.30896646397154,34.05345024418739,33.90814,33.585372133022744,34.335210255951864,34.32525155933539,34.031185620018995,32.40797845935503,36.209954468588045
2019-05-01,Rangamati,2017,34.64,34.0,33.863545025087426,33.630777123719376,33.073265,33.448581633588006,33.962073957091576,33.851350823737214,33.662267445085966,31.96255363892479,35.76453641125006
2019-06-01,Rangamati,2017,33.58,31.66,32.5047287688338,32.21292625224161,32.057484,32.05828823707218,32.65576551225484,32.56576982221834,32.35713234240047,30.60373615154898,34.40572138611862
2019-07-01,Rangamati,2017,31.35,31.4,31.887469791005447,31.667048171414624,31.809885,31.42244799549644,32.05865215796484,31.972535781691864,31.754976535851654,29.986476994049177,33.78846258796172
2019-08-01,Rangamati,2017,32.98,32.68,32.35334488889661,32.23895728797372,32.137333,31.915071093114634,32.49585823857598,32.438410879583024,32.1584660581697,30.452352803334364,34.25433697445885
2019-09-01,Rangamati,2017,33.12,32.48,32.745643513575516,32.48868734410902,32.049164,32.23239590692153,32.82624595106412,32.775887726173124,32.46853262321151,30.844653665505508,34.64663336164552
2019-10-01,Rangamati,2017,32.36,31.59,32.47030809498652,32.160596184,31.620192,31.861434747554213,32.482717530841576,32.50055230758413,32.13166462701453,30.56932400783346,34.371292182139584
2019-11-01,Rangamati,2017,30.46,30.31,30.2269802860171,29.961326777516096,29.274664,29.591172392068554,30.182066330681113,30.253011508211532,29.77548956548939,28.32601062580572,32.12794994622848
2019-12-01,Rangamati,2017,26.1,27.58,27.385411451324686,26.97229921313646,26.570766,26.75041601295492,27.302453751424117,27.43546759219454,26.948216748018254,25.484477762851046,29.286345139798325
2020-01-01,Rangamati,2017,25.25,27.83,26.843175366429623,25.989754051673906,25.88744,25.970798050957264,26.747427057592617,26.82691714158469,26.46164701669727,24.942224241304743,28.744126491554503
2020-02-01,Rangamati,2017,27.98,30.6,29.87100725748634,29.456658032344514,29.807554,28.995207799754905,29.790269900250177,29.86851354070997,29.530758609743753,27.970018412862615,31.771996102110066
2020-03-01,Rangamati,2017,33.0,30.64,33.31860562286855,32.989105206671404,32.836063,32.512664179308985,33.27972927251092,33.31611190609218,33.02112974533048,31.417601645835845,35.21960959990126
2020-04-01,Rangamati,2017,34.56,31.92,34.34375503452377,33.978094513198464,33.65602,33.44910042099655,34.36815529694437,34.36944838033871,34.06775453845308,32.44274500364593,36.2447650654016
2020-05-01,Rangamati,2017,33.55,34.0,33.898360986261686,33.53954106471618,32.997482,33.34563171388836,33.99369152775831,33.886166784911474,33.704284506522235,31.997348576022258,35.79937339650112
2020-06-01,Rangamati,2017,32.76,31.66,32.53956208375024,32.18608369043759,31.958376,32.01839629252401,32.691189459623686,32.60060313713478,32.365576854638725,30.638548844668012,34.44057532283247
2020-07-01,Rangamati,2017,32.11,31.4,31.92231410064728,31.64017509356613,31.821236,31.259190239744086,32.092400761851934,31.983355154031823,31.776312911455506,30.02130084336694,33.82332735792762
2020-08-01,Rangamati,2017,32.43,32.68,32.38819616441273,32.24796235070328,32.07541,31.8736568944815,32.53050533785036,32.47326215509915,32.1924674508204,30.487183683334173,34.28920864549129
2020-09-01,Rangamati,2017,33.03,32.48,32.780499202426476,32.47894012709194,32.04568,32.22354666550904,32.86180495909068,32.78671847027163,32.52332285572473,30.879488984833387,34.681509420019566
2020-10-01,Rangamati,2017,33.67,31.59,32.50516657997241,32.15537325807922,31.620192,31.8628712171476,32.517334679932766,32.511385847817564,32.153709456225414,30.604162133678006,34.40617102626682
2020-11-01,Rangamati,2017,30.27,30.31,30.261840542536493,29.931604325991177,29.26597,29.601517963975326,30.216305162819264,30.292182864379402,29.827014292984746,28.360850527221352,32.162830557851635
2020-12-01,Rangamati,2017,26.83,27.58,27.42027283022588,26.930985826485877,26.30892,26.700161236840355,27.337274440515078,27.470328971095736,26.965630515807018,25.519318787946055,29.321226872505704
2021-01-01,Rangamati,2020,27.89,25.25,26.63546858654121,26.104505336444063,26.548399,25.86552744887349,26.515052107008188,26.615161058686173,26.46406130757476,24.8776239669454,28.393313206137023
2021-02-01,Rangamati,2020,30.12,27.98,29.73220646495366,29.290021695540197,29.453352,29.107187597933184,29.6851837679096,29.652222783513306,29.380154093244325,27.889368086482495,31.575044843424823
2021-03-01,Rangamati,2020,34.94,33.0,33.22144594056034,33.42404084877096,33.29635,33.23549788247931,33.29936269696827,33.19844443549836,33.19278953480536,31.347755387882405,35.095136493238286
2021-04-01,Rangamati,2020,36.36,34.56,34.3041429087045,33.87554145450284,34.44756,34.648891561923506,34.26503206726343,34.278848543343166,34.213963354306415,32.419022942474804,36.189262874934194
2021-05-01,Rangamati,2020,35.69,33.55,33.8315445511926,33.62476482801015,33.544144,34.104028966017445,33.889376362381064,33.810012172101814,33.46219795472923,31.94216012996346,35.72092897242174
2021-06-01,Rangamati,2020,31.47,32.76,32.5388279286956,32.30156581489136,32.191444,32.62639739511342,32.710671303374944,32.56909117752664,32.53309047997046,30.6478482723597,34.42980758503151
2021-07-01,Rangamati,2020,32.02,32.11,31.902856781021722,31.646399286783844,31.952724,31.90525478161829,32.09062409935894,31.989900707141526,31.891873490360695,30.011279943183816,33.79443361885963
2021-08-01,Rangamati,2020,31.47,32.43,32.40718627852279,32.21626403406305,32.193848,32.850805744894814,32.578377759340285,32.47339616102058,32.49837096977152,30.515386174848757,34.29898638219683
2021-09-01,Rangamati,2020,33.54,33.03,32.79309564577271,32.67133230451261,32.161278,33.19576667465868,32.87472055807336,32.84235630305339,32.6132444077867,30.901213052740786,34.68497823880463
2021-10-01,Rangamati,2020,33.05,33.67,32.44820542392546,32.24812466482843,31.622467,32.312091587116456,32.46198779554321,32.51213387903982,32.04955771557521,30.556295008933933,34.34011583891698
2021-11-01,Rangamati,2020,30.33,30.27,30.226186478687932,29.865715297015555,29.703259,30.102137791511606,30.152744496257686,30.15745885129135,29.86056830072262,28.334273869748813,32.11809908762705
2021-12-01,Rangamati,2020,26.79,26.83,27.333205596049115,26.817812485916367,26.659073,26.812412881131294,27.24014339225531,27.284454960812614,26.898391684512323,25.4413141313202,29.22509706077803
2022-01-01,Rangamati,2020,25.93,25.25,26.771608466262425,25.922611468209958,25.877293,26.17005736137885,26.67338422229277,26.703695656711663,26.454562976916016,24.879421849305828,28.66379508321902
2022-02-01,Rangamati,2020,28.52,27.98,29.82822277399491,29.46540672379256,29.223463,29.654140662119136,29.745837040849946,29.831910729434,29.4909488792515,27.935975734696775,31.720469813293043
2022-03-01,Rangamati,2020,34.45,33.0,33.29290242380705,33.10079490268545,33.081867,33.3205259100176,33.25289993030912,33.26430655344632,32.956118375400614,31.400632749633065,35.18517209798103
2022-04-01,Rangamati,2020,34.82,34.56,34.360566207395685,34.081651639350596,33.844494,34.411903163274864,34.398725647371016,34.36696251966227,34.0985304877553,32.46828806116285,36.25284435362852
2022-05-01,Rangamati,2020,32.6,33.55,33.87876596711104,33.496852839036556,33.097054,33.74437961508424,34.005082600698806,33.90470423586195,33.78651671058268,31.986484669406508,35.77104726481558
2022-06-01,Rangamati,2020,31.79,32.76,32.58041682901161,32.23837737388603,32.155212,32.56662643770902,32.769808433968734,32.65273663463371,32.49345735846255,30.68813441129401,34.47269924672921
2022-07-01,Rangamati,2020,33.68,32.11,31.94099799212073,31.64397245237676,31.870508,32.03439727680262,32.151163808815234,31.981627114526976,31.882319815362212,30.048715316918088,33.83328066732337
2022-08-01,Rangamati,2020,33.55,32.43,32.44321714288226,32.3014342337063,32.14805,32.64677404952138,32.621855047470454,32.46430429390303,32.32173081036102,30.550934803992096,34.33549948177243
2022-09-01,Rangamati,2020,32.9,33.03,32.82783475699528,32.664911467068464,32.09325,32.8697473348656,32.938016185404805,32.81131144049271,32.659334070991235,30.935553699216445,34.72011581477411
2022-10-01,Rangamati,2020,32.85,33.67,32.48215384699456,32.19580520469443,31.641485,32.05716109216947,32.512428295398266,32.488095595613636,32.19959163895807,30.5898763521936,34.374431341795514
2022-11-01,Rangamati,2020,31.37,30.27,30.259650917829926,29.796027316851763,29.460985,29.8254677726668,30.221408381228926,30.260770900281127,29.857480387387785,28.36738298649411,32.15191884916574
2022-12-01,Rangamati,2020,28.21,26.83,27.366373786359425,26.76827185269117,26.41518,26.738498468679825,27.283004963439197,27.401070354163046,26.90049018933648,25.474131400346813,29.258616172372037
2023-01-01,Rangamati,2020,27.56,25.25,26.80459532127344,25.87626067805398,25.946165,26.254605571838333,26.704715836899606,26.793642751729124,26.427219280596372,24.912115807831704,28.697074834715174
2023-02-01,Rangamati,2020,30.7,27.98,29.861098632818752,29.44227151702328,28.730501,29.622321792848325,29.778271090407088,29.83951702029138,29.533366991330443,27.968570014739317,31.753627250898187
2023-03-01,Rangamati,2020,32.84,33.0,33.32571034134415,33.12562824575467,32.810646,33.0972857710828,33.29287610335812,33.32238403708723,33.03255137717538,31.433163328648064,35.21825735404023
2023-04-01,Rangamati,2020,35.75,34.56,34.39333253775252,33.98562053889559,34.105118,34.160806499259394,34.43517732605717,34.397842936706674,34.140345541247584,32.50077864167969,36.285886433825354
2023-05-01,Rangamati,2020,34.84,33.55,33.911506841759795,33.49051820349358,33.603012,33.658973658762434,34.03540906079674,33.935559197198266,33.77259521078933,32.01895038944357,35.80406329407602
2023-06-01,Rangamati,2020,33.19,32.76,32.613142122102055,32.253520065392564,32.146954,32.521869960822855,32.80147112887614,32.685461927724155,32.51058582028523,30.72058477277894,34.50569947142517
2023-07-01,Rangamati,2020,33.89,32.11,31.97371374766626,31.631405287569773,31.83192,31.949006073900943,32.18406210727901,32.047919459150215,31.90881863979732,30.0811562243887,33.86627127094382
2023-08-01,Rangamati,2020,30.62,32.43,32.47592706045181,32.328786815025175,32.133167,32.39500445508415,32.65637650871,32.52870489841372,32.383524910964866,30.583369904720463,34.368484216183155
2023-09-01,Rangamati,2020,33.62,33.03,32.860541101112354,32.66574608515742,32.083256,32.622771528670214,32.972374157656596,32.87570846037506,32.67211872409328,30.967985238027026,34.75309696419768
2023-10-01,Rangamati,2020,31.98,33.67,32.51485800378461,32.18202167412427,31.657818,31.92053384150178,32.54652937094341,32.489109072913124,32.21791185214649,30.622305707551238,34.407410300017986
2023-11-01,Rangamati,2020,30.44,30.27,30.292353735746854,29.757929857538965,29.467644,29.712396249777477,30.255127473545894,30.283654959382527,29.895628825797793,28.399811003235342,32.184896468258366
2023-12-01,Rangamati,2020,27.45,26.83,27.399075784745833,26.748751977499584,26.467928,26.686287195341308,27.315902400159814,27.408502792033573,26.942945519999263,25.506558594464714,29.29159297502695
2012-01-01,Rangpur,2011,21.97,20.98,22.31907151836666,22.700702018182152,24.161777,21.414799349233643,22.5032540619778,22.340692615245903,22.146399633765803,20.18224330559077,24.455899731142548
2012-02-01,Rangpur,2011,26.5,26.8,26.115467478989075,26.23390516690833,26.433846,25.06243939995883,26.105803757303494,26.037521069405983,25.811268176939354,23.83732803464564,28.39360692333251
2012-03-01,Rangpur,2011,30.79,29.88,30.178959743558046,30.765829381913164,30.663752,30.26037177408236,30.497530915042486,30.175706933690783,30.365613090734527,27.87389242030031,32.484027066815784
2012-04-01,Rangpur,2011,31.38,31.58,31.350046314592174,32.12390763673523,31.583511,32.59036019067335,31.625680586440026,31.349985355804375,31.363068453925198,29.035702072509583,33.66439055667477
2012-05-01,Rangpur,2011,33.27,31.73,31.946083083504558,31.978804996406208,31.544426,32.435058655583155,31.94375466738377,31.897195763641715,31.782344192518213,29.626346613831778,34.26581955317734
2012-06-01,Rangpur,2011,31.91,32.76,31.769617371457585,31.949312559596585,31.78047,32.66654744864747,31.876349744220263,31.76355955955661,31.907653016079866,29.445655508689537,34.09357923422563
2012-07-01,Rangpur,2011,31.69,32.25,31.87580750362153,31.795570676615146,31.842018,32.376241203887965,31.63314336671589,31.861191240522515,31.449301516137286,29.548091515908954,34.2035234913341
2012-08-01,Rangpur,2011,32.76,32.21,32.2307156587708,32.37552860588187,31.80464,33.36017077910211,32.54466704367851,32.21609939567178,32.410307185112906,29.899508774944806,34.56192254259679
2012-09-01,Rangpur,2011,31.98,32.57,31.786836293870625,31.79408131002565,31.326147,32.50309612318374,31.97194957488576,31.77222003077161,31.671744484437,29.452332149606352,34.1213404381349
2012-10-01,Rangpur,2011,31.24,32.24,30.623112786929156,30.71053734719166,30.260233,31.47555575613334,30.5771648834112,30.60849652383014,30.3967454365571,28.28547779002627,32.96074778383204
2012-11-01,Rangpur,2011,28.38,28.04,28.517762663219454,28.17472720835007,28.280272,28.94841047128598,28.436348614183025,28.410447778556826,28.3069530831471,26.17714955620714,30.858375770231767
2012-12-01,Rangpur,2011,22.73,23.29,25.146214776449504,24.53655376559983,24.91724,24.590279886474207,24.915156863884082,25.038899891786876,25.048874754427604,22.802767814849965,27.489661738049044
2013-01-01,Rangpur,2011,22.52,20.98,22.664499786189975,22.928244008678078,23.901518,21.99688323496981,22.795970481383403,22.64988352309096,22.40937667138644,20.320244422887164,25.008755149492785
2013-02-01,Rangpur,2011,27.27,26.8,26.336455993303872,26.496378423075768,26.509869,25.363933556093357,26.543998203315937,26.321839730204857,26.16583184393899,23.990430291946133,28.68248169466161
2013-03-01,Rangpur,2011,31.59,29.88,30.16047193767486,30.646218955500526,30.895777,30.033168851282706,30.39359034492134,30.145855674575845,29.906168739576565,27.81236150776057,32.50858236758915
2013-04-01,Rangpur,2011,31.23,31.58,31.357456977614397,32.16017107612355,32.12662,32.23366309002376,31.42677651464334,31.342840714515383,31.0039939203868,29.007226163240606,33.70768779198819
2013-05-01,Rangpur,2011,31.08,31.73,31.887038468235154,32.00454483876773,31.793877,32.78053196677879,31.78476927338218,31.87242220513614,31.69472805050119,29.534744551649137,34.23933238482117
2013-06-01,Rangpur,2011,33.37,32.76,31.853779012528253,32.073892824829834,31.816383,32.7657558199913,31.82374860983483,31.83916274942924,31.542169164513304,29.499506157967,34.2080518670895
2013-07-01,Rangpur,2011,32.8,32.25,31.884070929143274,31.912398866439,31.75077,32.471481259924936,31.882016883365452,31.86945466604426,31.635002513463682,29.52790869341628,34.24023316487027
2013-08-01,Rangpur,2011,32.18,32.21,32.190899977799766,32.36296595705352,31.90129,32.96245390424069,32.365480936891274,32.17628371470075,31.967345213783815,29.832936598267327,34.54886335733221
2013-09-01,Rangpur,2011,32.94,32.57,31.845139267946532,31.742359324290682,31.36481,32.3182302370416,31.97909050381735,31.830523004847517,31.603391858617048,29.485459686323974,34.20481884956909
2013-10-01,Rangpur,2011,30.05,32.24,30.78325127174611,30.926619512508346,30.558363,31.516596494991056,30.81564578410074,30.768635008647095,30.4718447052768,28.421936663292037,33.14456588020018
2013-11-01,Rangpur,2011,28.63,28.04,28.423312337928017,28.315796493652645,28.33261,29.062917784640177,28.431749516930935,28.408696074829002,28.093629380972885,26.06044016908123,30.786184506774806
2013-12-01,Rangpur,2011,24.36,23.29,24.884352786460834,24.739483690920153,25.140884,24.94191048694379,24.85679418347813,24.86973652336182,24.550080536704005,22.519997492400172,27.248708080521496
2014-01-01,Rangpur,2011,22.22,20.98,22.586902109950497,23.021300180526563,24.008018,22.16497479167629,22.70043863874717,22.572285846851482,22.29261971984286,20.2039238326576,24.969880387243393
2014-02-01,Rangpur,2011,24.36,26.8,26.274367027914316,26.390973974195486,26.538065,25.392682599034554,26.491744911847952,26.2597507648153,26.047042413342172,23.88605368130688,28.662680374521752
2014-03-01,Rangpur,2011,30.44,29.88,30.127885858309394,30.647808505689614,30.89673,29.986982567585603,30.306494189616743,30.11326959521038,29.827621156993228,27.736881374593672,32.51889034202512
2014-04-01,Rangpur,2011,34.29,31.58,31.322063785980202,32.20416657005082,32.046406,32.27624351884017,31.334461351017946,31.307447522881187,31.04699562189543,28.929092171888833,33.71503540007157
2014-05-01,Rangpur,2011,33.28,31.73,31.860071458150326,32.02409272236847,31.793877,32.7289766908971,31.75360794717072,31.84545519505131,31.569519764703674,29.465397714969104,34.25474520133155
2014-06-01,Rangpur,2011,32.64,32.76,31.80970996615947,32.05510424589491,31.816383,32.66530350113126,31.77917059249117,31.795093703060456,31.48525569317052,29.413467203486746,34.205952728832195
2014-07-01,Rangpur,2011,33.2,32.25,31.849561747463014,31.870683108655733,31.75077,32.32447859939436,31.918994970208967,31.834945484364,31.578971508011833,29.45184059446903,34.247282900456995
2014-08-01,Rangpur,2011,32.04,32.21,32.16255689359622,32.39247910993462,31.90129,32.79789320827189,32.3068730597014,32.1479406304972,31.92442653578142,29.763432398368735,34.5616813888237
2014-09-01,Rangpur,2011,31.44,32.57,31.805159493787375,31.753437499589257,31.36481,32.227854179897626,31.935211323826604,31.79054323068836,31.563592207654267,29.40469958619429,34.20561940138046
2014-10-01,Rangpur,2011,31.49,32.24,30.731175150329587,30.975113128240356,30.664288,31.483604505221503,30.790922004030005,30.716558887230573,30.401204115580942,28.329443422792906,33.13290687786627
2014-11-01,Rangpur,2011,29.36,28.04,28.40251722045778,28.37869579451504,28.346495,29.079814030717053,28.41117000933564,28.387900957358767,28.078803336982634,25.99957398757722,30.80546045333834
2014-12-01,Rangpur,2011,24.14,23.29,24.88422046172253,24.804071195507525,25.081062,25.067745411434828,24.888762643751722,24.869604198623517,24.53663461901678,22.480123754857413,27.28831716858765
2015-01-01,Rangpur,2014,22.4,22.22,22.506623577899106,23.155466980592397,23.532694,22.89949902094115,22.494852432224015,22.765280824727185,23.446993219175134,20.383568834275113,24.629678321523098
2015-02-01,Rangpur,2014,26.49,24.36,26.49108799967416,26.412950881884207,25.915165,25.24916879122155,26.481970930954763,26.393752824994404,26.990125961328534,24.23577411046826,28.74640188888006
2015-03-01,Rangpur,2014,30.19,30.44,30.437536316707526,31.035869144638067,31.217913,30.716773648858872,30.47860702507634,30.27410918731967,30.550865954815052,28.159016757113616,32.71605587630144
2015-04-01,Rangpur,2014,30.24,34.29,31.433067123669016,32.42622302702033,32.712696,33.22960106285826,31.701242918079153,30.365910331982004,31.342971158444232,29.14721969612161,33.71891455121642
2015-05-01,Rangpur,2014,32.04,33.28,32.01382405762301,32.080375558570665,31.357578,32.2962628115719,32.02446998616368,32.125114765807254,31.9434054231623,29.723959869835003,34.30368824541102
2015-06-01,Rangpur,2014,31.62,32.64,32.094449874608095,32.15154224966811,32.053955,32.61228166105231,32.10956467025939,32.22627561971384,32.59293957611295,29.801529806715912,34.38736994250028
2015-07-01,Rangpur,2014,32.99,33.2,32.026678253793776,31.923907002423263,31.756767,31.986671889200707,31.987643988545823,32.16496748187548,31.83399790335465,29.731084564635346,34.322271942952206
2015-08-01,Rangpur,2014,31.92,32.04,32.337379273567684,32.38775439720751,32.029526,32.20675116072296,32.164984869731164,32.28786294588853,32.696261556953935,30.039324983065512,34.63543356406986
2015-09-01,Rangpur,2014,32.24,31.44,32.03958797579092,31.93075363609532,31.662754,32.223578550507845,32.127291491885785,31.97278688972277,32.41564156513215,29.73922983404418,34.339946117537664
2015-10-01,Rangpur,2014,32.26,31.49,30.83086495811716,30.967178360070537,30.973082,31.25169232745366,30.78183030087548,30.794732566574964,30.84130646810741,28.528337318030136,33.13339259820418
2015-11-01,Rangpur,2014,29.25,29.36,28.525154087835826,28.513763572742775,28.406075,28.62835221975104,28.507606588905897,28.45991540342001,28.236092739356852,26.220579617538103,30.82972855813355
2015-12-01,Rangpur,2014,24.41,24.14,24.777326237706095,24.64584766319476,25.154942,24.724950549696963,24.590168909965044,24.58044574811831,24.54652779778646,22.47082008955652,27.083832385855672
2016-01-01,Rangpur,2014,23.13,22.22,22.640939292346125,22.91102465108311,22.99255,23.063791332921348,22.578796299373714,22.788163822923785,22.22902241590284,20.33355664181788,24.948321942874372
2016-02-01,Rangpur,2014,27.88,24.36,26.289983035401928,26.454542669100082,26.252129,25.617223482455415,26.325526488612,26.434852005319225,26.371023728100695,23.981240930523047,28.59872514028081
2016-03-01,Rangpur,2014,31.2,30.44,30.414223636462463,30.7770689913695,30.765028,30.565036060322484,30.430830910846677,30.55909260637976,30.833729096886092,28.104008648720516,32.72443862420441
2016-04-01,Rangpur,2014,32.88,34.29,31.694014695181355,32.225474915583725,32.281742,32.39722909055004,31.732197804638947,31.49306690384339,31.587909515337657,29.382347264347473,34.00568212601524
2016-05-01,Rangpur,2014,31.26,33.28,32.104924470478934,32.06408807622681,31.962635,32.10026332770828,32.0317231757988,31.954969585234565,32.13490481977274,29.791865786303564,34.4179831546543
2016-06-01,Rangpur,2014,33.03,32.64,32.10968805861503,32.186188201136375,31.911507,32.09320618516459,32.02670876153315,32.027767866969405,32.012602653450344,29.79530911188298,34.42406700534708
2016-07-01,Rangpur,2014,31.93,33.2,32.107803576918236,32.08709308932452,31.778324,32.020516372364796,32.05610739890385,32.01679660502254,32.21678514754088,29.792175515625715,34.42343163821076
2016-08-01,Rangpur,2014,33.94,32.04,32.26562987109738,32.516891056719565,32.0449,32.117536143944456,32.2005929525094,32.373586742487724,32.405325724691835,29.94882115515076,34.582438587044
2016-09-01,Rangpur,2014,32.32,31.44,31.937024533064275,31.877521598860856,31.521513,31.819467816996134,31.932530430567976,32.008851303965955,31.875458639583005,29.619100208204518,34.254948857924035
2016-10-01,Rangpur,2014,32.09,31.49,30.860445823911565,31.037622037795387,30.889904,30.99688166385565,30.771441445399887,30.95648850167169,30.585833246289052,28.54146745393106,33.17942419389207
2016-11-01,Rangpur,2014,29.85,29.36,28.57381187798893,28.45351516845705,28.443008,28.45919165563422,28.467231024775618,28.669854555749055,28.32688771515439,26.253837727598047,30.893786028379814
2016-12-01,Rangpur,2014,27.01,24.14,24.6730195838445,24.69779595723565,25.073303,24.874070022507006,24.574689016230575,24.613444972359495,24.443403286737365,22.35210530264671,26.99393386504229
2017-01-01,Rangpur,2014,25.27,22.22,22.589840629093594,22.879750583635595,23.703114,23.183380417520947,22.550558276223143,22.692483925216145,22.578399302057473,20.254317569298216,24.92536368888897
2017-02-01,Rangpur,2014,27.64,24.36,26.274578428739986,26.37691783926061,26.453575,25.56899266577035,26.31492556757139,26.30781329693862,26.518337816137517,23.935274838264036,28.613882019215936
2017-03-01,Rangpur,2014,27.99,30.44,30.38091951185452,30.758503749457223,30.963737,30.295501460358313,30.408996347413737,30.38272202336775,30.522799897635938,28.039855519533354,32.72198350417568
2017-04-01,Rangpur,2014,30.37,34.29,31.631678450996976,32.25429261684755,32.276703,32.246920385581944,31.611445088619764,31.776547420914273,31.57570466638019,29.289381750115975,33.97397515187798
2017-05-01,Rangpur,2014,32.35,33.28,32.060943023461974,32.12048511922837,31.704865,31.87896350754347,31.97380709746343,32.040527782563245,31.87433903040613,29.717601767106295,34.40428427981765
2017-06-01,Rangpur,2014,33.42,32.64,32.074232897251704,32.184285642555224,31.901121,32.00205791166858,31.98106638547218,32.15903087565289,31.950626843367854,29.72994057843107,34.41852521607234
2017-07-01,Rangpur,2014,32.37,33.2,32.066060490356094,32.06310204450239,31.829765,31.896801766783298,32.01782046311993,32.14209524487079,32.09490582746599,29.72088053027356,34.411240450438626
2017-08-01,Rangpur,2014,32.75,32.04,32.240419249115654,32.538200217866454,32.046783,31.904839031354435,32.20600991374547,32.12756993907518,32.359189119587676,29.894403965602265,34.58643453262904
2017-09-01,Rangpur,2014,32.91,31.44,31.915588408123043,31.87151169263383,31.626057,31.632235530915878,31.880739821323385,32.02071785868266,31.84454284195942,29.5687848857969,34.26239193044918
2017-10-01,Rangpur,2014,31.36,31.49,30.825757322044545,31.058031715406734,30.813425,30.88016063149544,30.736934949876986,30.90179207655924,30.567182751400058,28.478209333885474,33.17330531020362
2017-11-01,Rangpur,2014,29.18,29.36,28.537659161623537,28.460359079694804,28.369392,28.45122236614267,28.41786702523464,28.62245714002472,28.25670797217646,26.18940793184505,30.885910391402025
2017-12-01,Rangpur,2014,26.69,24.14,24.653347587509156,24.713398541201364,25.14097,25.004021218175914,24.560418824741287,24.74062702648163,24.403898384767395,22.304432640296362,27.00226253472195
2018-01-01,Rangpur,2017,21.41,25.27,23.578752397154872,24.04128778155575,23.986515,24.00204146995191,23.570899148747714,23.520539036547248,23.79610279125682,21.464360734154397,25.693144060155348
2018-02-01,Rangpur,2017,26.75,27.64,27.025617598761812,25.947152047423497,26.06914,24.779168125611154,26.961749938638075,26.921076036264196,27.202872778464613,24.77628143334062,29.274953764183003
2018-03-01,Rangpur,2017,30.99,27.99,31.002355016714603,29.949569094143012,29.058031,28.708787073190784,30.527229121677102,30.759115092402965,30.211229831000665,28.728476469302258,33.27623356412695
2018-04-01,Rangpur,2017,30.6,30.37,32.156093460427776,32.02775375292968,31.289774,31.45532569320827,32.04440678900348,32.214777936147705,31.803383661648663,29.874082951145176,34.438103969710376
2018-05-01,Rangpur,2017,31.1,32.35,32.44471801994723,32.34993010518289,32.24822,32.56950121465424,32.46701203577195,32.56289214818162,32.68830380457297,30.15803241349509,34.73140362639938
2018-06-01,Rangpur,2017,33.35,33.42,32.54545747990562,32.167459013457744,31.922821,32.15891116105643,32.55863570232157,32.50204325224115,32.62474270463827,30.25506988212763,34.835845077683615
2018-07-01,Rangpur,2017,33.32,32.37,32.56742697375066,32.296610984446275,31.909702,32.267011032965925,32.69738535864759,32.5921841746027,32.66530938777422,30.27368704157722,34.86116690592411
2018-08-01,Rangpur,2017,33.59,32.75,32.79195977555411,32.52298390906639,31.698103,32.20065077100134,32.939251759066686,32.80697635927992,32.77115080984721,30.49503491002492,35.088884641083304
2018-09-01,Rangpur,2017,32.99,32.91,32.378423648151276,32.110756680501375,31.832422,31.939936147595514,32.56184148230401,32.41691543367755,32.41204891183357,30.078423595674487,34.678423700628066
2018-10-01,Rangpur,2017,30.82,31.36,31.478452552374318,31.25211058965161,31.030138,31.093383246942594,31.55406352309949,31.520922761674836,31.613072660069523,29.175467369087947,33.78143773566069
2018-11-01,Rangpur,2017,29.25,29.18,29.13252771661587,29.022616247410344,28.65239,29.6356712056301,29.177910080188358,29.15059818529494,28.869728643590427,26.826639719916137,31.4384157133156
2018-12-01,Rangpur,2017,25.68,26.69,25.23525519836687,25.550080568043168,25.546078,26.402566983681613,25.412149149081166,25.208801211602914,24.822868111395664,22.92654316232297,27.543967234410765
2019-01-01,Rangpur,2017,25.71,25.27,23.256819797068832,23.063539833383032,24.03534,23.768892826528386,23.34717614208911,23.254282391950486,23.16661865256299,20.947094714654458,25.566544879483207
2019-02-01,Rangpur,2017,26.35,27.64,26.90358071233248,25.882166817669297,26.597254,24.759032726544422,26.99640530499711,26.95597996021723,26.903857627131657,24.591893358614193,29.21526806605077
2019-03-01,Rangpur,2017,30.14,27.99,30.589139280054546,30.262965701174124,30.168768,29.012545787212154,30.572097730202486,30.641538527939296,30.420483770472696,28.275164442586746,32.90311411752235
2019-04-01,Rangpur,2017,31.08,30.37,31.90890409032806,32.109247080960195,31.776,31.685388792970464,31.828604363881656,31.99486839751705,31.827446985502778,29.592575679903565,34.22523250075256
2019-05-01,Rangpur,2017,32.06,32.35,32.391800752225166,32.19065840483546,32.01238,32.18864584309666,32.305617010490636,32.45752369457746,32.26591829321834,30.0731402199246,34.710461284525735
2019-06-01,Rangpur,2017,33.74,33.42,32.60137880819066,32.19990279937723,31.804356,31.98472254822035,32.54623206345533,32.61797006094976,32.506711885923345,30.280434854564966,34.92232276181635
2019-07-01,Rangpur,2017,32.82,32.37,32.50856275519342,32.26209302098485,31.87425,32.00895382675006,32.60691103738804,32.525154007952516,32.41414244813472,30.185391639008014,34.831733871378816
2019-08-01,Rangpur,2017,34.17,32.75,32.75065696892297,32.53972315004196,31.914654,31.878620649988527,32.88333553805114,32.73833686114257,32.88157211299532,30.425316234824564,35.07599770302137
2019-09-01,Rangpur,2017,31.59,32.91,32.399771153394006,32.04314129972165,31.75535,31.74708601206219,32.543488593910226,32.38745104561361,32.314056490734544,30.072317669390333,34.72722463739768
2019-10-01,Rangpur,2017,30.69,31.36,31.429700800577262,31.238237939730062,30.844845,31.13306031792294,31.518467481927573,31.44453136565731,31.07922297032941,29.100190169311777,33.75921143184274
2019-11-01,Rangpur,2017,29.94,29.18,29.1021201189625,28.8756631680889,28.484428,29.592092664336583,29.11247252687315,29.101089892724428,28.723799534471116,26.770606552997737,31.433633684927262
2019-12-01,Rangpur,2017,23.55,26.69,25.35777651702732,25.100296738301346,25.114399,26.263819458917677,25.407792740273,25.365361917742792,24.98959664083243,23.024313140921763,27.69123989313288
2020-01-01,Rangpur,2017,22.5,25.27,23.256846509830034,22.783387111916376,23.730928,23.735214245212084,23.352042337900038,23.306708656207597,23.073520263454242,20.906160177838263,25.607532841821804
2020-02-01,Rangpur,2017,26.05,27.64,26.882262133406847,25.982017844276584,26.561571,24.879439601171644,27.021366348229954,26.934661381291598,26.932600315888838,24.526008990895964,29.23851527591773
2020-03-01,Rangpur,2017,29.87,27.99,30.599717232540677,30.38185651926572,30.728355,29.134741776513263,30.663248759082244,30.685681539729664,30.522287689585642,28.240324205359354,32.959110259722
2020-04-01,Rangpur,2017,31.39,30.37,31.90180041567713,32.08611189042552,31.969412,31.590703382506614,31.816283034493086,31.95419966356188,31.744832003533176,29.53994292327706,34.2636579080772
2020-05-01,Rangpur,2017,31.58,32.35,32.36394868127894,32.158793079498686,32.020782,31.97058663595913,32.228977601122004,32.39786724828076,32.18602570175514,29.99986620388759,34.72803115867029
2020-06-01,Rangpur,2017,32.94,33.42,32.56203767172379,32.23544583807113,31.959555,31.829936138274878,32.5076616301803,32.57862892448289,32.32187284891087,30.19584281659289,34.92823252685469
2020-07-01,Rangpur,2017,32.0,32.37,32.48197569568867,32.250354520211765,31.756802,31.850363791104957,32.564597596595604,32.46965558790827,32.408518859162285,30.11374108673311,34.85021030464423
2020-08-01,Rangpur,2017,34.12,32.75,32.72246989751511,32.52703051507326,31.99715,31.799034889780312,32.86530037770953,32.73906115027421,32.72587917889874,30.352254606094924,35.0926851889353
2020-09-01,Rangpur,2017,31.49,32.91,32.365091261619696,32.02602239576909,31.62982,31.600776922409953,32.50291405988731,32.37992182669974,32.23339273378161,29.992949097742606,34.73723342549679
2020-10-01,Rangpur,2017,33.1,31.36,31.402918024739787,31.19188031435332,30.844845,31.03541680958537,31.486467617941774,31.417748589819833,31.040701677512377,29.028900185674892,33.77693586380468
2020-11-01,Rangpur,2017,29.48,29.18,29.073640901331277,28.779197619192047,28.443369,29.45442268923175,29.07860319753961,29.081226302046748,28.71813009627391,26.697796872745606,31.44948492991695
2020-12-01,Rangpur,2017,25.14,26.69,25.31300432780258,24.917276763805436,25.086039,26.14245916227726,25.327126979919708,25.31197410156451,24.93877443078355,22.93538252137984,27.690626134225322
2021-01-01,Rangpur,2020,22.67,22.5,23.184371469681825,23.229966534272897,23.52623,22.785574429862358,23.483186667173303,23.21965558654603,23.118882608252548,21.070702744728326,25.298040194635323
2021-02-01,Rangpur,2020,28.12,26.05,26.750693856091246,25.57197228353895,26.387505,25.366180999451068,26.648674217233026,26.69999667099212,26.54178113139473,24.516803281820277,28.984584430362215
2021-03-01,Rangpur,2020,31.26,29.87,30.49452933905704,29.91420338498648,29.945965,29.14820728845722,30.651021952173036,30.500136711206864,30.467390897060564,28.24029658964979,32.74876208846429
2021-04-01,Rangpur,2020,33.34,31.39,31.630669599956917,31.773864450816653,31.324635,31.630183791747438,31.60467278521219,31.54992812741463,31.751545543254505,29.369731197075275,33.89160800283856
2021-05-01,Rangpur,2020,31.82,31.58,32.17455706378502,31.905819690969963,31.49044,32.7764862652546,32.19217957529115,32.206940364149034,32.20164310189475,29.90964142534302,34.439472702227015
2021-06-01,Rangpur,2020,32.7,32.94,32.68171376898121,32.21858308040072,32.065838,32.843411666021524,32.82009844499909,32.68048007670026,32.46969863245378,30.41356882421652,34.949858713745904
2021-07-01,Rangpur,2020,33.23,32.0,32.534858349479784,31.730884515169087,31.967394,32.1101157262981,32.505704579027544,32.53764389618491,32.89120682715888,30.263755378188698,34.80596132077087
2021-08-01,Rangpur,2020,33.01,34.12,32.848439197676555,32.59333450885825,32.15954,32.73113990442412,33.10342653735624,32.87689401737072,33.18682407709247,30.574516344924277,35.12236205042883
2021-09-01,Rangpur,2020,33.73,31.49,32.31176952486726,31.927430718347708,31.918217,32.432941262970616,32.28990081561028,32.20228143995496,32.394981897360665,30.035124536593848,34.58841451314067
2021-10-01,Rangpur,2020,32.38,33.1,31.203610974783317,31.33047992272064,30.952389,31.317616514765,31.3933314863638,31.21148060769798,30.76639751718414,28.924327952762802,33.48289399680383
2021-11-01,Rangpur,2020,29.56,29.48,29.10606782716405,29.099908454857758,28.798302,29.31361264577656,29.135535278049037,29.134522646858212,28.819141968855742,26.82422516697853,31.387910487349572
2021-12-01,Rangpur,2020,26.97,25.14,25.127831003121912,25.18408754240325,25.061283,25.57178998478348,25.07629918288295,25.135700636036574,24.6924772711185,22.843503940671575,27.41215806557225
2022-01-01,Rangpur,2020,23.49,22.5,23.13863804295421,22.837098989503872,23.040274,22.729840201410145,23.244388633732406,23.16709286264837,23.03444639432342,20.853220315400563,25.424055770507856
2022-02-01,Rangpur,2020,24.51,26.05,26.66369327166486,25.62953998546866,26.401993,25.610243181666043,26.682026857082366,26.671562904579524,26.526491089106436,24.37643381125513,28.950952732074594
2022-03-01,Rangpur,2020,32.22,29.87,30.404037616388564,30.191821961982175,30.5146,29.929231677057718,30.447299565113006,30.432492436082725,30.158359248040732,28.114716221841675,32.69335901093545
2022-04-01,Rangpur,2020,30.58,31.39,31.57835349383562,32.014523654943744,32.014206,31.748068871330148,31.545731587171012,31.606808313529783,31.52534585971137,29.28694487282603,33.869762114845216
2022-05-01,Rangpur,2020,32.09,31.58,32.08312099617205,31.903588699526455,31.61573,32.4160957373601,32.03625767234026,32.11157581586621,31.888407714474404,29.789660012661813,34.376581979682285
2022-06-01,Rangpur,2020,31.83,32.94,32.68247836863144,32.17742472862055,31.902472,32.30896885602121,32.70399091675625,32.710933188325605,32.47075405846255,30.387016810266648,34.97793992699624
2022-07-01,Rangpur,2020,34.75,32.0,32.44996347381722,31.96176686120385,31.826202,32.153138467067734,32.475258679269636,32.45783310673188,32.42976561012514,30.152556951510977,34.74736999612346
2022-08-01,Rangpur,2020,34.07,34.12,32.95920891439221,32.41502171086259,31.914003,32.45843302721378,33.09717414833533,32.98766373408637,32.87123671623316,30.65991298151254,35.25850484727187
2022-09-01,Rangpur,2020,32.82,31.49,32.196290224034044,31.807457328769043,31.667074,31.799473949537163,32.282451343562066,32.224745043728205,32.00203200983496,29.89515925823318,34.49742118983491
2022-10-01,Rangpur,2020,32.04,33.1,31.382461599839164,31.163315456322096,30.983185,31.277601785172692,31.455702156120903,31.410916419533326,31.012927994852607,29.079548507606017,33.68537469207231
2022-11-01,Rangpur,2020,30.09,29.48,29.12043604201906,28.937527208372313,28.57592,29.07894512344705,29.15614582476839,29.148890861713223,28.772100133583503,26.815792216592463,31.42507986744566
2022-12-01,Rangpur,2020,26.55,25.14,25.103294537846605,25.06916697370111,25.045578,25.33435175387669,25.113507837971916,25.131749357540766,24.73259772986897,22.796969998084002,27.409619077609207
2023-01-01,Rangpur,2020,23.94,22.5,23.117965957451606,22.80791433800365,23.542929,22.80303532370615,23.181735790422824,23.146420777145767,22.926601880099405,20.79411890569182,25.44181300921139
2023-02-01,Rangpur,2020,27.68,26.05,26.647715714086075,25.817490496336337,26.659412,25.803469842232374,26.70169170601952,26.676170533780237,26.43725243436095,24.318817218907625,28.976614209264525
2023-03-01,Rangpur,2020,30.71,29.87,30.388664199547694,30.376721963703815,30.915659,29.843769054423973,30.412567039757274,30.417119019241856,30.15175637819965,28.057042075610553,32.720286323484835
2023-04-01,Rangpur,2020,34.08,31.39,31.559072909744092,32.09174106118086,31.986324,31.79755138661079,31.524673179029765,31.587527729438253,31.392044160997404,29.22533026253188,33.89281555695631
2023-05-01,Rangpur,2020,34.01,31.58,32.06829303605362,31.90105466560319,31.77524,32.19701962644171,32.01449741263755,32.09674785574778,31.796494818464854,29.732635697842515,34.40395037426472
2023-06-01,Rangpur,2020,33.66,32.94,32.65789176382972,32.16529795985716,31.882362,32.29496585350717,32.657135771723176,32.68634658352388,32.39505793914533,30.320416939944867,34.99536658771457
2023-07-01,Rangpur,2020,33.99,32.0,32.434858624855266,31.975459709862815,31.804083,31.92626608457878,32.48811339266153,32.46331344454943,32.28153698029778,30.09563110070256,34.77408614900798
2023-08-01,Rangpur,2020,33.4,34.12,32.923145108895156,32.37147916915299,31.935352,32.341029098714856,33.03430984009419,32.95159992858932,32.756769806978156,30.5822190586469,35.26407115914341
2023-09-01,Rangpur,2020,33.86,31.49,32.184913165052784,31.757502842246286,31.667074,31.734705155398686,32.28509216664881,32.213367984746945,31.96472065344311,29.84233858678898,34.527487743316584
2023-10-01,Rangpur,2020,31.83,33.1,31.339444624281143,31.104855339437545,30.836214,31.143578487013684,31.402446230425927,31.367899443975304,30.96894051876213,28.995269278435877,33.68361997012641
2023-11-01,Rangpur,2020,30.98,29.48,29.095417171970247,28.824091391165478,28.469406,28.926101478263128,29.12644066949404,29.12387199166441,28.745467452378307,26.749687199832533,31.441147144107962
2023-12-01,Rangpur,2020,26.7,25.14,25.082684108783777,24.942543431837272,25.090494,25.257508056233938,25.107173811534626,25.11113892847794,24.720544576220657,22.735444369257543,27.42992384831001
2012-01-01,Sylhet,2011,24.79,24.08,26.32535251402299,27.14193860747124,27.242819,27.161456684427918,26.122408053797663,26.217840568954152,26.176399850612672,24.348934834211008,28.30177019383497
2012-02-01,Sylhet,2011,29.29,29.25,28.410049512096347,29.464018868604338,29.322973,29.1188869134068,28.46815733191555,28.588516174860896,28.43468857662401,26.396070532208878,30.424028491983815
2012-03-01,Sylhet,2011,32.35,31.37,31.41952460836964,32.428287436060636,31.342999,31.941171133383996,31.334137118220973,31.58433067631321,31.56393596346605,29.39020261306516,33.44884660367411
2012-04-01,Sylhet,2011,30.3,33.23,31.781141045257467,31.57879658158941,31.395155,31.639755680173135,31.735751406147028,31.760478193625826,31.619141402423786,29.75181904995299,33.81046304056194
2012-05-01,Sylhet,2011,32.95,31.75,32.0171860548432,31.70750478800045,31.72349,32.06283707019819,32.219210355386096,32.179432893055214,31.781800762354607,29.987864059538722,34.04650805014768
2012-06-01,Sylhet,2011,30.88,32.55,31.969219777789625,31.18923851687141,31.84165,31.580163952460826,31.93375011609711,32.08615620812467,32.08713871852227,29.939897782485147,33.998541773094104
2012-07-01,Sylhet,2011,33.12,32.49,32.155419875096946,32.136893144066676,31.967133,31.646047227863473,32.265785367940545,32.16770803013113,32.21417920991812,30.126097879792468,34.184741870401425
2012-08-01,Sylhet,2011,32.95,32.56,32.861030396787505,32.79028738853242,32.560543,32.52211750456957,32.829709782139155,32.831059508739095,32.85453926124077,30.831708401483027,34.890352392091984
2012-09-01,Sylhet,2011,32.55,33.64,32.40212079675404,32.248056328905676,31.750353,32.120660139598,32.28350742648907,32.21085032613484,32.179719925894986,30.372798801449562,34.43144279205852
2012-10-01,Sylhet,2011,31.84,33.49,31.908275214312045,32.23150398849422,31.354431,31.62629628962603,31.895648645328137,32.073167396066154,31.559837592311464,29.878953219007567,33.93759720961652
2012-11-01,Sylhet,2011,29.15,29.82,30.307925496841282,30.08796592850058,29.66954,29.481783589160326,30.095610872674396,30.26614110603413,29.924211171623924,28.27860678112409,32.337244212558474
2012-12-01,Sylhet,2011,24.7,27.71,27.488830040714472,27.245844263996236,27.081942,26.996211262906435,27.320786685262313,27.447390071621864,27.186734248628493,25.459519248744016,29.518140832684928
2013-01-01,Sylhet,2011,25.6,24.08,26.388842550999676,25.71105038646025,25.437626,26.1941445899977,26.216417885305805,26.330878106839215,26.010229532447724,24.345559595732603,28.43212550626675
2013-02-01,Sylhet,2011,31.24,29.25,28.617429298292492,28.758845608968496,28.27854,28.54670875282784,28.521167358397275,28.625265127922987,28.26757859953313,26.57360425729749,30.661254339287495
2013-03-01,Sylhet,2011,34.21,31.37,31.638184811577613,31.5226578312154,30.789364,30.316556996786844,31.639371472097384,31.53703765164357,31.337310700983693,29.59413544611162,33.682234177043604
2013-04-01,Sylhet,2011,32.98,33.23,31.818150592850113,32.184924036849694,30.81688,31.100543172641284,31.830704287047453,31.812133481608296,31.52874592503415,29.77410122738412,33.86219995831611
2013-05-01,Sylhet,2011,30.45,31.75,31.952166566155537,31.622046661032158,31.20847,31.06071788656121,32.054488640649225,31.984467731319054,31.755432046609968,29.908117200689542,33.99621593162153
2013-06-01,Sylhet,2011,34.06,32.55,31.921545815973055,31.87681653063833,31.381355,31.412310820242446,32.028279308450024,31.990035747496854,31.712789800217923,29.87749645050706,33.96559518143905
2013-07-01,Sylhet,2011,33.21,32.49,32.30420597845484,32.01672055095379,31.591347,31.11026158990063,32.40864006424259,32.305362917648445,32.16766448605531,30.260156612988844,34.34825534392083
2013-08-01,Sylhet,2011,32.58,32.56,32.90440163940217,32.64155153046269,32.048267,31.749677528729364,32.9691040296155,32.91793306536998,32.68120688006482,30.860352273936172,34.94845100486816
2013-09-01,Sylhet,2011,32.83,33.64,32.49497024082473,32.46519837991878,31.639898,31.747546026206827,32.45171795134977,32.50850166679254,32.24554760521512,30.450920875358733,34.53901960629072
2013-10-01,Sylhet,2011,31.47,33.49,32.16742147273924,31.9544630988883,31.169178,31.23369184681852,32.058179648446455,32.180952898707055,31.836172148230478,30.123372107273248,34.21147083820524
2013-11-01,Sylhet,2011,30.1,29.82,30.347265466126725,29.922431364293473,29.733942,29.317389188596188,30.163159645802875,30.360796892094537,29.934161854663426,28.303218349403572,32.39131258284988
2013-12-01,Sylhet,2011,26.2,27.71,27.503364030808907,27.014481104773804,26.607033,26.61025425237731,27.313810625786196,27.51689545677672,27.07873058114132,25.459322347224596,29.547405714393218
2014-01-01,Sylhet,2011,27.15,24.08,26.21409031731076,25.733587532120474,25.61571,25.7907364795623,26.064326187846625,26.22489135880954,25.859639475383073,24.169303469839694,28.258877164781826
2014-02-01,Sylhet,2011,27.37,29.25,28.721867256972946,28.536881370365535,27.535717,28.00436601305155,28.630428775666893,28.730148977775134,28.36636466442519,26.677046391395745,30.766688122550146
2014-03-01,Sylhet,2011,32.41,31.37,31.653219879790736,31.616884332623652,30.65664,30.524777374187057,31.63764537874015,31.552072719856692,31.331305005455388,29.608384934456822,33.69805482512465
2014-04-01,Sylhet,2011,34.95,33.23,32.011269456020266,31.887517016449515,30.148865,30.95330567435028,32.04672557808921,32.01955117682245,31.714437656659165,29.96643451068635,34.05610440135418
2014-05-01,Sylhet,2011,32.37,31.75,31.993716239292155,31.671550103603504,30.873812,30.881870644449577,32.07550986469112,32.02601740445567,31.743622164441067,29.94888129395824,34.03855118462607
2014-06-01,Sylhet,2011,32.08,32.55,32.04357901527897,31.700026732564044,31.135618,31.189632242185915,32.15167295743287,32.0786105723621,31.84638153817064,29.998744069945058,34.08841396061289
2014-07-01,Sylhet,2011,34.19,32.49,32.36882997454176,31.94753603850946,31.532726,30.82255478351916,32.46898211548056,32.38799814098547,32.20875068916603,30.323995029207847,34.41366491987568
2014-08-01,Sylhet,2011,32.47,32.56,32.92431015813075,32.67652062934061,31.91235,31.596501673821088,32.981754874814925,32.937841584098564,32.72367452185476,30.879475212796837,34.96914510346467
2014-09-01,Sylhet,2011,32.23,33.64,32.65790136494775,32.300666833868,31.500887,31.339436457881543,32.6284135226015,32.67143279091556,32.395226051392804,30.613066419613833,34.702736310281665
2014-10-01,Sylhet,2011,33.12,33.49,32.33608172152826,31.93195145496394,31.342903,30.96957873501885,32.2185159798113,32.34961314749607,31.99155378037016,30.291246776194345,34.38091666686218
2014-11-01,Sylhet,2011,31.22,29.82,30.34947028203283,29.842528170548,29.386545,29.094211620601477,30.16975417004425,30.363001708000642,29.95227970560703,28.304637222702077,32.39430334136358
2014-12-01,Sylhet,2011,27.85,27.71,27.57951295441645,26.849556978884884,26.469463,26.205763500124608,27.38840608676573,27.593044380384264,27.155841707523695,25.534684451815682,29.62434145701722
2015-01-01,Sylhet,2014,27.22,27.15,26.062893710778805,26.59271364318895,27.370016,26.66074947924407,25.852178352405353,25.961434058593365,25.842029267243362,24.025484704004533,28.100302717553078
2015-02-01,Sylhet,2014,28.75,27.37,29.02259730919438,28.869175336850535,28.87941,28.290820890632748,28.973167242129072,28.982805430881555,29.195579537524633,26.94912337735194,31.096071241036825
2015-03-01,Sylhet,2014,33.08,32.41,31.717164151027074,31.263436520968494,31.7335,31.020991482372214,31.63061820173502,31.677372272714248,32.18006911703256,29.63389110562946,33.80043719642469
2015-04-01,Sylhet,2014,30.55,34.95,31.628905148771462,31.69277675271225,31.843779,32.622433048477816,31.630966020719804,31.583473393288312,31.72346504716287,29.54563210337385,33.71217819416908
2015-05-01,Sylhet,2014,31.24,32.37,32.176315148042555,31.73124529626319,31.5701,31.45176916587859,32.14737107500853,32.130883392559404,31.8205506362857,30.093042102644944,34.259588193440166
2015-06-01,Sylhet,2014,32.08,32.08,31.9163000223729,31.76039862355973,31.808477,32.33141714903011,31.92279575457029,31.876508144060075,31.849846055126438,29.83302697697529,33.99957306777051
2015-07-01,Sylhet,2014,32.59,34.19,32.414160684748566,32.27402965202223,31.86681,31.886505261654474,32.47334549953819,32.368728929265416,32.273279113914725,30.330887639350955,34.49743373014618
2015-08-01,Sylhet,2014,31.99,32.47,33.03934745726007,32.97834412636128,32.649902,32.325385693101126,33.0316541064782,32.99391570177692,32.98088875335536,30.95607441186246,35.12262050265768
2015-09-01,Sylhet,2014,32.66,32.23,32.83725398890311,32.65148041188401,32.47719,32.513077937581116,32.75305909132546,32.79746211059028,32.7774251777357,30.753980943505496,34.92052703430072
2015-10-01,Sylhet,2014,32.96,33.12,32.36674701728067,32.32463680607271,31.963251,31.924858535925363,32.21912232063828,32.32695513896785,32.25708234279359,30.283473971883062,34.450020062678284
2015-11-01,Sylhet,2014,30.58,31.22,30.184507713743333,30.657150845586518,30.360193,30.49951712265465,29.998265710509067,30.139075958260182,29.874032577308622,28.101234869610053,32.26778055787661
2015-12-01,Sylhet,2014,26.07,27.85,27.398282839001972,27.62635921394324,27.375608,27.422732161927847,27.20677283828202,27.35285108351882,27.120070632377086,25.315010727435148,29.481554950568796
2016-01-01,Sylhet,2014,24.6,27.15,26.10322771819217,25.794842897152503,26.22693,26.27616778588999,25.960181458271045,26.05779596270902,25.760106403784057,24.01149769730925,28.19495773907509
2016-02-01,Sylhet,2014,29.1,27.37,29.214708890708145,28.688582037176715,29.2478,28.13746294313107,29.17847815392379,29.169277135224995,28.9045164494384,27.122676689478013,31.306741091938278
2016-03-01,Sylhet,2014,32.04,32.41,32.08358684132892,31.79844018315408,30.808788,31.222786324180188,32.12359800804631,32.03815508584577,31.870929606075084,29.991471627030005,34.17570205562784
2016-04-01,Sylhet,2014,31.0,34.95,32.05466692863796,32.79679689021098,31.157433,31.51378381048257,32.12936547112459,32.009235173154806,31.822900862743857,29.96255171433904,34.14678214293687
2016-05-01,Sylhet,2014,31.25,32.37,32.06909186127771,32.03546917828164,30.942514,31.156593357637107,32.14817362718695,32.02366010579456,31.83903342174275,29.976976646978795,34.16120707557663
2016-06-01,Sylhet,2014,33.15,32.08,32.210425546544194,32.00320886397528,31.483416,31.478902661366593,32.285899096600865,32.16499379106104,32.006780770458555,30.118310332245276,34.30254076084311
2016-07-01,Sylhet,2014,32.59,34.19,32.67718980201696,32.64379267792582,31.728712,31.433969239318518,32.74261549680151,32.63175804653381,32.58445167070409,30.585074587718044,34.769305016315876
2016-08-01,Sylhet,2014,34.32,32.47,33.012406863559285,33.04608518701547,32.400394,31.981197551099456,33.02254845154708,32.966975108076134,32.95500247802443,30.920291649260367,35.1045220778582
2016-09-01,Sylhet,2014,33.29,32.23,32.85486424830283,32.73169267488605,32.03289,31.73206608076479,32.77668659158542,32.80943249281968,32.76119632044265,30.762749034003914,34.946979462601746
2016-10-01,Sylhet,2014,33.18,33.12,32.38396286610404,32.34395744945937,31.622646,31.4117396038584,32.21388807241101,32.33853111062089,32.06804594620212,30.291847651805124,34.47607808040296
2016-11-01,Sylhet,2014,29.59,31.22,30.305537709644295,30.394611008892845,29.637808,29.84452346641899,30.08516240095765,30.260105954161144,29.92752730884745,28.213422632715858,32.397652786572735
2016-12-01,Sylhet,2014,28.62,27.85,27.3636073176289,27.487176177067564,26.733788,26.63160088501961,27.1613929453423,27.31817556214575,26.937214338418755,25.271492740704602,29.4557218945532
2017-01-01,Sylhet,2014,27.75,27.15,26.269171946706248,25.885778316560344,25.441399,25.596739243673618,26.136255078108295,26.223740191223097,25.940410071510108,24.176998083082523,28.361345810329972
2017-02-01,Sylhet,2014,29.65,27.37,29.06896600474337,28.921588994514963,28.017042,27.78080522066782,29.026597282289593,29.02353424926022,28.77162549383454,26.97678952367258,31.16114248581416
2017-03-01,Sylhet,2014,28.06,32.41,32.15231837948448,31.685751984108546,30.789474,30.659070588881242,32.18087712519736,32.106886624001326,31.891028234832767,30.060141179299574,34.24449557966938
2017-04-01,Sylhet,2014,29.75,34.95,32.387138254432195,32.3632777384715,30.833063,31.099588758412054,32.450610801548635,32.341706498949044,32.15092297925941,30.294961054247292,34.4793154546171
2017-05-01,Sylhet,2014,32.83,32.37,32.167305213193714,31.909242743792444,31.301271,30.8168043359533,32.243361816597066,32.121873457710564,31.909939472093534,30.07512801300881,34.25948241337862
2017-06-01,Sylhet,2014,31.36,32.08,32.236445272509066,31.90204893655219,31.351587,31.1204927030795,32.31457531539212,32.191013517025915,32.08200628106519,30.144268072324163,34.32862247269397
2017-07-01,Sylhet,2014,32.68,34.19,32.87659912437649,32.607975759202645,31.615309,30.92641923707095,32.940623934064455,32.83116736889334,32.838640744235555,30.784421924191587,34.9687763245614
2017-08-01,Sylhet,2014,32.4,32.47,33.01727115927113,33.042674610569186,32.342926,31.664471018111236,33.02831298656131,32.97183940378798,33.01231770904628,30.92509395908623,35.10944835945604
2017-09-01,Sylhet,2014,32.28,32.23,32.84811066366602,32.742582802565614,31.840271,31.301827952229278,32.76973843930725,32.80267890818287,32.74259708821428,30.755933463481117,34.940287863850926
2017-10-01,Sylhet,2014,32.05,33.12,32.51908695384547,32.28833604876454,31.216324,31.03832319677802,32.34916204476091,32.47365519836232,32.2149987270763,30.42690975366057,34.61126415403038
2017-11-01,Sylhet,2014,30.78,31.22,30.45221506137989,30.25330237671894,29.63485,29.274381542648626,30.23220676983584,30.406783305896738,30.07402922185092,28.360037974916064,32.544392147843716
2017-12-01,Sylhet,2014,27.03,27.85,27.47623140349593,27.300736337637346,26.596737,26.257292269133025,27.272588944188417,27.43079964801278,27.05730818498482,25.38405473095661,29.56840807603525
2018-01-01,Sylhet,2017,24.81,27.75,26.237576476402733,26.228668764955938,26.229805,26.530825771100552,26.18672427390373,26.209600909717533,26.23090418993495,24.19380872890507,28.281344223900398
2018-02-01,Sylhet,2017,28.5,29.65,28.937876886305926,28.277893039329474,29.076445,28.13895517498522,28.7891772545674,28.825841924724696,28.867234112146782,26.856965395934495,31.018788376677357
2018-03-01,Sylhet,2017,31.51,28.06,32.58409391563005,31.457156315472783,30.537506,30.93105692944302,32.639233959893716,32.57573203496254,32.78914412402059,30.496377017837073,34.67181081342303
2018-04-01,Sylhet,2017,30.99,29.75,32.501973722596006,32.60616785315107,31.783955,31.644933402206632,32.528349557513714,32.60992358299001,32.49799168612609,30.41425682480303,34.58969062038898
2018-05-01,Sylhet,2017,30.42,32.83,32.07668592828726,31.204776947592084,30.94436,31.149693596626758,32.16085422978143,32.10992407846665,31.801986372129118,29.988969030494285,34.16440282608024
2018-06-01,Sylhet,2017,32.65,31.36,32.31635086475109,32.42459475167289,31.918451,32.053576265154774,32.458317058351,32.32664135893975,32.15459041891594,30.22863396695811,34.40406776254406
2018-07-01,Sylhet,2017,33.36,32.68,32.816368130872746,32.43042907814387,31.593298,31.53135276403905,32.918421355452914,32.905963590274354,32.54041830454345,30.72865123307977,34.90408502866572
2018-08-01,Sylhet,2017,33.87,32.4,33.01770186502277,32.885427786969,32.21728,32.1619122496319,33.04715865780278,33.117049143498534,32.83186733030681,30.929984967229796,35.105418762815745
2018-09-01,Sylhet,2017,32.9,32.28,32.887957183482385,32.79819871075714,32.322155,32.10419332730321,32.85185710826074,32.9312161857507,32.63248180031122,30.80024028568941,34.975674081275365
2018-10-01,Sylhet,2017,31.21,32.05,32.57572035183877,32.57202908174878,31.683353,31.67752765695554,32.442137579931384,32.66847559502095,32.17760014665004,30.488003454045792,34.66343724963174
2018-11-01,Sylhet,2017,29.56,30.78,30.487836000149773,30.475534787676068,29.962059,29.978709659550763,30.335415254844044,30.489702115406917,30.076480029081583,28.40011934178927,32.575552658510276
2018-12-01,Sylhet,2017,27.0,27.03,27.453022142730152,27.390178133554663,26.785452,26.843742953369798,27.261341818607207,27.456328846372163,27.11917970751801,25.365306777410325,29.54073750804998
2019-01-01,Sylhet,2017,27.85,27.75,26.28606116560194,25.749609853449144,25.60074,25.57753551726785,26.176545994454266,26.28936786924395,26.022373049989937,24.18834521676012,28.38377711444376
2019-02-01,Sylhet,2017,28.33,29.65,29.09154104614997,28.32917398377635,29.01131,27.965275644897584,29.061601022821144,29.18573688144231,28.764605591942416,26.993457909506546,31.189624182793395
2019-03-01,Sylhet,2017,31.06,28.06,32.281928160428784,31.847069129079873,30.941166,31.038405060428037,32.315564299949145,32.30424312056579,31.990516089280913,30.183777038539656,34.380079282317915
2019-04-01,Sylhet,2017,32.49,29.75,32.22567792236156,31.559984578696035,30.63511,31.296286225550393,32.28658748532624,32.3198737576539,31.90330267811454,30.127526800472435,34.32382904425069
2019-05-01,Sylhet,2017,32.33,32.83,32.103483518156544,31.90547694660134,30.90896,31.34048946592017,32.18065226432043,32.19767935344888,31.84657492546157,30.005332396267416,34.20163464004567
2019-06-01,Sylhet,2017,32.76,31.36,32.390357224534405,31.71419945033981,31.15604,31.554968107519684,32.49836755193959,32.484553059826744,32.14216947500282,30.292206102645277,34.48850834642353
2019-07-01,Sylhet,2017,32.39,32.68,32.841883952099195,32.4784997300588,31.477112,31.31338379544465,32.9491003646938,32.953591259497514,32.63456286076513,30.743732830210067,34.94003507398833
2019-08-01,Sylhet,2017,34.38,32.4,33.16053428278834,33.11887788973851,32.140347,32.061534053862566,33.22242523368448,33.25683717207581,32.89311383043796,31.062383160899213,35.258685404677465
2019-09-01,Sylhet,2017,33.24,32.28,32.94320113715901,32.72551652601698,31.47643,31.913116755546834,32.918804917340175,33.02055196968092,32.61256295104483,30.84505001526988,35.04135225904814
2019-10-01,Sylhet,2017,31.55,32.05,32.65634629231246,32.57367424580872,31.537374,31.574692802485536,32.53053698563063,32.749101535494646,32.279291520016514,30.558195170423335,34.75449741420159
2019-11-01,Sylhet,2017,30.14,30.78,30.476493131596825,30.249412472229803,29.643923,29.668829077674992,30.294150859312037,30.47835924685397,30.047819771203283,28.37834217557412,32.57464408761953
2019-12-01,Sylhet,2017,26.15,27.03,27.595746947716744,27.1272222021728,26.7053,26.569366045130735,27.41747023049468,27.599053651358755,27.169383562986777,25.497596887445564,29.693897007987925
2020-01-01,Sylhet,2017,24.71,27.75,26.483207860532076,25.477807587519557,25.406956,25.395718449730065,26.3697440005612,26.486514564174087,26.155567744468193,24.384824554989812,28.58159116607434
2020-02-01,Sylhet,2017,28.12,29.65,29.192820196779916,28.816640044878287,28.399931,27.96281118902242,29.163051813794453,29.287016032072255,28.879853918705084,27.094427440970943,31.29121295258889
2020-03-01,Sylhet,2017,31.88,28.06,31.94541890497298,31.68576462010981,30.462751,30.825693689946267,31.977449396923223,31.967733865109988,31.646069782942416,29.847024399259375,34.04381341068658
2020-04-01,Sylhet,2017,32.84,29.75,32.058595527801074,32.08331833958796,30.491385,31.076600156250656,32.12165568652091,32.152791363093414,31.755977543687997,29.960201022087467,34.15699003351468
2020-05-01,Sylhet,2017,31.56,32.83,32.22981046965385,31.56340049323664,30.590742,31.191016705179646,32.31086152711895,32.32400630494619,31.95077034238527,30.131415963940242,34.328204975367456
2020-06-01,Sylhet,2017,32.14,31.36,32.34127705917102,31.97303669086952,30.91073,31.419446556287895,32.44349374121597,32.43547289446336,32.099421101555954,30.242882553457413,34.43967156488463
2020-07-01,Sylhet,2017,31.9,32.68,32.88121255717314,32.59374950555269,31.141577,31.176946540124437,32.987635468386564,32.99291986457146,32.675222604475216,30.782818051459536,34.97960706288675
2020-08-01,Sylhet,2017,33.72,32.4,33.13325187822777,33.00409088950792,31.566217,31.97059395816579,33.19793576768619,33.22955476751524,32.88748419287349,31.03485737251416,35.231646383941374
2020-09-01,Sylhet,2017,31.98,32.28,32.93137927286194,32.93978081675708,31.389553,31.79188085217366,32.90707907774762,33.008730105383854,32.611329937993894,30.832984767148332,35.029773778575546
2020-10-01,Sylhet,2017,32.67,32.05,32.64838219682459,32.488040316472066,30.990376,31.436413462465953,32.52346465597493,32.741137440006774,32.25404843856659,30.549987691110985,34.7467767025382
2020-11-01,Sylhet,2017,30.31,30.78,30.563932449660374,30.070578700136128,29.63479,29.441040304910192,30.3792660210042,30.565798564917518,30.1410322076328,28.46553808291634,32.66232681640441
2020-12-01,Sylhet,2017,26.62,27.03,27.587565739241796,27.114584066095876,26.43688,26.425907825406135,27.410431139414715,27.590872442883807,27.171110172163207,25.489172122994457,29.685959355489135
2021-01-01,Sylhet,2020,26.56,24.71,26.332709627602778,25.529714121515084,25.679356,25.24352817775704,26.15979125277735,26.2114279069049,26.20257220812873,24.311170322220104,28.354248932985453
2021-02-01,Sylhet,2020,29.59,28.12,29.083346111139797,28.406580186838298,28.416916,28.76692105742524,28.84276219078744,29.032704522273086,28.868148140531744,27.02400813881613,31.142684083463465
2021-03-01,Sylhet,2020,33.27,31.88,31.97067964521327,31.614176797701262,31.541107,31.514600921570246,32.083530016111816,32.02212617245593,31.663222819798925,29.904288586567223,34.037070703859314
2021-04-01,Sylhet,2020,33.84,32.84,31.993274166215745,31.74423224921232,31.484825,31.51230142999135,32.130821983504,32.09384923331865,31.761863346750715,29.926883107569697,34.05966522486179
2021-05-01,Sylhet,2020,33.07,31.56,32.18364411199024,31.842700943156437,31.341162,31.45875434921796,32.13134322295466,32.03949616455963,32.0412952127463,30.117253053344193,34.25003517063629
2021-06-01,Sylhet,2020,32.15,32.14,32.382236231118455,31.919335462140513,31.779781,32.40625448958007,32.569723478150706,32.42340244352819,32.44328193576907,30.315845172472407,34.4486272897645
2021-07-01,Sylhet,2020,32.98,31.9,32.92350713935949,32.086306936284416,31.708149,31.75230613116205,32.95884259350225,32.99000895050622,32.941704175120584,30.85711608071344,34.989898198005534
2021-08-01,Sylhet,2020,31.84,33.72,33.121798510352704,33.15706179089424,32.212494,32.92088062000586,33.27391043745623,33.15531127775702,33.13902888109587,31.055407451706657,35.18818956899875
2021-09-01,Sylhet,2020,34.56,31.98,32.988122702261755,32.65711586939587,32.30857,32.589250515091926,32.96000671164764,33.06150160046513,32.718794777234464,30.921731643615708,35.0545137609078
2021-10-01,Sylhet,2020,33.54,32.67,32.53887594452531,32.28849686494225,32.000404,32.12432037073356,32.36671406767588,32.6485411669913,32.2037211820047,30.47248488587926,34.605267003171356
2021-11-01,Sylhet,2020,30.41,30.31,30.557749616933148,30.076894212894864,30.130236,29.984759760362255,30.35698662982413,30.603852435034792,30.16305156367128,28.491359087469597,32.6241401463967
2021-12-01,Sylhet,2020,27.33,26.62,27.709882820916754,26.877341671158494,26.946362,26.767691041209865,27.460522935648992,27.745977691335064,27.300290551707224,25.6434950966051,29.776270545228407
2022-01-01,Sylhet,2020,25.9,24.71,26.561626180474047,25.45238717383122,25.671503,25.89600424024094,26.397663269168945,26.612213804785494,26.267502351733192,24.486236832403677,28.637015528544417
2022-02-01,Sylhet,2020,26.68,28.12,29.094528457168405,28.55963555070942,28.677692,28.975952620106643,29.00245438046039,29.25018691087133,28.81771679100365,27.018797309954632,31.170259604382178
2022-03-01,Sylhet,2020,33.54,31.88,31.957198010209105,31.58921969181569,31.061665,31.647410612605103,31.94548895375826,32.0191434932976,31.675331464572054,29.88140238992536,34.03299363049285
2022-04-01,Sylhet,2020,32.06,32.84,32.144859947161066,32.09352581571846,31.04791,31.3682399113027,32.217449831565595,32.27453251917778,31.927487140001737,30.06906432687732,34.22065556744481
2022-05-01,Sylhet,2020,31.13,31.56,32.192757433156395,31.771123365256404,31.07196,31.548878278018982,32.28137854311677,32.30841813037815,32.04541855216223,30.11696181287265,34.26855305344014
2022-06-01,Sylhet,2020,29.85,32.14,32.437116892564596,31.964899848069752,31.291935,32.05596245735786,32.58841223237025,32.56765815757543,32.38064881002726,30.36132127228085,34.51291251284834
2022-07-01,Sylhet,2020,34.02,31.9,32.8572232527931,32.36044923733826,31.57243,31.68508628502327,33.011477940560596,32.972883950014854,32.85892666156403,30.781427632509352,34.93301887307684
2022-08-01,Sylhet,2020,34.3,33.72,33.300759576110806,33.17331356505198,32.061523,32.618516543848244,33.42046001142113,33.4086032284784,33.22885256706669,31.22496395582706,35.37655519639455
2022-09-01,Sylhet,2020,33.28,31.98,32.97234190932666,32.802740130395506,31.6335,32.30798390677863,32.979633957249334,33.10288317433749,32.76465572759479,30.896546289042913,35.0481375296104
2022-10-01,Sylhet,2020,32.11,32.67,32.538669563378946,32.29068103308928,31.636894,31.863929849063894,32.405186586325655,32.634920872296945,32.16129552199396,30.4628739430952,34.61446518366269
2022-11-01,Sylhet,2020,31.32,30.31,30.5623011037554,30.000666627649196,30.018808,29.701411704526183,30.34640340305841,30.59347933976309,30.13472668452164,28.4865058688766,32.6380963386342
2022-12-01,Sylhet,2020,27.34,26.62,27.573807092131666,26.94725989201794,26.819399,26.51671134382613,27.342009353454053,27.604985328139357,27.160684759248685,25.498013900251607,29.649600284011726
2023-01-01,Sylhet,2020,26.48,24.71,26.47781954308107,25.62671545958751,25.528149,25.640516769907766,26.30518995128954,26.50899777908876,26.180997247519866,24.402080471515582,28.553558614646555
2023-02-01,Sylhet,2020,29.07,28.12,29.083558850209876,28.66443413980158,28.56314,28.7581784688936,29.000064413321052,29.239217303912802,28.79811012389891,27.007819778416252,31.1592979220035
2023-03-01,Sylhet,2020,30.77,31.88,32.00451082878319,31.689354568363473,30.620993,31.35796177270199,31.999240826386984,32.03901976116506,31.722359820629812,29.928771756946453,34.080249900619926
2023-04-01,Sylhet,2020,33.3,32.84,32.22706885694079,31.97985549525921,30.645256,31.261318306335347,32.28260590967465,32.37943907140307,31.99793626655291,30.151329785104053,34.302807928777526
2023-05-01,Sylhet,2020,33.34,31.56,32.203385850101434,31.813492592520287,30.721601,31.383712403334478,32.30170361658378,32.31904654732319,32.06631001477408,30.127646778264698,34.27912492193817
2023-06-01,Sylhet,2020,31.9,32.14,32.46503851064619,31.971596125160904,30.91931,31.928004073070365,32.6089198239151,32.59557977565702,32.40787687751626,30.389299438809452,34.540777582482924
2023-07-01,Sylhet,2020,33.18,31.9,32.853687434243405,32.4512382626097,31.392975,31.47650547536851,33.01547797068482,32.96934813146516,32.85026419999437,30.77794836240667,34.92942650608014
2023-08-01,Sylhet,2020,32.0,33.72,33.36342649874537,33.23248228803827,31.654598,32.45219594827889,33.48119993664476,33.47127015111296,33.289314130777676,31.287687426908633,35.439165570582105
2023-09-01,Sylhet,2020,34.4,31.98,32.96246520636403,32.82607447161019,31.535433,32.13895504754845,32.96929429495226,33.09300647137486,32.75013964596525,30.886726134527294,35.038204278200766
2023-10-01,Sylhet,2020,31.78,32.67,32.597968777559835,32.33435789068955,31.358307,31.67208635031371,32.46979708645965,32.694220086477834,32.22909569783128,30.5222297057231,34.67370784939657
2023-11-01,Sylhet,2020,30.74,30.31,30.5971573461677,30.011387275752448,29.865307,29.524856813278046,30.37847671566776,30.628335582175392,30.169976361895007,28.521418623019695,32.67289606931571
2023-12-01,Sylhet,2020,27.51,26.62,27.576205284510927,26.9492905517633,26.782692,26.41796599244112,27.345365788030904,27.607383520518617,27.164121892754746,25.500468409732022,29.65194215928983
2012-01-01,Srimongal,2011,24.35,23.69,25.219783166860488,24.873989865386758,26.17847,24.588401054806965,25.210057718910118,25.12304346493378,25.157814514696955,23.285411805029273,27.154154528691702
2012-02-01,Srimongal,2011,29.11,28.81,28.28438250028759,27.882291398955168,28.542007,27.283775509847512,28.345033835308598,28.235397983875572,28.174234970129323,26.323078464008905,30.24568653656628
2012-03-01,Srimongal,2011,33.03,31.27,31.919897333150697,32.24492407274401,31.34193,31.897846865830807,32.0780381505105,31.922047026818586,32.02953109723711,29.941438361296825,33.89835630500457
2012-04-01,Srimongal,2011,32.2,33.23,33.0439323549527,33.37760602335875,32.348686,33.28436499430466,33.16590349873895,33.031306865568766,33.04997002058028,31.05450116366837,35.033363546237034
2012-05-01,Srimongal,2011,33.4,32.16,32.38102002134482,32.38754258192867,31.94399,32.57265178961676,32.42006419304708,32.39391178237209,32.323143577700606,30.38455295671529,34.377487085974344
2012-06-01,Srimongal,2011,31.67,32.33,32.207733649947144,31.848243053621992,32.31415,32.18685761829999,32.2099896672382,32.225613981672026,32.457245261437265,30.20674761723918,34.20871968265511
2012-07-01,Srimongal,2011,32.73,32.5,32.36615586654476,32.002321982050425,32.530033,31.913228365021364,32.303416247071745,32.433960761886155,32.22999772508096,30.36226458227877,34.37004715081075
2012-08-01,Srimongal,2011,33.13,32.43,32.76171438631764,32.64486248383012,32.4493,32.736395881259554,32.69520051685738,32.75669067449099,32.8528455268275,30.755954362067673,34.76747441056761
2012-09-01,Srimongal,2011,32.75,33.25,32.48367505103376,32.248407889707494,32.207676,32.64935588366993,32.44741572699082,32.554124082923195,32.20226020287678,30.476712940994783,34.490637161072726
2012-10-01,Srimongal,2011,31.67,32.96,31.843185744573997,32.07382833201631,31.722235,31.845020509372745,31.85853094868141,31.795148528506683,31.43816120543642,29.835450871555576,33.850920617592415
2012-11-01,Srimongal,2011,28.65,30.08,29.625934879017585,29.48989484266788,28.970472,29.349185728132607,29.690970949483372,29.620911167190933,29.272733911953956,27.617704237119693,31.634165520915477
2012-12-01,Srimongal,2011,24.05,25.88,26.716210123368597,26.142200216797594,25.80695,26.31859140279919,26.803397946175316,26.685669157871104,26.507346621078707,24.707663078411354,28.72475716832584
2013-01-01,Srimongal,2011,24.9,23.69,25.21798778128632,24.658785454393946,25.4955,24.65002678055651,25.276031278741154,25.212964069459666,25.014824901332982,23.20551906871699,27.230456493855648
2013-02-01,Srimongal,2011,29.79,28.81,28.285225893886857,27.736955723371175,28.230957,27.657111901387424,28.332446864099087,28.254684928389363,28.139410883340933,26.272364868276043,30.29808691949767
2013-03-01,Srimongal,2011,33.56,31.27,31.922858611059095,31.720414139479917,31.491713,31.843687760707972,31.966876763383894,31.917834899232442,31.72443599408332,29.9097449659482,33.93597225616999
2013-04-01,Srimongal,2011,33.73,33.23,33.04859344692361,33.011045022999426,32.50771,33.10580302524491,33.095502737113584,33.01805248142612,32.923073528288,31.035317174972263,35.06186971887496
2013-05-01,Srimongal,2011,31.31,32.16,32.3870453841754,32.40963183225245,31.391386,32.23635039687384,32.425544135128824,32.38202167234875,32.308769048657545,30.373664493053393,34.400426275297406
2013-06-01,Srimongal,2011,33.65,32.33,32.21485397664443,32.068920007221585,31.911772,31.93384652916354,32.23175415900783,32.18431301114693,32.05138746246315,30.201405902183108,34.22830205110575
2013-07-01,Srimongal,2011,33.5,32.5,32.374155011301426,32.05439642923309,32.000866,32.02778434075668,32.36481701492031,32.36913129947477,32.27469046333075,30.360663980507343,34.38764604209551
2013-08-01,Srimongal,2011,32.6,32.43,32.770418870496904,32.65342466824673,32.36462,32.473597535418925,32.745166167235034,32.73987790499941,32.54085911705115,30.756900665528953,34.783937075464856
2013-09-01,Srimongal,2011,32.95,33.25,32.49294564067223,32.21784859298884,32.206207,32.214645617471845,32.4741812126558,32.48792192884558,32.22942882107136,30.479410701776644,34.50648057956782
2013-10-01,Srimongal,2011,31.73,32.96,31.85291069048504,31.872970785766555,31.679485,31.566343006275837,31.856174634714346,31.822369724987546,31.506260877515626,29.839366168459087,33.86645521251099
2013-11-01,Srimongal,2011,30.38,30.08,29.636024491297878,29.375910493319743,28.971712,29.001899548400985,29.664376440248425,29.631000779471226,29.28345659008868,27.622475653187855,31.6495733294079
2013-12-01,Srimongal,2011,26.51,25.88,26.726592416896825,26.09214053836601,25.709774,26.25785094241086,26.772661163310115,26.69605145139933,26.40311302263255,24.71304368134884,28.74014115244481
2014-01-01,Srimongal,2011,25.68,23.69,25.228604980800167,24.653284970181765,25.25185,24.81917749498628,25.284017437170967,25.223581268973515,25.003084568599494,23.212596440602578,27.244613520997756
2014-02-01,Srimongal,2011,27.15,28.81,28.296031628957632,27.75451023386965,27.802303,27.926466116426617,28.354522487255352,28.265490663460138,28.083671493796786,26.279929438124878,30.312133819790386
2014-03-01,Srimongal,2011,32.28,31.27,31.933815664778187,31.789875919410328,31.72979,31.82612242858665,31.9908008898394,31.928791952951535,31.72940412826771,29.91765320459981,33.949978124956566
2014-04-01,Srimongal,2011,35.1,33.23,33.05967194899813,33.036145015554894,32.340374,32.956063013924236,33.1096539975352,33.029130983500636,32.889013695563456,31.04347075161604,35.07587314638022
2014-05-01,Srimongal,2011,33.47,32.16,32.398221360706636,32.367982768297566,31.676424,32.072956890110696,32.433277264725945,32.39319764887998,32.265870036872464,30.381995343001265,34.41444737841201
2014-06-01,Srimongal,2011,33.1,32.33,32.226108186179964,32.1030411295808,31.894464,31.902641921368293,32.237859255485404,32.19556722068247,32.11348530245493,30.209866385904892,34.24234998645504
2014-07-01,Srimongal,2011,34.02,32.5,32.385472010650496,32.069252727808326,32.032837,31.958044889380627,32.37262439173225,32.38044829882384,32.25509745398764,30.369220363154856,34.40172365814613
2014-08-01,Srimongal,2011,32.55,32.43,32.78178626495376,32.660962222209385,32.396484,32.32825384612269,32.75644666504247,32.751245299456265,32.58282458953141,30.765528769942417,34.7980437599651
2014-09-01,Srimongal,2011,32.76,33.25,32.50435348224536,32.194928224561664,32.163803,32.08889992574545,32.48696478261725,32.499329770418704,32.23272541874289,30.48809299000562,34.520613974485094
2014-10-01,Srimongal,2011,32.18,32.96,31.864350994915895,31.817945654501607,31.711575,31.40888526776537,31.87020724781868,31.8338100294184,31.51967891118482,29.848089766588906,33.880612223242885
2014-11-01,Srimongal,2011,30.73,30.08,29.647490850420127,29.28952531559107,28.970985,28.79136282209528,29.67842200828752,29.642467138593474,29.28686906333076,27.63123100245999,31.663750698380262
2014-12-01,Srimongal,2011,26.45,25.88,26.73807968751581,26.032353501683687,25.77063,26.166801403030547,26.78569967989249,26.707538722018317,26.418276600137716,24.72182360770716,28.75433576732446
2015-01-01,Srimongal,2014,26.22,25.68,25.376744709515652,25.55020974273583,25.350925,25.632627786461338,25.531458235018253,25.35666448211082,25.733006216847496,23.440226542351198,27.313262876680106
2015-02-01,Srimongal,2014,28.57,27.15,28.549383684134998,27.88383001054021,28.207075,26.97222649312787,28.711678056783885,28.529303456730165,28.333329010315705,26.587182196742983,30.511585171527013
2015-03-01,Srimongal,2014,31.95,32.28,32.2441589847989,31.930322638874536,31.619068,31.813682854158905,32.29058721222731,32.19371924706172,32.12437381484205,30.26586710027911,34.22245086931869
2015-04-01,Srimongal,2014,31.64,35.1,33.29538064898898,33.048175275071614,33.449554,33.72565431678153,33.37667730452955,33.267732846382756,33.36285912270002,31.30696759633265,35.283793701645315
2015-05-01,Srimongal,2014,32.96,33.47,32.56667066834173,32.65836580908463,31.483004,32.89963622365363,32.58785698174088,32.56310382115892,32.37290009463263,30.571875448843915,34.56146588783954
2015-06-01,Srimongal,2014,32.72,33.1,32.42363646848098,32.13057339505107,32.013554,32.74619985841315,32.40525920454606,32.39812451077596,32.28914148095306,30.424810659052945,34.42246227790901
2015-07-01,Srimongal,2014,32.35,34.02,32.6483619851904,32.502493060858534,32.222084,32.39003355402465,32.65375892302934,32.626448195977694,32.422271723771345,30.646988334791583,34.64973563558922
2015-08-01,Srimongal,2014,32.72,32.55,32.86069116092078,32.757567715501665,32.415195,32.517295373915154,32.826693174354574,32.833043358314555,32.640133755789996,30.85770612269758,34.86367619914398
2015-09-01,Srimongal,2014,33.18,32.76,32.643219623089315,32.47777813914948,32.34287,32.54197917264919,32.60153454513569,32.639652775906505,32.47855112391638,30.639215299909512,34.647223946269115
2015-10-01,Srimongal,2014,32.44,32.18,31.94350337024825,32.13755763736791,31.844112,31.839758523274565,31.87741017677069,31.93633835643577,31.69819674182216,29.938854505995284,33.94815223450122
2015-11-01,Srimongal,2014,30.41,30.73,29.78476295620796,29.935242332835028,29.63176,29.966465291808433,29.807107640092223,29.78119610902515,29.542119570696187,27.77970703206597,31.789818880349948
2015-12-01,Srimongal,2014,26.05,26.45,26.648975489694212,26.344134828994967,26.40262,26.947435036784096,26.682408523440355,26.645408642511402,26.29754985064616,24.643663371678524,28.6542876077099
2016-01-01,Srimongal,2014,24.86,25.68,25.266488866973514,24.807764983770106,25.308563,25.344990212399843,25.326739813529457,25.262922019790704,25.108267751254974,23.256808498880222,27.276169235066806
2016-02-01,Srimongal,2014,29.47,27.15,28.464627539660476,27.70280771228859,28.061436,27.16648633539633,28.54656262454096,28.461060692477666,28.14614037092973,26.454587001240398,30.474668078080555
2016-03-01,Srimongal,2014,32.14,32.28,32.17969402829547,31.89182085885939,31.8531,31.375919605825498,32.26107820737107,32.17612718111266,31.905315929117112,30.169425486058092,34.18996257053285
2016-04-01,Srimongal,2014,33.48,35.1,33.24706224873837,33.24802712663407,32.356026,33.22660213564289,33.31859417148484,33.243495401555556,32.948617767858906,31.23664938561852,35.25747511185821
2016-05-01,Srimongal,2014,32.35,33.47,32.53120076563578,32.58084468853522,31.786488,32.349968352467634,32.575944034436446,32.52763391845297,32.254530377596716,30.520696584773713,34.54170494649785
2016-06-01,Srimongal,2014,33.3,33.1,32.39839065855189,32.127264661707635,31.973295,32.0743263860306,32.405102463517984,32.39482381136908,32.10662724590259,30.387828754378482,34.4089525627253
2016-07-01,Srimongal,2014,32.8,34.02,32.63125191819517,32.380595555206035,32.125637,32.060225266140655,32.60044613212903,32.62768507101236,32.344470844410544,30.620653618066534,34.6418502183238
2016-08-01,Srimongal,2014,34.04,32.55,32.85005504858641,32.726126920622086,32.380653,32.1905701180987,32.79476824514904,32.8464882014036,32.57649033989145,30.839433945750645,34.86067615142218
2016-09-01,Srimongal,2014,33.3,32.76,32.63773511022062,32.38921286687817,32.23615,32.09448802360263,32.583688530800366,32.63416826303781,32.336420092670416,30.6270999526,34.64837026784124
2016-10-01,Srimongal,2014,32.81,32.18,31.942118202902495,32.001223840226736,31.789986,31.54932346855213,31.906478531015726,31.938551355719685,31.59467194845281,29.931474752019394,33.95276165378559
2016-11-01,Srimongal,2014,29.46,30.73,29.786639811429836,29.621289578538086,29.305653,29.681665309972033,29.786451477974456,29.783072964247026,29.470167246780672,27.775992066662685,31.797287556196988
2016-12-01,Srimongal,2014,28.59,26.45,26.65344807420317,26.14915697332296,25.864244,27.00069353521701,26.688676925391086,26.64988122702036,26.2952582816881,24.642799122580012,28.664097025826326
2017-01-01,Srimongal,2014,27.14,25.68,25.273026983032945,24.73102767262048,25.399555,25.41255708536678,25.337116639942483,25.269460135850135,25.000136660607982,23.259394327287197,27.286659638778694
2017-02-01,Srimongal,2014,29.95,27.15,28.472809286512703,27.736637653511597,28.058155,27.31720026374832,28.55454833958155,28.469242439329893,28.165489453997665,26.45907626800487,30.486542305020535
2017-03-01,Srimongal,2014,29.65,32.28,32.18918368166813,31.897414668223306,31.278795,31.158771085029677,32.27279451667063,32.18561683448532,31.897103534174477,30.175387140171036,34.202980223165234
2017-04-01,Srimongal,2014,31.04,35.1,33.25759265863231,33.1092492233485,32.5166,32.892158269351995,33.32705079841195,33.2540258114495,32.94831063773249,31.24375593406294,35.271429383201685
2017-05-01,Srimongal,2014,33.27,33.47,32.542559349500635,32.468088735306594,31.90268,31.953539827988777,32.58456968217338,32.538992502317825,32.24919632037382,30.52869724280736,34.55642145619391
2017-06-01,Srimongal,2014,32.06,33.1,32.41040825546356,32.12845414900706,31.973295,31.844315055499912,32.41661890293096,32.40684140828075,32.10683967101807,30.396530174133982,34.42428633679314
2017-07-01,Srimongal,2014,32.47,34.02,32.643793919653625,32.32447840678087,32.08238,31.82959161526708,32.613829274295696,32.640227072470815,32.35205264775032,30.629905876828396,34.657681962478854
2017-08-01,Srimongal,2014,32.86,32.55,32.86301434091645,32.70166199259017,32.259468,31.9610838309382,32.80892147744394,32.85944749373364,32.570061313251955,30.849120233126463,34.87690844870644
2017-09-01,Srimongal,2014,32.94,32.76,32.651026458541736,32.35370954490967,32.28716,31.902189853787718,32.59551781975663,32.647459611358926,32.35399825183624,30.63712889365597,34.6649240234275
2017-10-01,Srimongal,2014,31.68,32.18,31.955673782216227,31.923090638232402,31.792109,31.35534948987391,31.92103249771432,31.952106935033417,31.617614209850228,29.941774633558147,33.96957293087431
2017-11-01,Srimongal,2014,30.13,30.73,29.800405650517025,29.45397330058047,29.327839,29.49117296840096,29.799908266694807,29.796838803334214,29.484957372445223,27.786506454900003,31.814304846134046
2017-12-01,Srimongal,2014,26.82,26.45,26.667381225882636,26.018420681618963,25.920967,26.99736639047145,26.702555528319333,26.663814378699826,26.32977169862827,24.653483510143193,28.68127894162208
2018-01-01,Srimongal,2017,23.79,27.14,25.44800364417672,25.850786602373528,26.345032,25.805573634404993,25.463988483751027,25.432338381239173,25.50800421057851,23.51904232854026,27.37696495981318
2018-02-01,Srimongal,2017,28.79,29.95,28.62879288213027,28.571832416294086,29.382023,28.143288635262174,28.740358314422913,28.660681523547296,28.784848339420375,26.67494798921749,30.58263777504305
2018-03-01,Srimongal,2017,32.28,29.65,32.07558792062778,31.93632726874912,31.771118,31.51427973022075,32.227366204277196,32.10747656204481,32.07529393280927,30.106647503007643,34.04452833824792
2018-04-01,Srimongal,2017,31.77,31.04,33.1123893921481,33.6764094829235,32.70732,32.64496174151875,33.16803591002073,33.08937899668082,32.99935988032132,31.13425399595368,35.09052478834252
2018-05-01,Srimongal,2017,31.69,33.27,32.628502735065126,32.65828574513395,32.197784,32.39988060149649,32.61721437963065,32.605492339597845,32.38772542235835,30.64475290926893,34.61225256086132
2018-06-01,Srimongal,2017,33.04,32.06,32.4879359785591,32.47731284168288,32.188686,32.08361178210951,32.513217917109046,32.46492558309182,32.239543715569596,30.500753018756548,34.47511893836165
2018-07-01,Srimongal,2017,33.67,32.47,32.66023948317822,32.74337545270636,32.33761,32.0152339845557,32.66213638983009,32.63722908771094,32.4495517003111,30.670955422928966,34.64952354342748
2018-08-01,Srimongal,2017,33.82,32.86,32.956794087109046,33.02748343927278,32.32264,32.38164652161815,32.94012026298528,32.933783691641764,32.73685679994529,30.966223560727446,34.94736461349065
2018-09-01,Srimongal,2017,33.49,32.94,32.75673548717473,32.79344774095327,32.27988,32.08734503575229,32.758372831103685,32.73372509170745,32.45041987307808,30.76537721132901,34.74809376302045
2018-10-01,Srimongal,2017,31.28,31.68,32.045379653204364,32.0807502945168,31.760561,31.49587243354721,32.03251157105391,32.02236925773708,31.774633544948713,30.05353922417622,34.03722008223251
2018-11-01,Srimongal,2017,29.79,30.13,29.858293929055247,29.59787952421165,29.63358,29.256660303530825,29.868092840245442,29.835283533587965,29.599837325473167,27.86615886342719,31.850428994683302
2018-12-01,Srimongal,2017,26.52,26.82,26.78704520051262,26.395452377057435,26.432869,26.41665105595864,26.81589332782858,26.764034805045338,26.613580740706446,24.794730903797184,28.779359497228054
2019-01-01,Srimongal,2017,27.1,27.14,25.454103295465824,25.118642886626922,26.104488,25.238103947977297,25.488225488525437,25.431092899998543,25.28047153020667,23.458149802331977,27.45005678859967
2019-02-01,Srimongal,2017,28.31,29.95,28.637016262271732,28.38080775999954,29.131197,27.991718731647897,28.664546946557522,28.61400586680445,28.42007924526809,26.640795079846587,30.633237444696878
2019-03-01,Srimongal,2017,30.96,29.65,32.08547391470281,32.23017169422191,31.853138,31.477579039039743,32.115926638744675,32.06246351923553,31.784310916925566,30.089088701286144,34.081859128119476
2019-04-01,Srimongal,2017,32.97,31.04,33.12357700487799,33.15090838766529,32.60714,32.5126920613142,33.15905208867032,33.100566609410706,32.82924149511934,31.127091291055475,35.1200627187005
2019-05-01,Srimongal,2017,33.67,33.27,32.640709352320634,32.61732829610669,32.078392,32.13763514566814,32.66754834071897,32.61769895685335,32.33977915644178,30.64416208805119,34.63725661659008
2019-06-01,Srimongal,2017,33.39,32.06,32.50094034884263,32.32144899588915,32.012318,31.902050553113835,32.51216724880301,32.47792995337535,32.19991113056894,30.50435543191392,34.49752526577135
2019-07-01,Srimongal,2017,32.67,32.47,32.67386839425399,32.54760026232637,32.1268,31.833219881500867,32.667187297881355,32.650857998786705,32.372175642369534,30.677260515232202,34.670476273275774
2019-08-01,Srimongal,2017,34.04,32.86,32.97091193547174,33.05668132029028,32.274044,32.36076908634284,32.95224526245566,32.94790154000446,32.654461349443665,30.97429017026885,34.96753370067463
2019-09-01,Srimongal,2017,33.37,32.94,32.77123611224877,32.65682295333798,32.273308,32.116812585972475,32.754509516409364,32.74822571678149,32.46903697366536,30.774606141451688,34.76786608304585
2019-10-01,Srimongal,2017,31.56,31.68,32.06017994454372,32.03566450556664,31.749615,31.547110964701496,32.054871644449804,32.03716954907644,31.744124226770484,30.06354544241679,34.05681444667065
2019-11-01,Srimongal,2017,29.82,30.13,29.873328821580895,29.37556205762056,29.501467,29.189070976654893,29.8822047392336,29.850318426113613,29.59585964568858,27.876692354459735,31.869965288702055
2019-12-01,Srimongal,2017,25.51,26.82,26.80226375640976,26.17856931152545,26.414524,26.33528080525572,26.822999314495846,26.77925336094248,26.54928197806375,24.805627410183792,28.79890010263573
2020-01-01,Srimongal,2017,23.61,27.14,25.469465636799697,24.882334784333224,26.381012,25.00742197086024,25.499874332521696,25.446455241332416,25.2420646809392,23.47025709263626,27.468674180963134
2020-02-01,Srimongal,2017,27.52,29.95,28.652491169609632,28.40795411268561,29.100412,27.85524360188684,28.688703857901334,28.62948077414235,28.424166115875146,26.653202072243776,30.65178026697549
2020-03-01,Srimongal,2017,31.9,29.65,32.101036947135654,32.176481199760225,31.761145,31.407109815443548,32.13773906837257,32.07802655166837,31.81403074647888,30.10169849702587,34.10037539724544
2020-04-01,Srimongal,2017,32.81,31.04,33.13920902823243,33.21622090736055,32.540955,32.48090224920464,33.17210229900172,33.11619863276515,32.82556837527044,31.139840357120743,35.13857769934412
2020-05-01,Srimongal,2017,32.41,33.27,32.65639538693334,32.54072966342584,32.03029,32.05068638441655,32.68104122740875,32.63338499146606,32.34595079948163,30.657008236797164,34.65578253706951
2020-06-01,Srimongal,2017,32.82,32.06,32.51666866751174,32.31230273700351,31.994455,31.83199905783229,32.527087422420266,32.493658272044456,32.1963208710335,30.517270261939483,34.516067073083995
2020-07-01,Srimongal,2017,33.04,32.47,32.68962981604793,32.463816655631916,32.1268,31.812483921282148,32.68287676681307,32.66661942058065,32.3812548787431,30.690224626577255,34.68903500551861
2020-08-01,Srimongal,2017,33.94,32.86,32.986699272870005,33.0071623171474,32.274044,32.39127261981183,32.968723443313365,32.963688877402724,32.66408328841193,30.987290112341437,34.98610843339858
2020-09-01,Srimongal,2017,33.07,32.94,32.787043738322204,32.59728560636865,32.273308,32.166410928673415,32.77018350302571,32.76403334285492,32.48908289658635,30.78763244864129,34.78645502800312
2020-10-01,Srimongal,2017,33.27,31.68,32.07600345411094,31.984038319703746,31.749615,31.619940308939015,32.07051404086769,32.05299305864366,31.758156408444755,30.07659135660205,34.07541555161983
2020-11-01,Srimongal,2017,30.7,30.13,29.88916476593613,29.26337077973434,29.397373,29.25879651931924,29.898333582613468,29.86615437046885,29.61999307801733,27.889752984409082,31.888576547463177
2020-12-01,Srimongal,2017,26.33,26.82,26.818109435647955,26.09550089490847,26.436012,26.39448918544136,26.839652817966712,26.795099040180673,26.55874502448639,24.818699171170962,28.817519700124947
2021-01-01,Srimongal,2020,25.81,23.61,25.481459761185906,25.29933277114727,26.115707,24.47950819226914,25.44555449983917,25.42388343639519,25.378356690823555,23.567296405731348,27.395623116640465
2021-02-01,Srimongal,2020,29.38,27.52,28.694919046341667,27.877804093431337,28.632488,26.75086389889139,28.72361629919788,28.679975629179964,28.58718334568656,26.752197383493517,30.637640709189817
2021-03-01,Srimongal,2020,33.47,31.9,32.10859027142726,32.00958247239315,32.126602,31.217232559080745,32.26435763521076,32.09364685426556,32.0399742396893,30.150586271288283,34.06659427156624
2021-04-01,Srimongal,2020,35.1,32.81,33.09360412169669,33.217644673682166,32.781967,33.50195508677481,33.14086970949808,33.07866070453499,33.0902045291484,31.127378706211008,35.05982953718238
2021-05-01,Srimongal,2020,34.4,32.41,32.70044616548998,32.82378199068927,32.40346,32.9983381138499,32.776053091043714,32.685502748328275,32.53584162886007,30.729785551129304,34.67110677985065
2021-06-01,Srimongal,2020,32.91,32.82,32.65103866553796,32.4395881060128,32.282417,32.89498272329529,32.74727861855859,32.63609524837626,32.51859981388797,30.677981855450227,34.624095475625694
2021-07-01,Srimongal,2020,32.91,33.04,32.79861813759732,32.528052152453725,32.41716,32.49837534856735,32.83578456267419,32.78367472043562,32.813535987311106,30.824265735020155,34.77297054017449
2021-08-01,Srimongal,2020,32.9,33.94,33.1680457605592,33.32186362076363,32.47088,33.123433066716636,33.246720693022056,33.1531023433975,33.07621503267122,31.19299259943619,35.14309892168221
2021-09-01,Srimongal,2020,34.33,33.07,32.906299910730745,32.95385145209033,32.550262,33.25129422905654,32.91771250655496,32.89135649356904,32.7178654252902,30.930867734264915,34.881732087196575
2021-10-01,Srimongal,2020,33.46,33.27,32.103332210425194,32.43928871220494,31.906826,32.452971405143344,32.09314207339156,32.07819132329887,31.666313762703357,30.127695193665634,34.07896922718476
2021-11-01,Srimongal,2020,30.22,30.7,29.961203627200227,30.10327195570313,29.91681,30.42206168361265,29.962787748464383,29.90362730240951,29.695348596211424,27.985456231375323,31.93695102302513
2021-12-01,Srimongal,2020,26.98,26.33,26.725649599137824,26.41532628798596,26.294836,26.923191981536487,26.724421358321248,26.71070618197612,26.410534738440766,24.74984334295901,28.701455855316638
2022-01-01,Srimongal,2020,25.35,23.61,25.405135932166214,24.967208225512636,25.637737,24.769382708460572,25.412816273763706,25.39019251500451,25.23929094018032,23.42578555885265,27.38448630547978
2022-02-01,Srimongal,2020,26.9,27.52,28.642991916433047,27.858470505874568,28.43931,26.993432010916194,28.647103863383986,28.628048499271344,28.402921291958663,26.663457197623703,30.62252663524239
2022-03-01,Srimongal,2020,33.25,31.9,32.074611061987376,31.9430975833015,31.85314,31.343545930180802,32.097082888198166,32.05966764482567,31.779662701237157,30.094976584118744,34.05424553985601
2022-04-01,Srimongal,2020,33.99,32.81,33.072828659521356,33.0608332246563,32.404274,33.271541552052895,33.114013387980975,33.05788524235965,32.834520743821344,31.09314019953991,35.0525171195028
2022-05-01,Srimongal,2020,32.38,32.41,32.689384304515954,32.6173557489702,31.792727,32.8056587028133,32.742170584438824,32.67444088735425,32.47284080366128,30.709666641349823,34.66910196768209
2022-06-01,Srimongal,2020,31.98,32.82,32.64712280989165,32.380593141326386,32.011177,32.380954547803206,32.70279488825685,32.632179392729945,32.42109078455498,30.667389363792648,34.62685625599065
2022-07-01,Srimongal,2020,34.08,33.04,32.799959383934635,32.54730469188011,32.280956,32.361913981052865,32.84070852399604,32.78501596677293,32.582752834454574,30.8202174365664,34.77970133130287
2022-08-01,Srimongal,2020,34.0,33.94,33.173254499292455,33.22971928715265,32.32099,32.727803615837786,33.19890237864845,33.15831108213075,32.86737798160474,31.193508025917584,35.15300097266732
2022-09-01,Srimongal,2020,33.62,33.07,32.914353847727085,32.85056012836294,32.278877,32.61231810687427,32.92516422864804,32.89941043056538,32.63466084360403,30.934605063326792,34.89410263212738
2022-10-01,Srimongal,2020,32.2,33.27,32.11347927452496,32.23307526750849,31.841349,32.0982565857451,32.114905263645525,32.09853585736326,31.79269590707656,30.133729495268025,34.093229053781904
2022-11-01,Srimongal,2020,31.67,30.7,29.9728905421877,29.84921713119179,29.385412,30.085642089602764,29.968130692768128,29.957947125025996,29.66509676641047,27.993140697320886,31.95264038705451
2022-12-01,Srimongal,2020,28.01,26.33,26.738469336280478,26.26093477954219,26.270605,26.878999894189313,26.73008045709315,26.723525919118774,26.407957420715544,24.758720329533872,28.718218343027083
2023-01-01,Srimongal,2020,26.67,23.61,25.41878905262248,24.86096489712218,25.579187,24.96026243739368,25.41474755498193,25.403845635460776,25.164858155212922,23.436101384075073,27.401476721169885
2023-02-01,Srimongal,2020,29.6,27.52,28.657258132020115,27.89882805694217,27.96613,27.270438179838614,28.665142167790457,28.64231471485841,28.39901983724936,26.674476009741763,30.640040254298466
2023-03-01,Srimongal,2020,31.27,31.9,32.089328313290274,31.988312168846424,31.72311,31.28384622235226,32.113449552307145,32.07438489612857,31.82315975025361,30.10649507702202,34.07216154955853
2023-04-01,Srimongal,2020,34.88,32.81,33.08787772428473,33.050437918765944,32.51282,33.05882605450393,33.12807685432577,33.07293430712303,32.79571303553879,31.105016831563756,35.0707386170057
2023-05-01,Srimongal,2020,34.45,32.41,32.704677474499135,32.56376492327837,32.107666,32.433869700282486,32.7560365063699,32.68973405733743,32.433494438072074,30.721801625842538,34.68755332315573
2023-06-01,Srimongal,2020,33.37,32.82,32.66259556077023,32.37285890001119,32.050064,32.202896652859295,32.71486754854117,32.647652143608525,32.38520567325445,30.679711639772613,34.64547948176784
2023-07-01,Srimongal,2020,34.43,33.04,32.81556424709667,32.52827146758018,32.19512,32.091608209236036,32.856824328274165,32.800620829934964,32.54667083984371,30.832675997779173,34.798452496414164
2023-08-01,Srimongal,2020,32.9,33.94,33.18895655350257,33.194373038607786,32.371933,32.46815022147577,33.21398742089073,33.17401313634087,32.88759365837412,31.206066036491894,35.171847070513245
2023-09-01,Srimongal,2020,34.94,33.07,32.93012740247887,32.785471035308206,32.29127,32.341738058168126,32.941026663500324,32.915183985317164,32.636203809237664,30.94723579644275,34.91301900851498
2023-10-01,Srimongal,2020,32.39,33.27,32.129305430082674,32.149210520623996,31.782219,31.851542745052903,32.130474283644276,32.11436201292097,31.80464560003282,30.14641349014264,34.11219737002271
2023-11-01,Srimongal,2020,30.86,30.7,29.988755394582103,29.705395013161414,29.278427,29.774692619314653,29.983493752104096,29.9738119774204,29.69339622144971,28.005863745997335,31.971647043166872
2023-12-01,Srimongal,2020,27.44,26.33,26.754362656778056,26.152414262059718,26.41899,26.740896040585387,26.746462188055165,26.739419239616353,26.434436763523657,24.771472038122617,28.737253275433496
2012-01-01,Bhola,2011,24.73,24.22,25.429342300046805,25.38019645840588,25.699352,25.15987117129235,25.3895458664378,25.40798716654313,25.18469525116115,23.98239270958112,26.87629189051249
2012-02-01,Bhola,2011,29.32,28.87,28.522382386481954,28.571476253402984,28.390888,28.117848284619217,28.518632501634276,28.476117160624458,28.371253063702873,27.034112149447115,30.010652623516794
2012-03-01,Bhola,2011,32.41,31.71,31.99338667237021,32.131731718278516,31.843254,31.948742219805037,32.02450869832436,31.965808862380758,31.898101203701998,30.490413475334414,33.49635986940601
2012-04-01,Bhola,2011,32.96,32.88,33.15752217866031,33.2385097213382,32.96713,33.320479862210256,33.19032928421531,33.21239745936838,33.19956198462203,31.649252841515164,34.66579151580545
2012-05-01,Bhola,2011,34.18,32.9,33.06060186405675,32.99650391862877,32.944412,33.051760466800175,33.07593929209364,32.91457283874051,32.81927483880444,31.55041664702712,34.57078708108638
2012-06-01,Bhola,2011,32.51,31.55,31.727172122751693,31.467989640097183,31.830566,31.604141129142842,31.939589552857196,31.74731870130203,31.880858632012956,30.21629278757472,33.23805145792867
2012-07-01,Bhola,2011,31.61,30.94,30.928527382982196,30.70273987667643,30.576397,30.29271467677547,31.04963361041606,30.98179042510432,30.815993988053027,29.41739646384521,32.439658302119184
2012-08-01,Bhola,2011,31.77,30.76,31.312931754503534,31.008207581153385,30.895954,31.071975833828812,31.258386607245416,31.361299031291292,31.318656650498117,29.801709718126457,32.82415379088061
2012-09-01,Bhola,2011,31.75,31.05,31.504635791402464,31.390059018837082,31.369923,31.615897440101335,31.60948398685232,31.48659893415511,31.42351996569661,29.993380994666328,33.0158905881386
2012-10-01,Bhola,2011,31.69,32.67,31.889416444570855,31.916581143067017,31.611193,31.815086094525885,31.90304157798344,31.86134881106122,31.58925939477094,30.378150537911655,33.40068235123005
2012-11-01,Bhola,2011,29.31,29.82,29.981205533753517,29.609575150053857,29.948784,29.795214943925707,29.84844034972922,29.953315034072283,29.730543997788473,28.469937720205042,31.492473347301992
2012-12-01,Bhola,2011,25.34,26.0,26.928649570750366,26.360403475524848,26.955894,26.269613634198933,26.845117267505625,26.898870553778778,26.722693632383983,25.41738691693519,28.439912224565543
2013-01-01,Bhola,2011,25.3,24.22,25.6569720256668,25.40806164773942,25.49035,25.290186247122953,25.628502582681076,25.59615756306466,25.39684976654204,24.143964106542967,27.169979944790633
2013-02-01,Bhola,2011,29.29,28.87,28.663953363049355,28.63998398842673,28.236223,28.576061511002464,28.694236777764736,28.603138900447217,28.47416775126363,27.150831960286958,30.177074765811753
2013-03-01,Bhola,2011,32.86,31.71,32.083135020696986,32.18103250603355,31.733921,32.170535052117025,32.15605386742616,32.028205618971455,31.913274659307316,30.56997246951257,33.5962975718814
2013-04-01,Bhola,2011,33.59,32.88,33.216064114770646,33.33900588907901,33.157337,33.246957512229045,33.31241951554648,33.21510480176171,33.09912747030617,31.702886644469967,34.72924158507132
2013-05-01,Bhola,2011,30.78,32.9,33.10035200599369,33.01336204968581,32.75232,32.98202028692193,33.254433815213275,33.09939269298476,33.09216647872146,31.587169130613802,34.61353488137358
2013-06-01,Bhola,2011,32.36,31.55,31.755606272135367,31.502677509150644,31.772871,31.26270203129092,31.92866215260158,31.809724242303957,31.7417271447491,30.242421450069376,33.26879109420136
2013-07-01,Bhola,2011,31.11,30.94,30.95014729811639,30.76839888023394,30.623182,30.521439671079406,31.07854396525913,31.015310329336828,30.923999818745767,29.436961806787004,32.46333278944578
2013-08-01,Bhola,2011,31.0,30.76,31.330448292210765,31.179978828469583,31.123203,31.106804972875185,31.430045262722288,31.3956113234312,31.225469119548247,29.817262659233677,32.84363392518785
2013-09-01,Bhola,2011,31.96,31.05,31.519681368222283,31.430982794928088,31.36964,31.436635429774977,31.578272414345417,31.509301839595484,31.357788211865905,30.006495962518773,33.0328667739258
2013-10-01,Bhola,2011,31.12,32.67,31.90297406474623,31.859907013649735,31.614506,31.679625823044116,31.904111344954437,31.897236885787276,31.652521534647676,30.38978950986296,33.4161586196295
2013-11-01,Bhola,2011,30.43,29.82,29.993867140160713,29.5916616870811,29.905354,29.576212898575566,29.960905363571985,29.98812996120176,29.6758847862405,28.480685012859237,31.50704926746219
2013-12-01,Bhola,2011,27.14,26.0,26.940771617973656,26.387195468626636,26.914331,26.289044797733304,26.904646169440618,26.935034439014704,26.64860491957982,25.427596214764794,28.45394702118252
2014-01-01,Bhola,2011,25.13,24.22,25.66876916257813,25.45423893232671,25.360947,25.54538351320848,25.660820881205314,25.60795469997599,25.445810754073165,24.153912074640292,27.183626250515967
2014-02-01,Bhola,2011,27.83,28.87,28.675554846334606,28.72322475929535,28.254208,28.76907164573448,28.71094370793747,28.614740383732467,28.48650151638907,27.160593397562362,30.19051629510685
2014-03-01,Bhola,2011,32.24,31.71,32.094618685802914,32.218518199273895,31.544798,32.095721303917315,32.175473072863774,32.033804223200775,31.930647429461942,30.579619396370088,33.609617975235736
2014-04-01,Bhola,2011,35.54,32.88,33.227476832439216,33.34973170335995,33.130096,33.12718982066255,33.35391884476274,33.22651751943028,33.13381762141753,31.712463823297398,34.74248984158103
2014-05-01,Bhola,2011,34.49,32.9,33.11172200072345,33.04569954892156,32.985847,32.69328938830418,33.26964019256047,33.11076268771451,33.08796331635278,31.596704021417054,34.62673998002984
2014-06-01,Bhola,2011,32.77,31.55,31.766950540079637,31.543107959991943,31.752527,31.25923716456491,31.9302251830738,31.821068510248228,31.7604280643838,30.251930771777985,33.28197030838129
2014-07-01,Bhola,2011,31.73,30.94,30.961476073973518,30.81268086860486,30.792078,30.5484326305171,31.10709999379813,31.026639105193954,30.92842053159214,29.446455693545467,32.47649645440157
2014-08-01,Bhola,2011,31.28,30.76,31.341767739084126,31.210265571400512,31.157328,31.11146372055708,31.450078098426275,31.406930770304562,31.243772394701573,29.82674723760487,32.85678824056338
2014-09-01,Bhola,2011,32.0,31.05,31.530995197393054,31.451977241086116,31.427887,31.41777309828338,31.589283902852852,31.520615668766254,31.356444085733656,30.015974930318563,33.046015464467544
2014-10-01,Bhola,2011,32.48,32.67,31.91428451106382,31.863706409387998,31.73626,31.54285842648581,31.92369369365278,31.908547332104867,31.6508730699673,30.399265096464838,33.4293039256628
2014-11-01,Bhola,2011,30.5,29.82,30.005175549400786,29.5843586432575,29.88623,29.39807503570144,29.98226312822063,29.999438370441833,29.686370392708884,28.490158560417402,31.52019253838417
2014-12-01,Bhola,2011,26.17,26.0,26.95207880053182,26.393636865592473,26.899145,26.303689109033805,26.92453487413962,26.946341621572866,26.657733146363206,25.437068527850506,28.46708907321313
2015-01-01,Bhola,2014,25.9,25.13,25.44018135097122,25.834429240050387,25.88636,24.82299661469094,25.42864310564205,25.509219429160115,25.586140572278858,23.975462645953336,26.904900055989103
2015-02-01,Bhola,2014,29.02,27.83,28.68992831576835,29.035154285149932,29.353693,28.04104511044726,28.75718420926301,28.773385517487633,28.766914723425064,27.182323894138847,30.19753273739785
2015-03-01,Bhola,2014,32.32,32.24,32.162879011275514,32.21727450423556,32.0769,32.89217450765914,32.370571564871526,32.210191744061454,32.32000048320834,30.642486538458567,33.683271484092465
2015-04-01,Bhola,2014,32.84,35.54,33.408927356195385,32.829521756287164,33.301826,34.3196100847322,33.51309804373777,33.43700034294718,33.444262008302374,31.884671447309465,34.933183265081304
2015-05-01,Bhola,2014,34.11,34.49,33.170716205911184,32.927668053315465,32.95076,34.0990448211227,33.255816360696144,33.159157096707666,33.00216358485635,31.645288622434748,34.69614378938762
2015-06-01,Bhola,2014,31.96,32.77,31.959580358477055,31.968376480271317,31.76051,32.36224281308509,32.16315262248046,31.944017370590686,31.99195826249645,30.43379703021546,33.48536368673865
2015-07-01,Bhola,2014,30.82,31.73,31.096555658151892,31.08381524957975,30.859402,31.149275515207545,31.296724209652503,31.265269868542937,31.11601867364434,29.570664285862627,32.62244703044116
2015-08-01,Bhola,2014,31.82,31.28,31.39826386846793,31.125721139438294,31.27232,31.443101713770687,31.42206496911999,31.474378023820044,31.375979342575594,29.872339695418113,32.924188041517745
2015-09-01,Bhola,2014,32.39,32.0,31.620405927201414,31.53320422355855,31.604034,31.8857591451863,31.668782195575563,31.662667129089737,31.423331840777863,30.09447185191493,33.1463400024879
2015-10-01,Bhola,2014,31.96,32.48,31.923762608887184,31.97579717107603,31.71751,32.425022441521435,31.92162261006375,31.884063553632725,31.68706672594935,30.39782572852563,33.44969948924874
2015-11-01,Bhola,2014,30.19,30.5,30.047728831213533,29.896662396533586,29.907284,30.44505579215611,29.935895694591956,29.931491235536157,29.82988242111498,28.52179176686333,31.573665895563735
2015-12-01,Bhola,2014,26.34,26.17,26.83102635705353,26.459969148321587,26.54569,26.36521539683786,26.743945773852143,26.687407713769687,26.619918674980195,25.30509143621187,28.35696127789519
2016-01-01,Bhola,2014,25.62,25.13,25.559854532898825,25.323677658819598,25.460964,24.772288118459137,25.53554512536386,25.483834597588938,25.383582473725685,24.03116021408164,27.08854885171601
2016-02-01,Bhola,2014,29.94,27.83,28.76169558350526,28.732339061501044,28.349667,28.29537583203918,28.818173553425513,28.737137434227098,28.526271696109607,27.23283274069149,30.290558426319034
2016-03-01,Bhola,2014,33.06,32.24,32.20824258551063,32.273435601292405,31.91938,32.66190351584852,32.316202205014264,32.16243432983818,32.01851113732533,30.679328553156072,33.737156617865196
2016-04-01,Bhola,2014,33.85,35.54,33.43973834246064,33.475740732936096,33.344566,34.022221816585834,33.571419289908555,33.43140664595778,33.307880468039315,31.910808760535165,34.968667924386125
2016-05-01,Bhola,2014,33.58,34.49,33.193506427331315,33.206357717158674,33.070763,33.68482521126422,33.35682000777773,33.14232367671882,33.125381162991346,31.66457212240032,34.72244073226231
2016-06-01,Bhola,2014,32.48,32.77,31.977949876938098,31.842220487076002,31.81036,32.10477542094561,32.15319141484659,31.978473654383876,31.91546999054473,30.449014139006948,33.50688561486925
2016-07-01,Bhola,2014,31.19,31.73,31.11248867398135,31.005794144085073,30.839283,31.061416072906283,31.247282433653588,31.113012451427128,31.049755952137986,29.583552506419903,32.6414248415428
2016-08-01,Bhola,2014,31.89,31.28,31.412853988127097,31.352065614173863,31.279896,31.347166216378977,31.49911854831638,31.413377765572875,31.28619955341417,29.883917708746957,32.94179026750724
2016-09-01,Bhola,2014,32.85,32.0,31.634255899856107,31.51384415704965,31.355675,31.79157044630326,31.659320047660074,31.573480932781713,31.47012153765984,30.105319648040698,33.16319215167152
2016-10-01,Bhola,2014,32.74,32.48,31.937204644129917,31.933438983184327,31.64032,32.36905870371571,31.9022135411545,31.876429677055523,31.695565178120496,30.408268603247553,33.46614068501228
2016-11-01,Bhola,2014,29.62,30.5,30.060946028780684,29.73667276326025,29.885447,30.280247510807456,29.992028446071945,30.00017106170629,29.760110937280828,28.53201071878437,31.589881338776998
2016-12-01,Bhola,2014,28.19,26.17,26.844119633698305,26.412324031125834,26.528894,26.39889799003354,26.779638856155163,26.78334466662391,26.537861307180066,25.315186740813427,28.373052526583184
2017-01-01,Bhola,2014,27.16,25.13,25.572879509624723,25.325917065112723,25.409994,24.878931152296555,25.5541448121266,25.496859574314836,25.345301198063417,24.04122135833463,27.104537660914815
2017-02-01,Bhola,2014,30.49,27.83,28.77468291623345,28.785966122678044,28.289335,28.376378623781118,28.819589409202813,28.687395758459477,28.56048142201245,27.242860437546593,30.306505394920304
2017-03-01,Bhola,2014,30.91,32.24,32.221209170475326,32.31102555206791,31.557407,32.51853267078518,32.32337380904515,32.133922012701355,32.038288014519544,30.6893367768793,33.75308156407135
2017-04-01,Bhola,2014,32.8,35.54,33.45269349214438,33.386547248919776,33.207256,33.8206164056584,33.59697989463136,33.40288289633396,33.30407851417353,31.920805936160203,34.98458104812855
2017-05-01,Bhola,2014,34.82,34.49,33.206455274376665,33.16422595069626,33.08309,33.490738058514374,33.37298770802519,33.191734081025814,33.133661279072065,31.674563113000563,34.73834743575277
2017-06-01,Bhola,2014,33.83,32.77,31.990895250238406,31.785325955478143,31.70444,32.010336686131254,32.15563001185072,31.991419027684184,31.93457996935035,30.459001691586657,33.522788808890155
2017-07-01,Bhola,2014,31.96,31.73,31.125432132701775,30.991791913353325,30.813282,30.99951889146192,31.264266602711174,31.125955910147553,31.05412804885028,29.593538155260944,32.657326110142606
2017-08-01,Bhola,2014,33.06,31.28,31.425796391612877,31.374015717706598,31.10663,31.31416274395042,31.514509122630006,31.426320169058656,31.3103683371361,29.893902305610546,32.95769047761521
2017-09-01,Bhola,2014,32.9,32.0,31.64719772174163,31.508531712764274,31.3511,31.70717150173904,31.67274380863817,31.586422754667236,31.472321093342106,30.11530366417467,33.17909177930859
2017-10-01,Bhola,2014,31.67,32.48,31.95014614546222,31.91140443128782,31.61409,32.25566446846272,31.91731536761722,31.889371178387826,31.709568270444276,30.41825229870168,33.48203999222276
2017-11-01,Bhola,2014,30.47,30.5,30.073887353437744,29.663990084662416,29.81505,30.158019508273654,30.006917612404706,30.01311238636335,29.781538891699014,28.5419942362373,31.605780470638187
2017-12-01,Bhola,2014,26.74,26.17,26.85706086097952,26.36084102705797,26.580425,26.404849963511694,26.795218255705578,26.796285893905125,26.550687581088397,25.3251701562494,28.38895156570964
2018-01-01,Bhola,2017,24.7,27.16,25.73877347880591,27.20795674763633,26.134867,26.00762753778688,25.771048327708954,25.73103787531693,25.841149043654255,24.26605087513075,27.21149608248107
2018-02-01,Bhola,2017,29.6,30.49,29.0430768763963,30.084566386131378,29.654743,29.486198137814682,29.060799872063384,29.024250376814962,29.291573054588483,27.525475889102626,30.56067786368997
2018-03-01,Bhola,2017,33.05,30.91,32.262432341493096,32.531089197545114,32.245262,32.60810610341057,32.30616003036244,32.20693113750907,32.41721755488099,30.73152896102991,33.79333572195628
2018-04-01,Bhola,2017,33.17,32.8,33.47981590042689,33.27928896815678,33.042233,33.88851025034421,33.571265656882225,33.46494662399271,33.634078408988145,31.944915526397367,35.01471627445642
2018-05-01,Bhola,2017,32.32,34.82,33.46807962650789,33.37677465198108,32.33149,34.3825433221422,33.59382823716682,33.4392227604462,33.81522235690271,31.93197349996992,35.00418575304585
2018-06-01,Bhola,2017,32.86,33.83,32.226619402268255,32.447414012697834,31.54019,32.95383786762461,32.31137687453799,32.211155760423566,32.36550164004948,30.69014911229831,33.763089692238204
2018-07-01,Bhola,2017,31.79,31.96,31.247487726272592,31.57228690036353,31.239138,31.992070574626148,31.419667620564763,31.218630860210904,31.246764995223927,29.710907414549673,32.78406803799551
2018-08-01,Bhola,2017,32.34,33.06,31.665140677741558,31.71352785843849,31.47966,32.174448952421535,31.732342692690395,31.5794276413832,31.61339164775739,30.128527131569168,33.20175422391395
2018-09-01,Bhola,2017,33.68,32.9,31.923197805415757,32.02264693098367,31.685305,32.03619805718924,31.902255764932228,31.866642172913917,31.74054461350809,30.386574249891606,33.459821360939905
2018-10-01,Bhola,2017,31.95,31.67,32.05497412949181,31.93991436623816,31.72437,32.13272547297621,32.03314956708067,32.01766827523089,31.90068825013502,30.518347659217213,33.59160059976641
2018-11-01,Bhola,2017,30.51,30.47,30.152433377108363,29.812187389307006,29.689857,29.97716437943372,30.083713352064095,30.11512752284744,29.90987117222366,28.615806389531528,31.689060364685197
2018-12-01,Bhola,2017,26.26,26.74,26.964644569051003,26.762702864934084,26.61995,26.554007940901272,26.908014032254368,26.927338714790082,26.6954817138588,25.42801862798675,28.50127051011526
2019-01-01,Bhola,2017,27.37,27.16,25.78042962202124,26.374449233439712,25.427618,25.58368405512142,25.768910236946073,25.74312376776032,25.64449946395499,24.240687697633618,27.320171546408865
2019-02-01,Bhola,2017,28.55,30.49,29.073762707846914,29.666768149720333,28.569984,29.165904198720863,29.113369524135994,29.036456853585992,29.039524759544936,27.53382444048768,30.613700975206147
2019-03-01,Bhola,2017,31.73,30.91,32.28708772498079,32.65243430622982,32.24034,32.54474457994291,32.38370526205258,32.24978187071987,32.1492664651259,30.74709013226857,33.82708531769301
2019-04-01,Bhola,2017,33.92,32.8,33.50115630951701,33.670540406649636,33.250893,33.81534513017246,33.63050635363472,33.463850455256086,33.39366840711244,31.96114079058879,35.04117182844523
2019-05-01,Bhola,2017,34.5,34.82,33.487597773748774,33.47441744185679,33.019867,34.06799574121356,33.62480644501901,33.45029191948785,33.40516388722375,31.94757683824999,35.027618709247555
2019-06-01,Bhola,2017,33.87,33.83,32.24513584094404,32.17632653757568,31.85703,32.722021676569945,32.38895409110514,32.207829986683116,32.17068410088839,30.705113269600425,33.78515841228765
2019-07-01,Bhola,2017,31.9,31.96,31.26545351957881,31.234101407232927,30.865732,31.592198110578252,31.385335975595382,31.228147665317888,31.198471572570018,29.725430456944867,32.80547658221275
2019-08-01,Bhola,2017,32.43,33.06,31.682803777895714,31.624722629424035,31.399723,31.829119246591986,31.758186651255997,31.645497923634792,31.57465985472414,30.142780576811887,33.22282697897954
2019-09-01,Bhola,2017,32.19,32.9,31.940694513279393,31.885277576580766,31.381672,31.865584947753682,31.96299458271329,31.90338865901847,31.77479694583551,30.400671303474457,33.480717723084325
2019-10-01,Bhola,2017,32.03,31.67,32.07237937048824,31.903782661015896,31.634312,32.008992054175984,32.041088978729746,32.03507351622732,31.807864235374765,30.532356267636988,33.61240247333949
2019-11-01,Bhola,2017,30.23,30.47,30.16978833820438,29.632745831490773,29.91684,29.893175247364205,30.111627531967905,30.13248248394346,29.90086702534622,28.62976563033744,31.70981104607132
2019-12-01,Bhola,2017,25.65,26.74,26.981971890976,26.563185157640937,26.496696,26.51218579762624,26.934237235357486,26.944666036715077,26.694896895604856,25.441950502641504,28.521993279310493
2020-01-01,Bhola,2017,24.57,27.16,25.79774175052365,26.026289162505243,25.294123,25.42123482133962,25.792781703027256,25.760435896262727,25.569732844162555,24.254641311848484,27.340842189198813
2020-02-01,Bhola,2017,27.79,30.49,29.09106648443132,29.500103399992533,28.434088,28.990721680983256,29.142600564036513,29.053760630170398,28.902169136550356,27.547774253666045,30.634358715196594
2020-03-01,Bhola,2017,32.21,30.91,32.304386910464416,32.59217351380215,31.645105,32.46783774348168,32.403588756618696,32.267081056203494,32.1476876448951,30.761036729281322,33.84773709164751
2020-04-01,Bhola,2017,32.88,32.8,33.51845297124425,33.568879049475164,33.171577,33.680442868448935,33.64771710854519,33.48114711698333,33.388216417522855,31.975085279297044,35.061820663191455
2020-05-01,Bhola,2017,33.49,34.82,33.50489304815159,33.39024835412625,33.131935,33.8440335234181,33.648907508245316,33.467587193890665,33.42614870152139,31.961520065171197,35.04826603113197
2020-06-01,Bhola,2017,32.33,33.83,32.26243035272606,32.0026084957643,31.733309,32.43522221923746,32.40456288735254,32.225124498465135,32.179042009712326,30.71905577183317,33.805804933618944
2020-07-01,Bhola,2017,32.43,31.96,31.282747612143485,31.12061036754592,30.826742,31.35253629347111,31.403653971696503,31.245441757882563,31.202421493260122,29.739372551415954,32.826122672871016
2020-08-01,Bhola,2017,31.76,33.06,31.700097640014032,31.573113256461678,31.198362,31.61784891448588,31.779075438350223,31.66279178575311,31.575428175356354,30.156722444276525,33.24347283575154
2020-09-01,Bhola,2017,33.0,32.9,31.95798824871993,31.809067708203685,31.400984,31.715786742926117,31.981033544132863,31.920682394459007,31.81311094399946,30.414613045228855,33.501363452211
2020-10-01,Bhola,2017,33.01,31.67,32.08967303629322,31.900221122266423,31.623894,31.96117627190704,32.06061678002333,32.0523671820323,31.859457256944694,30.54629793981018,33.63304813277626
2020-11-01,Bhola,2017,30.61,30.47,30.187081965730265,29.558407424958137,29.808805,29.838657040387663,30.130682184924247,30.149776111469343,29.900890820906007,28.643707263460307,31.730456668000222
2020-12-01,Bhola,2017,26.41,26.74,26.99926549745963,26.422440911074546,26.435154,26.505748345710995,26.953376424503016,26.961959643198707,26.69331209868232,25.45589211188245,28.54263888303681
2021-01-01,Bhola,2020,26.63,24.57,25.707244600753317,25.49983356940963,25.814867,25.280006478932712,25.622627372040142,25.57095312664939,25.760223762839402,24.22656375619616,27.187925445310473
2021-02-01,Bhola,2020,29.51,27.79,29.021627061658723,28.580821143181485,29.535568,28.0010432397535,29.10351512543556,28.94024492114149,28.82537997770808,27.49600186073512,30.547252262582326
2021-03-01,Bhola,2020,33.82,32.21,32.32175175246347,32.19105558710185,32.361828,32.18576772397247,32.3947966352205,32.25488177832712,32.42811400547314,30.783232155478796,33.86027134944814
2021-04-01,Bhola,2020,35.13,32.88,33.512474492640045,33.468202151099014,33.438602,33.753148853104385,33.56943546192853,33.39537318840697,33.50726423424224,31.970204732029504,35.05474425325059
2021-05-01,Bhola,2020,34.36,33.49,33.55660617276886,33.71453424909531,33.007374,34.11862299627156,33.64507568892247,33.5930181287215,33.45427335420202,32.01324152424118,35.09997082129654
2021-06-01,Bhola,2020,31.87,32.33,32.49074462612808,32.7062856322143,31.734528,32.92451569324232,32.67987842528277,32.56426953335941,32.81919145838672,30.947059961222916,34.03442929103324
2021-07-01,Bhola,2020,32.09,32.43,31.49533936760793,31.66699022484801,30.897932,31.73433436359277,31.612829160895604,31.54274783290396,31.55226444113091,29.9515611378985,33.03911759731736
2021-08-01,Bhola,2020,32.69,31.76,31.856359309124027,31.737798953230108,31.27941,31.900273563101166,31.92332195160636,31.86849713099954,31.92003143405592,30.312553723128666,33.40016489511939
2021-09-01,Bhola,2020,32.82,33.0,32.223100680789194,32.2904115856791,31.695982,32.2476575357939,32.297814982379414,32.24962444969102,31.96407801813538,30.67928710413736,33.76691425744103
2021-10-01,Bhola,2020,33.5,33.01,32.180011015205,32.39578099670833,31.765945,32.30784141106139,32.15490573393843,32.12066151928744,31.80142139156296,30.63619513165277,33.723826898757224
2021-11-01,Bhola,2020,30.25,30.61,30.273644220351553,30.209897480367523,30.331724,30.3403804385478,30.14522256445655,30.123402681469297,29.927822349459145,28.729827763763957,31.81746067693915
2021-12-01,Bhola,2020,26.68,26.41,26.82074672122678,26.511839369333423,26.499428,26.61066075108228,26.716585823260324,26.688961999017803,26.617636371068947,25.276930444318157,28.3645629981354
2022-01-01,Bhola,2020,25.14,24.57,25.774162066984868,25.392381703886237,25.203146,25.184465286001018,25.73734975047333,25.687403259683347,25.561125017646056,24.226131710306376,27.32219242366336
2022-02-01,Bhola,2020,27.52,27.79,29.06638167931797,28.691950297165317,28.336124,28.397340905323077,29.085976636316527,29.04091991617443,28.89012721736662,27.518089328307745,30.614674030328196
2022-03-01,Bhola,2020,33.42,32.21,32.35452168725484,32.294926913471706,31.817968,32.318041531521075,32.41510050789271,32.35151108179294,32.192632949085024,30.806152733150853,33.90289064135882
2022-04-01,Bhola,2020,33.69,32.88,33.53876364392675,33.46257234576165,33.29801,33.61354748011044,33.6372688430024,33.54675616299249,33.457353907987674,31.990372290545736,35.08715499730776
2022-05-01,Bhola,2020,33.37,33.49,33.57939080455368,33.58210365503976,33.127605,33.80969119260398,33.71095330949814,33.58139548710575,33.55555006834899,32.0309929013781,35.127788707729266
2022-06-01,Bhola,2020,32.74,32.33,32.511634169621466,32.453893462774545,31.682457,32.558419255085205,32.64716625187998,32.513638852173536,32.42011464674774,30.963234351399297,34.06003398784363
2022-07-01,Bhola,2020,33.11,32.43,31.515204131632853,31.417123141444666,30.924385,31.500332590518497,31.628959021518884,31.509879175137538,31.43012267581665,29.966803754160047,33.06360450910566
2022-08-01,Bhola,2020,32.96,31.76,31.87566991798704,31.676094625158008,31.31492,31.627882121916517,31.95522300001523,31.870344961491725,31.725349538722586,30.327269379511495,33.42407045646259
2022-09-01,Bhola,2020,33.04,33.0,32.24211162718538,32.06120821386328,31.300062,31.914651071933516,32.26251282298604,32.225783547559416,32.046324716023314,30.69371105028667,33.79051220408409
2022-10-01,Bhola,2020,32.72,33.01,32.198859917465896,32.21500383756512,31.66504,32.13917533496062,32.15078685111643,32.18253183783993,31.92868454180138,30.650459358935613,33.74726047599618
2022-11-01,Bhola,2020,31.19,30.61,30.292405496350618,30.006565199757976,29.815855,30.059673246309544,30.203609430222947,30.221929225138517,29.965023062273715,28.744005044430775,31.84080594827046
2022-12-01,Bhola,2020,27.95,26.41,26.839460612840412,26.408506688172743,26.463259,26.516466235374512,26.754717375424992,26.75270180553889,26.52526448745206,25.291060538311218,28.387860687369606
2023-01-01,Bhola,2020,26.41,24.57,25.79285033523017,25.389509033524067,25.157223,25.268482633066945,25.749504384263282,25.726721269180118,25.561659838047415,24.240277420984953,27.345423249475388
2023-02-01,Bhola,2020,29.91,27.79,29.085056091585216,28.72778141538168,28.46408,28.52587915726219,29.098430247959648,29.08204548612332,28.890169101900685,27.5322258234738,30.63788635969663
2023-03-01,Bhola,2020,32.33,32.21,32.373188606825366,32.30531834034396,31.63272,32.242525406708126,32.43896859025146,32.37017800136347,32.187873401723806,30.820283092251326,33.9260941213994
2023-04-01,Bhola,2020,35.42,32.88,33.55742651178011,33.46991333618067,33.143013,33.480017973866,33.661487927410185,33.565419030845845,33.39866051578071,32.00449899460321,35.110354028957005
2023-05-01,Bhola,2020,34.39,33.49,33.59805148141859,33.51658569857589,33.42979,33.53492262359549,33.72446792513922,33.606044000484324,33.49727658497827,32.0451175304387,35.15098543239847
2023-06-01,Bhola,2020,33.48,32.33,32.53029366169726,32.27337140006101,31.839804,32.28652374419922,32.662260104847086,32.538286180762995,32.453172958781934,30.977357829587813,34.083229493806705
2023-07-01,Bhola,2020,33.47,32.43,31.533862983027376,31.293231573404263,30.98367,31.277669505086894,31.651103908253113,31.52853802653206,31.433586903115696,29.980926601583015,33.08679936447174
2023-08-01,Bhola,2020,32.15,31.76,31.89432842292963,31.615541025580864,31.09433,31.512664454857557,31.972177910348872,31.889003466434314,31.741267671282422,30.341391883374655,33.4472649624846
2023-09-01,Bhola,2020,33.0,33.0,32.26076994478217,31.969146752772076,31.331194,31.78070706641077,32.278532093980814,32.244441865156205,32.048859654144835,30.70783336762445,33.81370652193989
2023-10-01,Bhola,2020,32.8,33.01,32.21751813375441,32.135587019675704,31.63602,31.99425895092195,32.17223780084047,32.201190054128446,31.94186443118191,30.66458157511855,33.77045469239027
2023-11-01,Bhola,2020,31.05,30.61,30.311063657856124,29.876338449224562,29.852665,29.855260232542772,30.22542276291607,30.224304850554603,29.99921876243478,28.758127205579857,31.86400011013239
2023-12-01,Bhola,2020,27.44,26.41,26.8581187447217,26.32341877603622,26.470953,26.390345257857383,26.77352330774956,26.77135993742018,26.545012171798632,25.305182668751463,28.411054820691938
2012-01-01,Mymensingh,2011,23.16,22.25,23.674163571537754,24.32637596965145,24.745867,22.97319770984925,23.50497466825965,23.53145585113885,23.292394243481855,21.869688975500793,25.478638167574715
2012-02-01,Mymensingh,2011,27.4,27.32,26.93818220325821,27.323419662523477,27.302147,27.48104784893681,26.899600076683154,26.87045052477234,26.860990216585325,25.060139742134197,28.816224664382226
2012-03-01,Mymensingh,2011,31.37,29.96,30.428704468789242,30.975988257357187,30.544476,31.426004777590688,30.486846006648644,30.325936181726597,30.573205861013648,28.54921736263877,32.30819157493971
2012-04-01,Mymensingh,2011,31.09,31.94,31.756413159518353,32.408084449502454,32.262127,33.03358626626014,31.695758052255318,31.819156815855614,31.665428237403304,29.872484045882743,33.64034227315396
2012-05-01,Mymensingh,2011,33.43,31.71,31.920644256696075,32.022906186009756,31.389807,32.13707607121398,31.867780390969642,31.99600101582703,32.018790102349584,30.03601781710649,33.80527069628566
2012-06-01,Mymensingh,2011,31.4,32.1,31.49155440674329,31.322154778307215,31.218033,31.857843508830747,31.44306100718325,31.5551763822248,31.619539344017216,29.605517242121284,33.3775915713653
2012-07-01,Mymensingh,2011,31.55,31.69,31.286425333556306,31.284028087343046,31.524313,31.494317849651374,31.224077462009674,31.42690047257818,31.076747526007935,29.3994417588258,33.17340890828681
2012-08-01,Mymensingh,2011,32.15,31.32,31.701362444762708,31.734776441588192,31.618689,32.422908476613614,31.62838870603671,31.703341747377635,31.863317383742906,29.813449986422167,33.589274903103245
2012-09-01,Mymensingh,2011,32.01,32.2,31.573590784331348,31.72318738668816,31.467802,32.16612181333038,31.518549789113134,31.59903597738364,31.289065046426902,29.68489112419386,33.462290444468834
2012-10-01,Mymensingh,2011,31.71,32.35,31.375641965129596,31.31923884687955,31.252226,31.71531753375634,31.339198998467552,31.423537106075507,30.95471958237171,29.48623742464565,33.26504650561354
2012-11-01,Mymensingh,2011,28.37,28.72,29.39493018994743,28.834403486285705,29.17112,28.89851285284097,29.308717478105766,29.379065402324144,29.082552530801717,27.504908146747873,31.28495223314699
2012-12-01,Mymensingh,2011,22.89,24.51,26.02859676373177,25.446392670188608,25.721077,25.036714212534232,25.89761323873678,25.981540088774494,25.794219087657854,24.138027782569218,27.919165744894322
2013-01-01,Mymensingh,2011,23.85,22.25,23.881326488985735,24.14350843662558,24.434292,23.792863477584618,23.75329396263976,23.796780064537245,23.601884955295738,21.99068026578313,25.77197271218834
2013-02-01,Mymensingh,2011,28.33,27.32,27.08538769631817,27.30803480450358,26.787651,27.759776180580257,26.934820900796346,26.960314784936447,26.948164774283487,25.194155713888165,28.976619678748172
2013-03-01,Mymensingh,2011,31.83,29.96,30.423457430818694,31.11233097912395,30.779278,31.25834271028375,30.266292801550453,30.350078189888613,30.167377374262873,28.531870397666857,32.31504446397053
2013-04-01,Mymensingh,2011,32.48,31.94,31.781619027397223,32.49540265881367,32.268158,32.547365924262216,31.614500187799464,31.628236979386397,31.67431015274061,29.889668389578524,33.67356966521592
2013-05-01,Mymensingh,2011,30.5,31.71,31.90114378931717,32.01224753221511,31.157228,31.881181654939518,31.736907035199213,31.867383152272264,31.79455256924246,30.00888955126154,33.7933980273728
2013-06-01,Mymensingh,2011,33.06,32.1,31.540958890920635,31.4043361447742,31.290758,31.804861569036486,31.387157652980903,31.45881413877582,31.38654720845922,29.648431236217426,33.43348654562384
2013-07-01,Mymensingh,2011,32.29,31.69,31.316221888961707,31.323269192883135,31.204693,31.37377296024219,31.17380377751532,31.315611935073946,31.214554537776777,29.423454939151966,33.20898883877145
2013-08-01,Mymensingh,2011,31.7,31.32,31.662305894525762,31.907380460516965,31.713846,32.23180183278478,31.538435455797163,31.635739208417053,31.40462065812241,29.7693272366656,33.55528455238593
2013-09-01,Mymensingh,2011,32.39,32.2,31.622382531438536,31.704694961012404,31.478992,31.86874973681917,31.520314131245435,31.622560919758445,31.3951839000296,29.729217370162697,33.51554769271438
2013-10-01,Mymensingh,2011,30.49,32.35,31.455261586903863,31.293473112892492,31.279516,31.45271653421421,31.368230148404823,31.455439975223772,31.13936700809666,29.561931763968317,33.34859140983941
2013-11-01,Mymensingh,2011,29.6,28.72,29.329539908079585,28.984992937824487,29.270681,28.772568684188464,29.23804952518422,29.322787736525914,28.98384230432719,27.436065116862157,31.223014699297014
2013-12-01,Mymensingh,2011,25.07,24.51,25.889528225969023,25.63607339771852,26.083105,25.164683148994317,25.773479595146103,25.889706614288933,25.539826742414665,23.99592528329336,27.783131168644687
2014-01-01,Mymensingh,2011,24.28,22.25,23.856971888504024,24.13710799797172,24.370941,23.9655825245667,23.711758706091672,23.79826265450477,23.607366867659636,21.956659328351797,25.75728444865625
2014-02-01,Mymensingh,2011,25.6,27.32,27.066574211063386,27.26509443120443,26.781906,27.744707247029098,26.89546861137812,26.99408357852936,26.835450135033543,25.164918601646924,28.96822982047985
2014-03-01,Mymensingh,2011,30.59,29.96,30.417748144639695,31.09829128740662,30.790005,31.15603318504446,30.235734650454134,30.318512438608373,30.229284960053455,28.51606165948942,32.319434629789974
2014-04-01,Mymensingh,2011,33.54,31.94,31.773488836600766,32.48367097675003,32.19499,32.42817737343845,31.593667602322892,31.674253130569443,31.58215224417059,29.87156474295863,33.675412930242906
2014-05-01,Mymensingh,2011,33.17,31.71,31.896699636838875,32.03303923537711,31.433884,31.786949172590997,31.72575450255403,31.811245336792908,31.75802192149421,29.99465713379853,33.79874213987922
2014-06-01,Mymensingh,2011,32.33,32.1,31.53069206910816,31.432355808719628,31.290758,31.71647796189251,31.370091059910408,31.497194824988515,31.4045668445378,29.628517556134952,33.43286658208137
2014-07-01,Mymensingh,2011,32.46,31.69,31.307467571857618,31.32227753670176,31.152306,31.363477593738484,31.15934153105882,31.273970327737974,31.15439332938682,29.405186084306592,33.209749059408644
2014-08-01,Mymensingh,2011,31.72,31.32,31.65978486923704,31.922914253561032,31.7567,32.15232235496846,31.53056804109486,31.65996325755695,31.448503028162982,29.757405913206444,33.56216382526764
2014-09-01,Mymensingh,2011,31.94,32.2,31.61197407867214,31.704330083828623,31.505083,31.758229996421303,31.505641006789425,31.61215246699205,31.338914935242105,29.70951019831144,33.51443795903284
2014-10-01,Mymensingh,2011,31.77,32.35,31.44232108049082,31.326054624558665,31.329302,31.34889548061332,31.3513537155773,31.44249946881073,31.126892009515966,29.539781903652422,33.34486025732922
2014-11-01,Mymensingh,2011,29.9,28.72,29.32915610653535,29.078152288329377,29.296076,28.678529346600687,29.23474367867074,29.32933449485526,28.978016230726254,27.426550780379245,31.231761432691457
2014-12-01,Mymensingh,2011,24.69,24.51,25.89575775497636,25.71640474924333,26.055086,25.18355895884593,25.778338263618107,25.889005583422687,25.562260712116952,23.993094045537998,27.79842146441472
2015-01-01,Mymensingh,2014,24.23,24.28,23.42537750115859,24.051490020979305,24.268064,23.429041753430393,23.482068799879876,23.18887263348567,23.620282296727723,21.589650859952034,25.261104142365145
2015-02-01,Mymensingh,2014,26.83,25.6,27.323013479142606,26.96777832277027,26.90333,26.17346116162043,27.298297596353155,27.28990141513866,26.903553376381463,25.425450450599833,29.22057650768538
2015-03-01,Mymensingh,2014,30.57,30.59,30.50733926209196,30.81825279413329,30.77985,31.231473135181858,30.589399576628907,30.356309630596485,30.612855507404067,28.60845104938987,32.40622747479405
2015-04-01,Mymensingh,2014,30.57,33.54,31.958815927505785,32.20348996558423,32.633545,32.91148114366605,32.07414682107765,32.07293065160542,31.973121479907146,30.057294574926768,33.860337280084806
2015-05-01,Mymensingh,2014,32.17,33.17,31.845494575278178,32.01576917066891,31.217468,32.27151122871595,31.7473538112168,31.80888923950614,31.72296826617282,29.94361272271464,33.747376427841715
2015-06-01,Mymensingh,2014,31.57,32.33,31.83779855446096,31.46860686139427,31.11465,32.292622592846044,31.763774526820924,31.910538937907177,31.927516983263313,29.935238855503915,33.74035825341801
2015-07-01,Mymensingh,2014,31.93,32.46,31.40789296475346,31.48224330807633,31.267723,31.603367951615613,31.41363028053941,31.72864442315991,31.373045168190274,29.5049077903035,33.310878139203425
2015-08-01,Mymensingh,2014,31.77,31.72,31.813391675649807,31.83205543482768,31.542835,31.964280761678104,31.651545745798597,31.73972178012006,31.761271630243474,29.910023550015936,33.71675980128368
2015-09-01,Mymensingh,2014,32.44,31.94,31.706365582010203,31.77353584090803,31.463552,32.37624851135233,31.72554954937769,31.62416452582782,31.725060585469272,29.802695720547128,33.61003544347328
2015-10-01,Mymensingh,2014,32.45,31.77,31.48104007527385,31.567980512047534,31.305185,31.991668930019635,31.328810453330266,31.38566908970628,31.20086244723475,29.577120925037537,33.38495922551016
2015-11-01,Mymensingh,2014,29.95,29.9,29.22491078163457,29.421089587798395,29.345173,30.06519821404663,29.176321163882847,29.01114958609414,29.06949965276799,27.320789156768427,31.129032406500713
2015-12-01,Mymensingh,2014,25.34,24.69,25.52552354724557,25.6337508904232,25.917057,25.662714598365085,25.338823929074355,25.41487718762309,25.14624883183185,23.62123656764297,27.42981052684817
2016-01-01,Mymensingh,2014,23.74,24.28,23.777445002098432,23.83256847631042,24.39495,23.635866613901264,23.63043852961271,23.614094390173307,23.613695839674445,21.873016743117113,25.68187326107975
2016-02-01,Mymensingh,2014,27.84,25.6,27.137065474682263,26.897169358384172,26.872646,26.32454152953194,26.97369107180901,27.160262641303948,26.778287177627664,25.232359599608547,29.04177134975598
2016-03-01,Mymensingh,2014,31.08,30.59,30.612954129725505,30.84842836301572,30.908026,30.94926369859448,30.432481364377324,30.577093147933294,30.38744273467358,28.708174854451105,32.5177334049999
2016-04-01,Mymensingh,2014,32.47,33.54,32.02264790331614,32.45076114673978,32.37207,32.51887221018506,31.85324951396308,31.99266015460384,31.763001118640815,30.117771690084492,33.927524116547794
2016-05-01,Mymensingh,2014,32.04,33.17,32.02597706211322,32.21916673044325,31.34449,32.212802296114084,31.838599293462597,32.012235301598544,31.9261062253501,30.121033463526224,33.93092066070022
2016-06-01,Mymensingh,2014,32.74,32.33,31.81593492924324,31.49811198765906,31.120188,31.883485785923913,31.634684620177094,31.813062774195288,31.733923885533308,29.91093299832307,33.72093686016341
2016-07-01,Mymensingh,2014,31.7,32.46,31.550580480933363,31.378741845052232,31.086002,31.452143848972568,31.390067301898483,31.5187262202205,31.457329347569324,29.64553194644219,33.455629015424535
2016-08-01,Mymensingh,2014,33.23,31.72,31.751681315153867,31.937355416337816,31.666307,31.740651039639154,31.582312223845268,31.71144059896472,31.529593082923988,29.846594464398418,33.65676816590931
2016-09-01,Mymensingh,2014,32.04,31.94,31.768031450056476,31.800338854751235,31.447836,32.02188600794377,31.63624392788676,31.65175416513626,31.568261048339913,29.862913419858145,33.67314948025481
2016-10-01,Mymensingh,2014,32.42,31.77,31.46147303166961,31.586816055168242,31.34789,31.83998658528384,31.31468093644548,31.404525178253405,31.135249337316974,29.55632953954626,33.366616523792956
2016-11-01,Mymensingh,2014,29.52,29.9,29.31634439352801,29.39536894759098,29.233532,30.003160452487023,29.174182228338736,29.183359963930155,29.01763653728138,27.411180129571868,31.22150865748415
2016-12-01,Mymensingh,2014,27.57,24.69,25.416405996946096,25.879588088741098,26.09628,25.972469528461385,25.24871723683872,25.334170399872065,25.058875031649023,23.5112248792161,27.321587114676092
2017-01-01,Mymensingh,2014,25.93,24.28,23.773438161883696,23.855728964033005,24.455057,23.887383228507503,23.589966032069064,23.734602807734355,23.520103904664985,21.858486466703,25.688389857064394
2017-02-01,Mymensingh,2014,28.3,25.6,27.122238945982357,26.8359255313284,26.91125,26.34876884293068,26.928404303954988,27.107562014668186,26.80782994806289,25.20637772031409,29.038100171650623
2017-03-01,Mymensingh,2014,28.06,30.59,30.624682648876558,30.81762644434586,31.064901,30.659694363345512,30.425334244208173,30.620798528032253,30.368728640931824,28.70882055726453,32.540544740488585
2017-04-01,Mymensingh,2014,30.39,33.54,31.99126330524449,32.4242116367637,32.824333,32.38545572086306,31.796061404914006,31.987379184400186,31.77694232537294,30.07533208546072,33.90719452502827
2017-05-01,Mymensingh,2014,32.72,33.17,32.02672663968938,32.2222183562553,31.45919,31.993477878269676,31.83424277299626,32.0129848791747,31.8818336789345,30.11077485407009,33.942678425308664
2017-06-01,Mymensingh,2014,31.89,32.33,31.796027071251004,31.512874419030837,31.272852,31.736280738292326,31.60874872477869,31.80041476379934,31.701357052766316,29.88004964733173,33.71200449517028
2017-07-01,Mymensingh,2014,31.65,32.46,31.550906312214238,31.353851193275606,31.045013,31.33984822843262,31.3740620450907,31.50825923730622,31.405498792116955,29.63491074469923,33.46690187972925
2017-08-01,Mymensingh,2014,32.15,31.72,31.73854210425369,31.952924981274258,31.767962,31.570580393087326,31.572548997028967,31.681594250837485,31.50533347097983,29.822530936474113,33.65455327203326
2017-09-01,Mymensingh,2014,32.39,31.94,31.77234271690573,31.802210717808514,31.494677,31.86563151515248,31.62331301288056,31.639358287307875,31.5415829987616,29.85631905532251,33.68836637848895
2017-10-01,Mymensingh,2014,31.48,31.77,31.447413194213237,31.5981763365584,31.338415,31.70234391990279,31.302876273221063,31.390465340797032,31.143439728718484,29.531379273615958,33.36344711481052
2017-11-01,Mymensingh,2014,29.88,29.9,29.315632301538773,29.43489539126173,29.277128,29.964897310051175,29.164669111600706,29.278219255774804,28.997888243527267,27.39959002679633,31.23167457628122
2017-12-01,Mymensingh,2014,26.82,24.69,25.41229210441823,25.972973903113242,26.041466,26.16078340395335,25.243579542680568,25.3300565073442,25.076921022510483,23.496243106183403,27.32834110265306
2018-01-01,Mymensingh,2017,22.75,25.93,24.27569972548464,24.963386120583447,24.687107,25.093671006684957,24.27114282162792,24.31748672772029,24.213157600178114,22.439675106093766,26.111724344875512
2018-02-01,Mymensingh,2017,27.3,28.3,27.258320158558032,26.744577997315176,27.405619,27.051976447225663,27.33622514384848,27.188541641669413,27.20264996962946,25.362868257350385,29.15377205976568
2018-03-01,Mymensingh,2017,31.11,28.06,30.706634893826674,29.665046755355128,30.805384,30.22406311181488,30.732368881183667,30.645230311713647,30.795234944798427,28.808341036070637,32.60492875158271
2018-04-01,Mymensingh,2017,30.41,30.39,31.911788153848434,32.1892362807863,32.162037,32.03100619261585,31.881195287234732,31.871647126427675,31.752595199974916,30.0132400869266,33.81033622077027
2018-05-01,Mymensingh,2017,30.54,32.72,32.091849125044796,32.39969594335103,31.171608,32.04883168163887,32.12743881179452,32.06588393175826,32.05097807673045,30.193284783651638,33.99041346643796
2018-06-01,Mymensingh,2017,32.37,31.89,31.874015169976506,31.793690449916134,31.856987,31.743261370301585,31.77657428485988,31.848049976689968,31.750225846763016,29.975449583152933,33.77258075680008
2018-07-01,Mymensingh,2017,32.45,31.65,31.633720324820423,31.621382429101946,31.396046,31.272565019182128,31.611479328505723,31.607755131533885,31.463340625945783,29.73515465146935,33.532285998171496
2018-08-01,Mymensingh,2017,32.75,32.15,31.912431614145664,31.87633958004983,31.560963,31.523643835854223,31.89581193311002,31.886466420859126,31.883366281407366,30.01386593446504,33.81099729382628
2018-09-01,Mymensingh,2017,32.71,32.39,31.895582329850512,32.010410185659154,31.63276,31.53096533421102,31.84859328567583,31.88805914288001,31.705759095390427,29.99701664974849,33.794148009952536
2018-10-01,Mymensingh,2017,30.9,31.48,31.65381008583564,31.725556680540276,31.508083,31.45650374734257,31.63891804689048,31.627844892549103,31.518584757297337,29.755244406156184,33.5523757655151
2018-11-01,Mymensingh,2017,29.31,29.88,29.45007642205062,29.95809245817296,29.452349,29.737162857072487,29.415249078983166,29.424111228764083,29.136317228351434,27.551510747452674,31.348642096648568
2018-12-01,Mymensingh,2017,25.96,26.82,25.697321636736007,26.653025702740436,25.94429,26.46653336553591,25.688438651925775,25.67135644344947,25.55305888828203,23.79875606669986,27.595887206772154
2019-01-01,Mymensingh,2017,26.28,25.93,24.123653039855448,24.109075136765895,24.030985,24.401551582852832,24.00920898923002,24.09768784656891,23.817276400024866,22.224935439615823,26.022370640095073
2019-02-01,Mymensingh,2017,27.03,28.3,27.283855433470624,26.213923607253818,26.655806,26.97994797951897,27.16110214051153,27.238893641985076,27.01244971291491,25.38512772818793,29.18258313875332
2019-03-01,Mymensingh,2017,29.85,28.06,30.44876118413346,30.143493308135252,30.363104,30.618633496654997,30.309337766307106,30.40379939264791,30.154405760558486,28.55003298753832,32.347489380728604
2019-04-01,Mymensingh,2017,31.69,30.39,31.769986766005655,32.230093564309286,32.538277,31.986065189963735,31.632323367938334,31.725024974520107,31.50274844906388,29.87125852542752,33.66871500658379
2019-05-01,Mymensingh,2017,32.45,32.72,32.147022174456545,32.40374936592512,31.414944,31.851437188822437,32.01204106822206,32.12105698117001,31.947955453168557,30.24829393106242,34.04575041785067
2019-06-01,Mymensingh,2017,32.35,31.89,31.875197820106226,31.694213807885696,31.166546,31.6804634582202,31.733670654721262,31.84923262681969,31.684774575896295,29.976469576496612,33.77392606371584
2019-07-01,Mymensingh,2017,32.51,31.65,31.635201582448587,31.467937858094366,31.330893,31.278877255782284,31.50402122216765,31.60923638916205,31.40303177734417,29.736473338824126,33.53392982607305
2019-08-01,Mymensingh,2017,33.58,32.15,31.93387868794203,31.90263664141481,31.462759,31.69090294966819,31.821923100017774,31.907913494655492,31.67393629059131,30.035150444318322,33.83260693156574
2019-09-01,Mymensingh,2017,32.42,32.39,31.940137644701107,31.903082978728627,31.57285,31.65470969973952,31.841509305029124,31.91417245141457,31.640069279188708,30.041409401101454,33.83886588830076
2019-10-01,Mymensingh,2017,31.16,31.48,31.638302666081653,31.796823431788763,31.51796,31.65612841549616,31.553488062825206,31.612337472795115,31.333203915320574,29.73957442285893,33.53703090930438
2019-11-01,Mymensingh,2017,30.03,29.88,29.488840967978955,29.961825891496375,29.334393,29.779037954765624,29.389086982228942,29.462875774692417,29.13861392782254,27.590112728966805,31.387569206991106
2019-12-01,Mymensingh,2017,24.48,26.82,25.798359358871732,26.55740872197003,25.979445,26.314952810789876,25.683132244674475,25.772394165585194,25.502059149221633,23.899631206460576,27.697087511282888
2020-01-01,Mymensingh,2017,23.46,25.93,24.137439284685733,23.95392760257917,24.183264,24.22990546075028,24.002051475953376,24.111474091399195,23.837304993218446,22.2295237623947,26.045354806976768
2020-02-01,Mymensingh,2017,26.39,28.3,27.281678589164933,26.148819000003304,26.54752,26.95974237963981,27.139305487925434,27.236716797679385,27.002946856033297,25.373160164029574,29.190197014300292
2020-03-01,Mymensingh,2017,30.31,28.06,30.472060418022952,30.222040602552603,30.384977,30.591502422469155,30.32733744028664,30.427098626537404,30.184542219231272,28.563512684327964,32.380608151717944
2020-04-01,Mymensingh,2017,31.46,30.39,31.78285208176185,32.242004924271654,32.125664,32.02134050796641,31.63625846756661,31.7378902902763,31.50214442191409,29.87430172433828,33.69140243918542
2020-05-01,Mymensingh,2017,32.01,32.72,32.14218115467126,32.383642101988805,31.638288,31.930695107570013,31.99420249972867,32.116215961384725,31.906352490461053,30.23363062926474,34.05073168007778
2020-06-01,Mymensingh,2017,32.61,31.89,31.875210080752343,31.6670706790459,31.226913,31.7521390107146,31.727897007936075,31.849244887465805,31.65381474691858,29.966659542490603,33.78376061901408
2020-07-01,Mymensingh,2017,32.06,31.65,31.63518700084371,31.418449430547636,31.226776,31.29786753757221,31.49651766262179,31.609221807557173,31.380945765918376,29.72663646168897,33.54373753999845
2020-08-01,Mymensingh,2017,33.08,32.15,31.93206934832765,31.909144947367295,31.482197,31.746912843648524,31.811506873167776,31.906104155041113,31.63605194898579,30.023518809109426,33.84061988754588
2020-09-01,Mymensingh,2017,32.16,32.39,31.93625106964852,31.88067411632926,31.535912,31.73388931077608,31.833614958914854,31.910285876361982,31.621685385790453,30.02770053045008,33.84480160884696
2020-10-01,Mymensingh,2017,32.87,31.48,31.639815222911203,31.80208113327682,31.521868,31.710453471637656,31.544810838947875,31.613850029624665,31.320046210467172,29.73126468409411,33.54836576172829
2020-11-01,Mymensingh,2017,30.12,29.88,29.485474934080003,29.93926198487593,29.197853,29.798598469296937,29.38035801353956,29.459509740793465,29.159367506121892,27.576924399526504,31.3940254686335
2020-12-01,Mymensingh,2017,24.78,26.82,25.789395493085365,26.51495723770245,26.114141,26.288987754261928,25.666964515364146,25.763430299798827,25.480259503528032,23.880845046223836,27.697945939946894
2021-01-01,Mymensingh,2020,23.69,23.46,23.96506096552204,23.830589244616412,24.806526,22.891276739840812,23.885362953220714,23.994054460330712,23.73791134195442,22.138527111981244,25.791594819062833
2021-02-01,Mymensingh,2020,28.38,26.39,27.219190719494794,26.78024221953527,27.264486,26.29360704650039,27.040473740088167,27.169125224421,26.990252737552026,25.335096953422497,29.10328448556709
2021-03-01,Mymensingh,2020,31.84,30.31,30.422523639575086,30.557632767777793,30.955984,30.463739829028075,30.50905016903534,30.350248000994764,30.30568230376679,28.536368266561713,32.30867901258846
2021-04-01,Mymensingh,2020,33.71,31.46,31.6176300988308,31.991622079871938,32.281662,32.61884591569447,31.578691403771128,31.568467032980067,31.66116146899475,29.731301332576912,33.50395886508469
2021-05-01,Mymensingh,2020,33.1,32.01,32.04721969385939,32.22810504447421,32.188534,32.551852925620075,32.03249817150837,32.037837688078454,31.846492713249503,30.160881527469396,33.93355786024938
2021-06-01,Mymensingh,2020,32.1,32.61,32.010377367623754,31.86780110479382,31.564737,32.57367320512035,32.05273539578462,32.00099536184282,31.989359580638993,30.124038566370754,33.89671616887676
2021-07-01,Mymensingh,2020,32.55,32.06,31.843292908264242,31.687295482225384,31.873518,31.65099817173934,31.85047747775069,31.833910902483307,31.916944742385947,29.956954068708345,33.72963174782014
2021-08-01,Mymensingh,2020,32.18,33.08,32.23064212073282,32.07058055017627,31.746517,32.34326040156179,32.321313897967734,32.22126011495188,32.38423105000034,30.3443032787303,34.11698096273533
2021-09-01,Mymensingh,2020,33.65,32.16,32.100679584376195,32.03508137324933,31.779236,32.794655964502624,32.13233507055468,32.06689522468267,32.03244141374239,30.21434074222574,33.987018426526646
2021-10-01,Mymensingh,2020,33.11,32.87,31.549023279558952,31.790292051286208,31.584116,32.238653758873326,31.539902943732663,31.539641273778017,31.14816893239047,29.662684437470556,33.435362121647344
2021-11-01,Mymensingh,2020,29.83,30.12,29.55151805357382,29.618035247675735,29.657806,30.06062530693328,29.49398980651511,29.571800310922118,29.27607318636603,27.665179212335868,31.43785689481177
2021-12-01,Mymensingh,2020,26.23,24.78,25.657839001232713,25.63216834242635,25.238369,25.718676523986396,25.490352488680102,25.633161843830674,25.29324934608339,23.771500183380006,27.54417781908542
2022-01-01,Mymensingh,2020,24.23,23.46,24.14688927202394,23.774441529778297,23.825876,23.33767412847472,24.011458617986044,24.137507266243006,23.922169605639375,22.260434935043477,26.033343609004405
2022-02-01,Mymensingh,2020,25.03,26.39,27.17909499178795,26.731124001921284,26.977638,26.45886580900609,27.01146541685819,27.129931925937214,26.912700732769338,25.292633236192483,29.065556747383415
2022-03-01,Mymensingh,2020,32.04,30.31,30.424808693067973,30.67488595878279,30.687681,30.754280416754206,30.270582106124177,30.37564562721724,30.106950983383594,28.53834666749252,32.31127071864343
2022-04-01,Mymensingh,2020,32.03,31.46,31.605699291256496,32.25241086022474,31.932943,32.37710285146514,31.45224765793042,31.55653622540576,31.353141315179744,29.719237242960716,33.492161339552275
2022-05-01,Mymensingh,2020,31.89,32.01,32.04525457853054,32.25814137327781,31.667524,32.39882891214697,31.91127975673412,32.035872572749604,31.881806931126107,30.158792529002966,33.93171662805811
2022-06-01,Mymensingh,2020,31.02,32.61,32.07184297320504,31.720218834500553,31.523188,32.03475411458757,31.968938250198836,32.0624609674241,31.91933351837259,30.185380923594273,33.9583050228158
2022-07-01,Mymensingh,2020,33.22,32.06,31.866137580523752,31.61058346920834,31.541645,31.598961785213167,31.78252969325748,31.856755574742817,31.71739444067345,29.979675530907983,33.75259963013952
2022-08-01,Mymensingh,2020,33.36,33.08,32.31703232324955,32.05790645144481,31.576937,32.028879363427144,32.25547140510014,32.307650317468614,32.04460398443471,30.43057027363367,34.20349437286543
2022-09-01,Mymensingh,2020,32.38,32.16,32.10766309854642,31.981770697306494,31.623589,32.22977158055862,32.04712570004978,32.09828109276548,31.854487821918397,30.22120104893366,33.99412514815918
2022-10-01,Mymensingh,2020,31.98,32.87,31.682799750473425,31.68247192043365,31.614975,31.995990450404644,31.603136645228705,31.67341774469249,31.356777411928995,29.79633770091861,33.56926180002824
2022-11-01,Mymensingh,2020,30.43,30.12,29.60966902886955,29.505080073077295,29.521456,29.962615684556273,29.505356880438747,29.600287023088615,29.27942445183692,27.72320698000327,31.496131077735832
2022-12-01,Mymensingh,2020,26.41,24.78,25.570636079090992,25.802392199584684,25.37944,25.892684724162713,25.428437798549847,25.561254073310057,25.217146319948597,23.68417404914456,27.457098109037425
2023-01-01,Mymensingh,2020,24.36,23.46,24.129634670694212,23.829654392722833,24.173122,23.678024839161253,23.966833423155006,24.120252664913277,23.84198200902312,22.232349075325928,26.026920266062497
2023-02-01,Mymensingh,2020,27.86,26.39,27.184143517835093,26.746062016353935,26.811125,26.62692263135961,27.006639525264173,27.134980451984358,26.8775701025653,25.286167087019958,29.082119948650227
2023-03-01,Mymensingh,2020,29.83,30.31,30.425597992265455,30.713318041687955,30.608274,30.67374592096734,30.248683554869043,30.37643492641472,30.143322134479007,28.52759642516414,32.32359955936677
2023-04-01,Mymensingh,2020,34.07,31.46,31.607917269253765,32.26244044197461,32.147457,32.258581469638976,31.44150236182241,31.55875420340303,31.327219231715176,29.709913586805243,33.50592095170229
2023-05-01,Mymensingh,2020,33.45,32.01,32.04647101462548,32.24799075974915,31.585873,32.066746335796196,31.8996621762096,32.037089008844546,31.791462741187654,30.148467217492538,33.944474811758425
2023-06-01,Mymensingh,2020,32.83,32.61,32.066684687395245,31.70489722308539,31.27447,31.921228569670618,31.945533949262135,32.05730268161431,31.856336372789915,30.168680882516767,33.96468849227372
2023-07-01,Mymensingh,2020,33.57,32.06,31.864860658574436,31.587987043187347,31.415003,31.452718870177698,31.768055087144074,31.8554786527935,31.624407306553444,29.966856853228663,33.76286446392021
2023-08-01,Mymensingh,2020,32.65,33.08,32.309369141206524,32.06984574095366,31.626951,31.871438325402224,32.23125974334779,32.29998713542559,32.028900250042746,30.411365335831114,34.207372946581934
2023-09-01,Mymensingh,2020,33.47,32.16,32.10798020658369,31.969956969137307,31.576231,32.02857869725981,32.03619611294565,32.098598200802755,31.805681342451013,30.20997640120962,34.005984011957764
2023-10-01,Mymensingh,2020,31.56,32.87,31.670374297448078,31.65643109039335,31.586752,31.85398078833738,31.586817718666836,31.660992291667142,31.34273382176429,29.772370492132783,33.568378102763376
2023-11-01,Mymensingh,2020,30.66,30.12,29.604843859965207,29.47461685613868,29.295977,29.84587659754831,29.495389590349937,29.595461854184272,29.277898179568023,27.706840055349705,31.50284766458071
2023-12-01,Mymensingh,2020,26.42,24.78,25.58041882659877,25.827815376919176,25.693142,25.961778266779945,25.438837507008994,25.571036820817834,25.25151214974007,23.68241504121273,27.478422611984808
